station,valid,lon,lat,elevation,tmpf,dwpf,relh,sknt,alti
TUL,2026-01-01 05:53,-95.8881,36.1984,206.00,47.00,28.00,47.34,6.00,30.03
TUL,2026-01-01 06:53,-95.8881,36.1984,206.00,51.00,28.00,40.76,3.00,30.01
TUL,2026-01-01 07:53,-95.8881,36.1984,206.00,50.00,29.00,44.08,4.00,30.00
TUL,2026-01-01 08:53,-95.8881,36.1984,206.00,45.00,29.00,53.20,4.00,29.99
TUL,2026-01-01 09:53,-95.8881,36.1984,206.00,46.00,28.00,49.16,3.00,30.00
TUL,2026-01-01 10:53,-95.8881,36.1984,206.00,41.00,28.00,59.53,0.00,29.98
TUL,2026-01-01 11:53,-95.8881,36.1984,206.00,41.00,28.00,59.53,0.00,29.99
TUL,2026-01-01 12:53,-95.8881,36.1984,206.00,36.00,27.00,69.49,0.00,29.99
TUL,2026-01-01 13:53,-95.8881,36.1984,206.00,36.00,27.00,69.49,0.00,29.99
TUL,2026-01-01 14:53,-95.8881,36.1984,206.00,42.00,32.00,67.41,0.00,30.00
TUL,2026-01-01 15:53,-95.8881,36.1984,206.00,46.00,31.00,55.56,5.00,30.01
TUL,2026-01-01 16:53,-95.8881,36.1984,206.00,50.00,32.00,49.79,0.00,30.00
TUL,2026-01-01 17:53,-95.8881,36.1984,206.00,54.00,31.00,41.26,0.00,29.96
TUL,2026-01-01 18:53,-95.8881,36.1984,206.00,57.00,31.00,37.00,0.00,29.92
TUL,2026-01-01 19:53,-95.8881,36.1984,206.00,61.00,32.00,33.40,5.00,29.88
TUL,2026-01-01 20:53,-95.8881,36.1984,206.00,61.00,32.00,33.40,6.00,29.87
TUL,2026-01-01 21:53,-95.8881,36.1984,206.00,61.00,33.00,34.77,5.00,29.86
TUL,2026-01-01 22:53,-95.8881,36.1984,206.00,59.00,33.00,37.33,3.00,29.84
TUL,2026-01-01 23:53,-95.8881,36.1984,206.00,52.00,35.00,52.14,5.00,29.83
TUL,2026-01-02 00:53,-95.8881,36.1984,206.00,53.00,36.00,52.30,3.00,29.83
TUL,2026-01-02 01:53,-95.8881,36.1984,206.00,53.00,36.00,52.30,4.00,29.84
TUL,2026-01-02 02:53,-95.8881,36.1984,206.00,54.00,37.00,52.45,6.00,29.83
TUL,2026-01-02 03:53,-95.8881,36.1984,206.00,55.00,37.00,50.57,6.00,29.82
TUL,2026-01-02 04:53,-95.8881,36.1984,206.00,54.00,37.00,52.45,3.00,29.81
TUL,2026-01-02 05:53,-95.8881,36.1984,206.00,52.00,38.00,58.71,0.00,29.80
TUL,2026-01-02 06:53,-95.8881,36.1984,206.00,50.00,38.00,63.22,5.00,29.77
TUL,2026-01-02 07:53,-95.8881,36.1984,206.00,52.00,38.00,58.71,3.00,29.75
TUL,2026-01-02 08:53,-95.8881,36.1984,206.00,53.00,38.00,56.59,4.00,29.74
TUL,2026-01-02 09:53,-95.8881,36.1984,206.00,52.00,39.00,61.05,5.00,29.73
TUL,2026-01-02 10:53,-95.8881,36.1984,206.00,53.00,39.00,58.85,6.00,29.72
TUL,2026-01-02 11:53,-95.8881,36.1984,206.00,51.00,43.00,73.96,7.00,29.73
TUL,2026-01-02 12:53,-95.8881,36.1984,206.00,49.00,45.00,86.00,5.00,29.74
TUL,2026-01-02 13:53,-95.8881,36.1984,206.00,49.00,43.00,79.68,8.00,29.76
TUL,2026-01-02 14:53,-95.8881,36.1984,206.00,50.00,43.00,76.76,0.00,29.76
TUL,2026-01-02 15:53,-95.8881,36.1984,206.00,50.00,43.00,76.76,7.00,29.79
TUL,2026-01-02 16:53,-95.8881,36.1984,206.00,52.00,41.00,65.99,8.00,29.80
TUL,2026-01-02 17:53,-95.8881,36.1984,206.00,53.00,40.00,61.19,9.00,29.78
TUL,2026-01-02 18:53,-95.8881,36.1984,206.00,56.00,40.00,54.85,9.00,29.76
TUL,2026-01-02 19:53,-95.8881,36.1984,206.00,57.00,39.00,50.88,8.00,29.74
TUL,2026-01-02 20:53,-95.8881,36.1984,206.00,58.00,39.00,49.08,6.00,29.74
TUL,2026-01-02 21:53,-95.8881,36.1984,206.00,58.00,39.00,49.08,8.00,29.75
TUL,2026-01-02 22:53,-95.8881,36.1984,206.00,55.00,38.00,52.60,8.00,29.76
TUL,2026-01-02 23:53,-95.8881,36.1984,206.00,51.00,38.00,60.92,13.00,29.79
TUL,2026-01-03 00:53,-95.8881,36.1984,206.00,47.00,36.00,65.37,14.00,29.82
TUL,2026-01-03 01:53,-95.8881,36.1984,206.00,43.00,35.00,73.15,9.00,29.86
TUL,2026-01-03 02:53,-95.8881,36.1984,206.00,40.00,34.00,78.93,8.00,29.87
TUL,2026-01-03 03:53,-95.8881,36.1984,206.00,40.00,34.00,78.93,7.00,29.88
TUL,2026-01-03 04:53,-95.8881,36.1984,206.00,40.00,34.00,78.93,7.00,29.88
TUL,2026-01-03 05:53,-95.8881,36.1984,206.00,39.00,34.00,82.07,10.00,29.90
TUL,2026-01-03 06:53,-95.8881,36.1984,206.00,38.00,33.00,81.99,13.00,29.91
TUL,2026-01-03 07:53,-95.8881,36.1984,206.00,38.00,32.00,78.76,12.00,29.93
TUL,2026-01-03 08:53,-95.8881,36.1984,206.00,37.00,32.00,81.92,11.00,29.96
TUL,2026-01-03 09:53,-95.8881,36.1984,206.00,36.00,32.00,85.22,8.00,29.97
TUL,2026-01-03 10:53,-95.8881,36.1984,206.00,36.00,31.00,81.84,10.00,29.98
TUL,2026-01-03 11:53,-95.8881,36.1984,206.00,36.00,30.00,78.58,11.00,30.01
TUL,2026-01-03 12:53,-95.8881,36.1984,206.00,35.00,29.00,78.50,13.00,30.03
TUL,2026-01-03 13:53,-95.8881,36.1984,206.00,34.00,28.00,78.41,11.00,30.07
TUL,2026-01-03 14:53,-95.8881,36.1984,206.00,34.00,28.00,78.41,9.00,30.09
TUL,2026-01-03 15:53,-95.8881,36.1984,206.00,37.00,28.00,69.60,10.00,30.12
TUL,2026-01-03 16:53,-95.8881,36.1984,206.00,40.00,28.00,61.89,11.00,30.13
TUL,2026-01-03 17:53,-95.8881,36.1984,206.00,43.00,29.00,57.42,12.00,30.13
TUL,2026-01-03 18:53,-95.8881,36.1984,206.00,45.00,29.00,53.20,10.00,30.11
TUL,2026-01-03 19:53,-95.8881,36.1984,206.00,46.00,29.00,51.22,10.00,30.09
TUL,2026-01-03 20:53,-95.8881,36.1984,206.00,48.00,29.00,47.50,6.00,30.07
TUL,2026-01-03 21:53,-95.8881,36.1984,206.00,47.00,29.00,49.32,6.00,30.08
TUL,2026-01-03 22:53,-95.8881,36.1984,206.00,45.00,29.00,53.20,5.00,30.08
TUL,2026-01-03 23:53,-95.8881,36.1984,206.00,44.00,28.00,53.04,4.00,30.09
TUL,2026-01-04 00:53,-95.8881,36.1984,206.00,40.00,28.00,61.89,3.00,30.11
TUL,2026-01-04 01:53,-95.8881,36.1984,206.00,37.00,28.00,69.60,3.00,30.14
TUL,2026-01-04 02:53,-95.8881,36.1984,206.00,36.00,28.00,72.41,3.00,30.14
TUL,2026-01-04 03:53,-95.8881,36.1984,206.00,36.00,28.00,72.41,0.00,30.15
TUL,2026-01-04 04:53,-95.8881,36.1984,206.00,34.00,27.00,75.25,0.00,30.15
TUL,2026-01-04 05:53,-95.8881,36.1984,206.00,33.00,27.00,78.32,3.00,30.13
TUL,2026-01-04 06:53,-95.8881,36.1984,206.00,34.00,28.00,78.41,3.00,30.12
TUL,2026-01-04 07:53,-95.8881,36.1984,206.00,29.00,25.00,84.78,4.00,30.13
TUL,2026-01-04 08:53,-95.8881,36.1984,206.00,33.00,29.00,85.03,3.00,30.14
TUL,2026-01-04 09:53,-95.8881,36.1984,206.00,31.00,28.00,88.48,0.00,30.14
TUL,2026-01-04 10:53,-95.8881,36.1984,206.00,30.00,27.00,88.43,0.00,30.14
TUL,2026-01-04 11:53,-95.8881,36.1984,206.00,30.00,26.00,84.84,0.00,30.14
TUL,2026-01-04 12:53,-95.8881,36.1984,206.00,31.00,29.00,92.18,3.00,30.13
TUL,2026-01-04 13:53,-95.8881,36.1984,206.00,30.00,28.00,92.14,5.00,30.15
TUL,2026-01-04 14:53,-95.8881,36.1984,206.00,36.00,32.00,85.22,6.00,30.15
TUL,2026-01-04 15:53,-95.8881,36.1984,206.00,39.00,34.00,82.07,9.00,30.13
TUL,2026-01-04 16:53,-95.8881,36.1984,206.00,42.00,35.00,76.02,11.00,30.13
TUL,2026-01-04 17:53,-95.8881,36.1984,206.00,47.00,37.00,68.01,8.00,30.08
TUL,2026-01-04 18:53,-95.8881,36.1984,206.00,49.00,38.00,65.62,12.00,30.02
TUL,2026-01-04 19:53,-95.8881,36.1984,206.00,51.00,39.00,63.35,12.00,30.00
TUL,2026-01-04 20:53,-95.8881,36.1984,206.00,52.00,39.00,61.05,12.00,29.99
TUL,2026-01-04 21:53,-95.8881,36.1984,206.00,53.00,41.00,63.61,10.00,30.00
TUL,2026-01-04 22:53,-95.8881,36.1984,206.00,53.00,41.00,63.61,10.00,29.98
TUL,2026-01-04 23:53,-95.8881,36.1984,206.00,51.00,42.00,71.17,9.00,29.97
TUL,2026-01-05 00:53,-95.8881,36.1984,206.00,51.00,42.00,71.17,11.00,29.95
TUL,2026-01-05 01:53,-95.8881,36.1984,206.00,50.00,42.00,73.86,13.00,29.94
TUL,2026-01-05 02:53,-95.8881,36.1984,206.00,49.00,42.00,76.67,15.00,29.94
TUL,2026-01-05 03:53,-95.8881,36.1984,206.00,48.00,43.00,82.72,14.00,29.93
TUL,2026-01-05 04:53,-95.8881,36.1984,206.00,47.00,43.00,85.89,11.00,29.95
TUL,2026-01-05 05:53,-95.8881,36.1984,206.00,47.00,42.00,82.65,11.00,29.93
TUL,2026-01-05 06:53,-95.8881,36.1984,206.00,45.00,42.00,89.15,8.00,29.92
TUL,2026-01-05 07:53,-95.8881,36.1984,206.00,44.00,41.00,89.10,7.00,29.91
TUL,2026-01-05 08:53,-95.8881,36.1984,206.00,44.00,42.00,92.61,10.00,29.90
TUL,2026-01-05 09:53,-95.8881,36.1984,206.00,45.00,42.00,89.15,12.00,29.88
TUL,2026-01-05 10:53,-95.8881,36.1984,206.00,44.00,42.00,92.61,10.00,29.86
TUL,2026-01-05 11:53,-95.8881,36.1984,206.00,44.00,42.00,92.61,10.00,29.84
TUL,2026-01-05 12:53,-95.8881,36.1984,206.00,44.00,42.00,92.61,9.00,29.84
TUL,2026-01-05 13:53,-95.8881,36.1984,206.00,46.00,43.00,89.19,12.00,29.83
TUL,2026-01-05 14:53,-95.8881,36.1984,206.00,49.00,45.00,86.00,14.00,29.82
TUL,2026-01-05 15:53,-95.8881,36.1984,206.00,52.00,46.00,79.92,14.00,29.83
TUL,2026-01-05 16:53,-95.8881,36.1984,206.00,57.00,47.00,69.16,18.00,29.80
TUL,2026-01-05 17:53,-95.8881,36.1984,206.00,62.00,47.00,57.87,15.00,29.77
TUL,2026-01-05 18:53,-95.8881,36.1984,206.00,66.00,47.00,50.31,16.00,29.73
TUL,2026-01-05 19:53,-95.8881,36.1984,206.00,68.00,47.00,46.96,18.00,29.69
TUL,2026-01-05 20:53,-95.8881,36.1984,206.00,69.00,48.00,47.11,13.00,29.67
TUL,2026-01-05 21:53,-95.8881,36.1984,206.00,66.00,49.00,54.23,18.00,29.67
TUL,2026-01-05 22:53,-95.8881,36.1984,206.00,61.00,50.00,67.08,20.00,29.69
TUL,2026-01-05 23:53,-95.8881,36.1984,206.00,59.00,50.00,72.02,11.00,29.72
TUL,2026-01-06 00:53,-95.8881,36.1984,206.00,58.00,51.00,77.47,14.00,29.73
TUL,2026-01-06 01:53,-95.8881,36.1984,206.00,57.00,52.00,83.34,8.00,29.74
TUL,2026-01-06 02:53,-95.8881,36.1984,206.00,56.00,52.00,86.40,10.00,29.74
TUL,2026-01-06 03:53,-95.8881,36.1984,206.00,56.00,53.00,89.64,13.00,29.75
TUL,2026-01-06 04:53,-95.8881,36.1984,206.00,55.00,53.00,92.95,6.00,29.75
TUL,2026-01-06 05:53,-95.8881,36.1984,206.00,49.00,48.00,96.32,0.00,29.77
TUL,2026-01-06 06:53,-95.8881,36.1984,206.00,50.00,49.00,96.34,3.00,29.76
TUL,2026-01-06 07:53,-95.8881,36.1984,206.00,50.00,49.00,96.34,3.00,29.76
TUL,2026-01-06 08:53,-95.8881,36.1984,206.00,46.00,46.00,100.00,0.00,29.77
TUL,2026-01-06 09:53,-95.8881,36.1984,206.00,42.00,42.00,100.00,0.00,29.78
TUL,2026-01-06 10:53,-95.8881,36.1984,206.00,42.00,42.00,100.00,0.00,29.79
TUL,2026-01-06 11:53,-95.8881,36.1984,206.00,43.00,43.00,100.00,0.00,29.80
TUL,2026-01-06 12:53,-95.8881,36.1984,206.00,42.00,42.00,100.00,3.00,29.84
TUL,2026-01-06 13:53,-95.8881,36.1984,206.00,40.00,40.00,100.00,0.00,29.85
TUL,2026-01-06 14:53,-95.8881,36.1984,206.00,45.00,44.00,96.26,0.00,29.87
TUL,2026-01-06 15:53,-95.8881,36.1984,206.00,52.00,46.00,79.92,4.00,29.90
TUL,2026-01-06 16:53,-95.8881,36.1984,206.00,60.00,43.00,53.35,6.00,29.91
TUL,2026-01-06 17:53,-95.8881,36.1984,206.00,65.00,41.00,41.42,5.00,29.89
TUL,2026-01-06 18:53,-95.8881,36.1984,206.00,68.00,40.00,35.92,6.00,29.86
TUL,2026-01-06 19:53,-95.8881,36.1984,206.00,71.00,39.00,31.18,3.00,29.85
TUL,2026-01-06 20:53,-95.8881,36.1984,206.00,72.00,37.00,27.86,6.00,29.86
TUL,2026-01-06 21:53,-95.8881,36.1984,206.00,72.00,34.00,24.74,9.00,29.86
TUL,2026-01-06 22:53,-95.8881,36.1984,206.00,67.00,35.00,30.53,8.00,29.88
TUL,2026-01-06 23:53,-95.8881,36.1984,206.00,60.00,35.00,39.03,5.00,29.90
TUL,2026-01-07 00:53,-95.8881,36.1984,206.00,59.00,35.00,40.44,6.00,29.92
TUL,2026-01-07 01:53,-95.8881,36.1984,206.00,59.00,34.00,38.86,5.00,29.92
TUL,2026-01-07 02:53,-95.8881,36.1984,206.00,52.00,33.00,48.14,0.00,29.93
TUL,2026-01-07 03:53,-95.8881,36.1984,206.00,52.00,33.00,48.14,0.00,29.94
TUL,2026-01-07 04:53,-95.8881,36.1984,206.00,46.00,34.00,62.69,3.00,29.94
TUL,2026-01-07 05:53,-95.8881,36.1984,206.00,46.00,34.00,62.69,0.00,29.94
TUL,2026-01-07 06:53,-95.8881,36.1984,206.00,43.00,34.00,70.29,0.00,29.94
TUL,2026-01-07 07:53,-95.8881,36.1984,206.00,40.00,33.00,75.83,0.00,29.95
TUL,2026-01-07 08:53,-95.8881,36.1984,206.00,40.00,33.00,75.83,3.00,29.95
TUL,2026-01-07 09:53,-95.8881,36.1984,206.00,37.00,32.00,81.92,0.00,29.94
TUL,2026-01-07 10:53,-95.8881,36.1984,206.00,39.00,33.00,78.84,0.00,29.94
TUL,2026-01-07 11:53,-95.8881,36.1984,206.00,37.00,31.00,78.67,3.00,29.93
TUL,2026-01-07 12:53,-95.8881,36.1984,206.00,39.00,32.00,75.73,3.00,29.93
TUL,2026-01-07 13:53,-95.8881,36.1984,206.00,39.00,32.00,75.73,0.00,29.93
TUL,2026-01-07 14:53,-95.8881,36.1984,206.00,42.00,35.00,76.02,3.00,29.93
TUL,2026-01-07 15:53,-95.8881,36.1984,206.00,51.00,37.00,58.57,5.00,29.94
TUL,2026-01-07 16:53,-95.8881,36.1984,206.00,56.00,38.00,50.72,4.00,29.92
TUL,2026-01-07 17:53,-95.8881,36.1984,206.00,60.00,38.00,43.94,11.00,29.89
TUL,2026-01-07 18:53,-95.8881,36.1984,206.00,65.00,39.00,38.32,12.00,29.86
TUL,2026-01-07 19:53,-95.8881,36.1984,206.00,68.00,39.00,34.54,10.00,29.81
TUL,2026-01-07 20:53,-95.8881,36.1984,206.00,68.00,39.00,34.54,14.00,29.80
TUL,2026-01-07 21:53,-95.8881,36.1984,206.00,69.00,40.00,34.70,14.00,29.78
TUL,2026-01-07 22:53,-95.8881,36.1984,206.00,67.00,40.00,37.17,10.00,29.77
TUL,2026-01-07 23:53,-95.8881,36.1984,206.00,64.00,40.00,41.26,8.00,29.76
TUL,2026-01-08 00:53,-95.8881,36.1984,206.00,61.00,42.00,49.55,7.00,29.77
TUL,2026-01-08 01:53,-95.8881,36.1984,206.00,62.00,41.00,46.01,8.00,29.76
TUL,2026-01-08 02:53,-95.8881,36.1984,206.00,61.00,41.00,47.67,6.00,29.77
TUL,2026-01-08 03:53,-95.8881,36.1984,206.00,61.00,42.00,49.55,9.00,29.75
TUL,2026-01-08 04:53,-95.8881,36.1984,206.00,60.00,42.00,51.34,9.00,29.73
TUL,2026-01-08 05:53,-95.8881,36.1984,206.00,60.00,43.00,53.35,5.00,29.73
TUL,2026-01-08 06:53,-95.8881,36.1984,206.00,58.00,45.00,61.85,8.00,29.70
TUL,2026-01-08 07:53,-95.8881,36.1984,206.00,63.00,50.00,62.51,15.00,29.68
TUL,2026-01-08 08:53,-95.8881,36.1984,206.00,62.00,52.00,69.72,14.00,29.69
TUL,2026-01-08 09:53,-95.8881,36.1984,206.00,61.00,55.00,80.62,12.00,29.65
TUL,2026-01-08 10:53,-95.8881,36.1984,206.00,62.00,58.00,86.73,15.00,29.62
TUL,2026-01-08 11:53,-95.8881,36.1984,206.00,63.00,60.00,89.94,13.00,29.60
TUL,2026-01-08 12:53,-95.8881,36.1984,206.00,64.00,60.00,86.84,13.00,29.56
TUL,2026-01-08 13:53,-95.8881,36.1984,206.00,65.00,61.00,86.89,15.00,29.52
TUL,2026-01-08 14:53,-95.8881,36.1984,206.00,66.00,61.00,83.93,20.00,29.53
TUL,2026-01-08 15:53,-95.8881,36.1984,206.00,63.00,61.00,93.19,9.00,29.54
TUL,2026-01-08 16:53,-95.8881,36.1984,206.00,65.00,57.00,75.32,12.00,29.53
TUL,2026-01-08 17:53,-95.8881,36.1984,206.00,67.00,56.00,67.78,16.00,29.50
TUL,2026-01-08 18:53,-95.8881,36.1984,206.00,69.00,52.00,54.67,16.00,29.47
TUL,2026-01-08 19:53,-95.8881,36.1984,206.00,70.00,50.00,49.06,14.00,29.45
TUL,2026-01-08 20:53,-95.8881,36.1984,206.00,72.00,50.00,45.84,9.00,29.45
TUL,2026-01-08 21:53,-95.8881,36.1984,206.00,72.00,48.00,42.54,18.00,29.48
TUL,2026-01-08 22:53,-95.8881,36.1984,206.00,71.00,45.00,39.29,18.00,29.52
TUL,2026-01-08 23:53,-95.8881,36.1984,206.00,69.00,45.00,42.06,8.00,29.56
TUL,2026-01-09 00:53,-95.8881,36.1984,206.00,67.00,44.00,43.37,7.00,29.60
TUL,2026-01-09 01:53,-95.8881,36.1984,206.00,56.00,44.00,63.99,22.00,29.70
TUL,2026-01-09 02:53,-95.8881,36.1984,206.00,51.00,43.00,73.96,12.00,29.76
TUL,2026-01-09 03:53,-95.8881,36.1984,206.00,50.00,42.00,73.86,14.00,29.81
TUL,2026-01-09 04:53,-95.8881,36.1984,206.00,47.00,40.00,76.49,6.00,29.85
TUL,2026-01-09 05:53,-95.8881,36.1984,206.00,48.00,40.00,73.66,10.00,29.87
TUL,2026-01-09 06:53,-95.8881,36.1984,206.00,45.00,38.00,76.30,6.00,29.89
TUL,2026-01-09 07:53,-95.8881,36.1984,206.00,43.00,37.00,79.18,5.00,29.91
TUL,2026-01-09 08:53,-95.8881,36.1984,206.00,43.00,37.00,79.18,0.00,29.94
TUL,2026-01-09 09:53,-95.8881,36.1984,206.00,41.00,37.00,85.53,5.00,29.96
TUL,2026-01-09 10:53,-95.8881,36.1984,206.00,40.00,36.00,85.47,3.00,29.97
TUL,2026-01-09 11:53,-95.8881,36.1984,206.00,38.00,35.00,88.82,4.00,30.00
TUL,2026-01-09 12:53,-95.8881,36.1984,206.00,38.00,36.00,92.42,5.00,30.02
TUL,2026-01-09 13:53,-95.8881,36.1984,206.00,40.00,37.00,88.91,3.00,30.04
TUL,2026-01-09 14:53,-95.8881,36.1984,206.00,43.00,38.00,82.36,4.00,30.06
TUL,2026-01-09 15:53,-95.8881,36.1984,206.00,46.00,39.00,76.39,8.00,30.08
TUL,2026-01-09 16:53,-95.8881,36.1984,206.00,48.00,39.00,70.85,10.00,30.08
TUL,2026-01-09 17:53,-95.8881,36.1984,206.00,50.00,40.00,68.36,7.00,30.07
TUL,2026-01-09 18:53,-95.8881,36.1984,206.00,51.00,40.00,65.87,5.00,30.05
TUL,2026-01-09 19:53,-95.8881,36.1984,206.00,54.00,40.00,58.99,4.00,30.02
TUL,2026-01-09 20:53,-95.8881,36.1984,206.00,55.00,40.00,56.87,4.00,30.00
TUL,2026-01-09 21:53,-95.8881,36.1984,206.00,56.00,41.00,57.02,4.00,30.01
TUL,2026-01-09 22:53,-95.8881,36.1984,206.00,54.00,41.00,61.32,6.00,30.01
TUL,2026-01-09 23:53,-95.8881,36.1984,206.00,52.00,41.00,65.99,9.00,30.03
TUL,2026-01-10 00:53,-95.8881,36.1984,206.00,50.00,41.00,71.06,14.00,30.08
TUL,2026-01-10 01:53,-95.8881,36.1984,206.00,48.00,40.00,73.66,11.00,30.12
TUL,2026-01-10 02:53,-95.8881,36.1984,206.00,46.00,39.00,76.39,10.00,30.13
TUL,2026-01-10 03:53,-95.8881,36.1984,206.00,45.00,39.00,79.35,8.00,30.13
TUL,2026-01-10 04:53,-95.8881,36.1984,206.00,44.00,39.00,82.43,7.00,30.15
TUL,2026-01-10 05:53,-95.8881,36.1984,206.00,41.00,38.00,88.96,8.00,30.16
TUL,2026-01-10 06:53,-95.8881,36.1984,206.00,43.00,38.00,82.36,11.00,30.18
TUL,2026-01-10 07:53,-95.8881,36.1984,206.00,42.00,35.00,76.02,18.00,30.21
TUL,2026-01-10 08:53,-95.8881,36.1984,206.00,41.00,34.00,75.92,18.00,30.25
TUL,2026-01-10 09:53,-95.8881,36.1984,206.00,40.00,33.00,75.83,16.00,30.26
TUL,2026-01-10 10:53,-95.8881,36.1984,206.00,40.00,31.00,69.95,15.00,30.28
TUL,2026-01-10 11:53,-95.8881,36.1984,206.00,38.00,30.00,72.62,12.00,30.29
TUL,2026-01-10 12:53,-95.8881,36.1984,206.00,36.00,30.00,78.58,11.00,30.33
TUL,2026-01-10 13:53,-95.8881,36.1984,206.00,35.00,29.00,78.50,8.00,30.36
TUL,2026-01-10 14:53,-95.8881,36.1984,206.00,38.00,30.00,72.62,12.00,30.38
TUL,2026-01-10 15:53,-95.8881,36.1984,206.00,40.00,30.00,67.16,13.00,30.40
TUL,2026-01-10 16:53,-95.8881,36.1984,206.00,44.00,29.00,55.26,12.00,30.41
TUL,2026-01-10 17:53,-95.8881,36.1984,206.00,48.00,22.00,35.50,14.00,30.40
TUL,2026-01-10 18:53,-95.8881,36.1984,206.00,50.00,15.00,24.39,17.00,30.38
TUL,2026-01-10 19:53,-95.8881,36.1984,206.00,51.00,13.00,21.53,16.00,30.37
TUL,2026-01-10 20:53,-95.8881,36.1984,206.00,52.00,16.00,23.66,12.00,30.37
TUL,2026-01-10 21:53,-95.8881,36.1984,206.00,52.00,16.00,23.66,11.00,30.37
TUL,2026-01-10 22:53,-95.8881,36.1984,206.00,50.00,19.00,29.00,11.00,30.38
TUL,2026-01-10 23:53,-95.8881,36.1984,206.00,46.00,19.00,33.69,7.00,30.37
TUL,2026-01-11 00:53,-95.8881,36.1984,206.00,43.00,20.00,39.43,7.00,30.38
TUL,2026-01-11 01:53,-95.8881,36.1984,206.00,41.00,21.00,44.44,9.00,30.38
TUL,2026-01-11 02:53,-95.8881,36.1984,206.00,45.00,21.00,38.11,10.00,30.39
TUL,2026-01-11 03:53,-95.8881,36.1984,206.00,43.00,22.00,42.92,8.00,30.39
TUL,2026-01-11 04:53,-95.8881,36.1984,206.00,44.00,22.00,41.31,10.00,30.39
TUL,2026-01-11 05:53,-95.8881,36.1984,206.00,43.00,21.00,41.14,10.00,30.38
TUL,2026-01-11 06:53,-95.8881,36.1984,206.00,41.00,22.00,46.36,12.00,30.41
TUL,2026-01-11 07:53,-95.8881,36.1984,206.00,37.00,24.00,58.96,8.00,30.43
TUL,2026-01-11 08:53,-95.8881,36.1984,206.00,34.00,25.00,69.26,7.00,30.46
TUL,2026-01-11 09:53,-95.8881,36.1984,206.00,34.00,26.00,72.20,8.00,30.49
TUL,2026-01-11 10:53,-95.8881,36.1984,206.00,30.00,24.00,78.06,6.00,30.50
TUL,2026-01-11 11:53,-95.8881,36.1984,206.00,30.00,25.00,81.39,6.00,30.54
TUL,2026-01-11 12:53,-95.8881,36.1984,206.00,30.00,24.00,78.06,7.00,30.57
TUL,2026-01-11 13:53,-95.8881,36.1984,206.00,30.00,22.00,71.76,3.00,30.59
TUL,2026-01-11 14:53,-95.8881,36.1984,206.00,33.00,24.00,69.14,5.00,30.61
TUL,2026-01-11 15:53,-95.8881,36.1984,206.00,36.00,19.00,49.63,7.00,30.64
TUL,2026-01-11 16:53,-95.8881,36.1984,206.00,39.00,17.00,40.47,6.00,30.65
TUL,2026-01-11 17:53,-95.8881,36.1984,206.00,40.00,14.00,34.15,0.00,30.64
TUL,2026-01-11 18:53,-95.8881,36.1984,206.00,42.00,9.00,25.31,0.00,30.60
TUL,2026-01-11 19:53,-95.8881,36.1984,206.00,43.00,10.00,25.47,4.00,30.57
TUL,2026-01-11 20:53,-95.8881,36.1984,206.00,45.00,10.00,23.60,0.00,30.56
TUL,2026-01-11 21:53,-95.8881,36.1984,206.00,46.00,10.00,22.72,0.00,30.55
TUL,2026-01-11 22:53,-95.8881,36.1984,206.00,45.00,11.00,24.68,0.00,30.54
TUL,2026-01-11 23:53,-95.8881,36.1984,206.00,43.00,10.00,25.47,0.00,30.54
TUL,2026-01-12 00:53,-95.8881,36.1984,206.00,37.00,15.00,40.13,4.00,30.53
TUL,2026-01-12 01:53,-95.8881,36.1984,206.00,38.00,17.00,42.08,4.00,30.52
TUL,2026-01-12 02:53,-95.8881,36.1984,206.00,39.00,16.00,38.75,7.00,30.50
TUL,2026-01-12 03:53,-95.8881,36.1984,206.00,35.00,17.00,47.38,6.00,30.49
TUL,2026-01-12 04:53,-95.8881,36.1984,206.00,37.00,13.00,36.75,6.00,30.47
TUL,2026-01-12 05:53,-95.8881,36.1984,206.00,38.00,11.00,32.34,8.00,30.45
TUL,2026-01-12 08:53,-95.8881,36.1984,206.00,36.00,15.00,41.74,5.00,30.41
TUL,2026-01-12 09:53,-95.8881,36.1984,206.00,33.00,17.00,51.32,3.00,30.41
TUL,2026-01-12 10:53,-95.8881,36.1984,206.00,32.00,18.00,55.79,6.00,30.40
TUL,2026-01-12 11:53,-95.8881,36.1984,206.00,35.00,19.00,51.64,7.00,30.38
TUL,2026-01-12 12:53,-95.8881,36.1984,206.00,35.00,20.00,53.90,5.00,30.38
TUL,2026-01-12 13:53,-95.8881,36.1984,206.00,35.00,21.00,56.24,6.00,30.38
TUL,2026-01-12 14:53,-95.8881,36.1984,206.00,40.00,24.00,52.43,6.00,30.38
TUL,2026-01-12 15:53,-95.8881,36.1984,206.00,45.00,25.00,45.10,9.00,30.37
TUL,2026-01-12 16:53,-95.8881,36.1984,206.00,50.00,27.00,40.60,11.00,30.35
TUL,2026-01-12 17:53,-95.8881,36.1984,206.00,55.00,28.00,35.20,8.00,30.32
TUL,2026-01-12 18:53,-95.8881,36.1984,206.00,59.00,29.00,31.75,9.00,30.27
TUL,2026-01-12 19:53,-95.8881,36.1984,206.00,63.00,27.00,25.38,11.00,30.24
TUL,2026-01-12 20:53,-95.8881,36.1984,206.00,66.00,27.00,22.85,8.00,30.23
TUL,2026-01-12 21:53,-95.8881,36.1984,206.00,67.00,25.00,20.32,7.00,30.21
TUL,2026-01-12 22:53,-95.8881,36.1984,206.00,67.00,24.00,19.49,8.00,30.22
TUL,2026-01-12 23:53,-95.8881,36.1984,206.00,62.00,25.00,24.19,5.00,30.22
TUL,2026-01-13 00:53,-95.8881,36.1984,206.00,55.00,26.00,32.41,7.00,30.21
TUL,2026-01-13 01:53,-95.8881,36.1984,206.00,52.00,28.00,39.29,8.00,30.21
TUL,2026-01-13 04:53,-95.8881,36.1984,206.00,53.00,25.00,33.45,11.00,30.20
TUL,2026-01-13 05:53,-95.8881,36.1984,206.00,48.00,26.00,41.98,7.00,30.19
TUL,2026-01-13 06:53,-95.8881,36.1984,206.00,48.00,26.00,41.98,7.00,30.16
TUL,2026-01-13 07:53,-95.8881,36.1984,206.00,48.00,25.00,40.27,6.00,30.15
TUL,2026-01-13 08:53,-95.8881,36.1984,206.00,46.00,25.00,43.42,4.00,30.16
TUL,2026-01-13 09:53,-95.8881,36.1984,206.00,46.00,25.00,43.42,9.00,30.15
TUL,2026-01-13 10:53,-95.8881,36.1984,206.00,44.00,25.00,46.85,7.00,30.13
TUL,2026-01-13 11:53,-95.8881,36.1984,206.00,44.00,24.00,44.93,4.00,30.11
TUL,2026-01-13 12:53,-95.8881,36.1984,206.00,43.00,25.00,48.68,6.00,30.10
TUL,2026-01-13 13:53,-95.8881,36.1984,206.00,45.00,24.00,43.25,3.00,30.10
TUL,2026-01-13 14:53,-95.8881,36.1984,206.00,50.00,24.00,35.84,4.00,30.10
TUL,2026-01-13 15:53,-95.8881,36.1984,206.00,54.00,23.00,29.65,8.00,30.09
TUL,2026-01-13 16:53,-95.8881,36.1984,206.00,57.00,24.00,27.73,7.00,30.06
TUL,2026-01-13 17:53,-95.8881,36.1984,206.00,62.00,26.00,25.22,6.00,30.03
TUL,2026-01-13 18:53,-95.8881,36.1984,206.00,68.00,25.00,19.63,5.00,29.97
TUL,2026-01-13 19:53,-95.8881,36.1984,206.00,71.00,25.00,17.72,8.00,29.94
TUL,2026-01-13 20:53,-95.8881,36.1984,206.00,73.00,26.00,17.27,9.00,29.89
TUL,2026-01-13 21:53,-95.8881,36.1984,206.00,72.00,23.00,15.75,11.00,29.89
TUL,2026-01-13 22:53,-95.8881,36.1984,206.00,70.00,24.00,17.58,12.00,29.87
TUL,2026-01-13 23:53,-95.8881,36.1984,206.00,66.00,25.00,21.04,7.00,29.88
TUL,2026-01-14 00:53,-95.8881,36.1984,206.00,64.00,24.00,21.63,4.00,29.87
TUL,2026-01-14 01:53,-95.8881,36.1984,206.00,58.00,26.00,29.08,0.00,29.89
TUL,2026-01-14 02:53,-95.8881,36.1984,206.00,56.00,27.00,32.57,3.00,29.91
TUL,2026-01-14 03:53,-95.8881,36.1984,206.00,55.00,32.00,41.43,5.00,29.92
TUL,2026-01-14 04:53,-95.8881,36.1984,206.00,55.00,35.00,46.72,8.00,29.93
TUL,2026-01-14 05:53,-95.8881,36.1984,206.00,54.00,37.00,52.45,9.00,29.93
TUL,2026-01-14 06:53,-95.8881,36.1984,206.00,53.00,38.00,56.59,6.00,29.94
TUL,2026-01-14 07:53,-95.8881,36.1984,206.00,51.00,38.00,60.92,3.00,29.95
TUL,2026-01-14 08:53,-95.8881,36.1984,206.00,53.00,39.00,58.85,14.00,29.97
TUL,2026-01-14 09:53,-95.8881,36.1984,206.00,50.00,39.00,65.75,11.00,29.98
TUL,2026-01-14 10:53,-95.8881,36.1984,206.00,48.00,38.00,68.12,14.00,30.00
TUL,2026-01-14 11:53,-95.8881,36.1984,206.00,47.00,38.00,70.74,12.00,30.03
TUL,2026-01-14 12:53,-95.8881,36.1984,206.00,46.00,37.00,70.62,11.00,30.06
TUL,2026-01-14 13:53,-95.8881,36.1984,206.00,45.00,37.00,73.36,13.00,30.08
TUL,2026-01-14 14:53,-95.8881,36.1984,206.00,46.00,36.00,67.89,20.00,30.12
TUL,2026-01-14 15:53,-95.8881,36.1984,206.00,48.00,33.00,55.86,22.00,30.15
TUL,2026-01-14 16:53,-95.8881,36.1984,206.00,48.00,27.00,43.75,20.00,30.19
TUL,2026-01-14 17:53,-95.8881,36.1984,206.00,49.00,27.00,42.14,23.00,30.18
TUL,2026-01-14 18:53,-95.8881,36.1984,206.00,50.00,25.00,37.37,25.00,30.17
TUL,2026-01-14 19:53,-95.8881,36.1984,206.00,51.00,25.00,36.01,18.00,30.16
TUL,2026-01-14 20:53,-95.8881,36.1984,206.00,51.00,27.00,39.12,21.00,30.17
TUL,2026-01-14 21:53,-95.8881,36.1984,206.00,48.00,26.00,41.98,20.00,30.18
TUL,2026-01-14 22:53,-95.8881,36.1984,206.00,48.00,24.00,38.62,14.00,30.18
TUL,2026-01-14 23:53,-95.8881,36.1984,206.00,44.00,23.00,43.09,13.00,30.21
TUL,2026-01-15 00:53,-95.8881,36.1984,206.00,41.00,17.00,37.44,10.00,30.24
TUL,2026-01-15 01:53,-95.8881,36.1984,206.00,35.00,17.00,47.38,9.00,30.26
TUL,2026-01-15 02:53,-95.8881,36.1984,206.00,35.00,14.00,41.57,10.00,30.26
TUL,2026-01-15 03:53,-95.8881,36.1984,206.00,32.00,15.00,48.98,8.00,30.27
TUL,2026-01-15 04:53,-95.8881,36.1984,206.00,29.00,15.00,55.33,6.00,30.28
TUL,2026-01-15 05:53,-95.8881,36.1984,206.00,29.00,15.00,55.33,4.00,30.27
TUL,2026-01-15 06:53,-95.8881,36.1984,206.00,29.00,14.00,52.96,4.00,30.25
TUL,2026-01-15 07:53,-95.8881,36.1984,206.00,29.00,14.00,52.96,4.00,30.25
TUL,2026-01-15 08:53,-95.8881,36.1984,206.00,28.00,15.00,57.65,3.00,30.26
TUL,2026-01-15 09:53,-95.8881,36.1984,206.00,28.00,15.00,57.65,4.00,30.23
TUL,2026-01-15 10:53,-95.8881,36.1984,206.00,23.00,15.00,70.97,3.00,30.22
TUL,2026-01-15 11:53,-95.8881,36.1984,206.00,24.00,15.00,68.05,5.00,30.22
TUL,2026-01-15 12:53,-95.8881,36.1984,206.00,25.00,15.00,65.27,0.00,30.21
TUL,2026-01-15 13:53,-95.8881,36.1984,206.00,26.00,16.00,65.40,0.00,30.20
TUL,2026-01-15 14:53,-95.8881,36.1984,206.00,29.00,19.00,65.79,0.00,30.20
TUL,2026-01-15 15:53,-95.8881,36.1984,206.00,34.00,18.00,51.48,6.00,30.19
TUL,2026-01-15 16:53,-95.8881,36.1984,206.00,37.00,16.00,41.91,9.00,30.16
TUL,2026-01-15 17:53,-95.8881,36.1984,206.00,40.00,17.00,38.92,9.00,30.09
TUL,2026-01-15 18:53,-95.8881,36.1984,206.00,44.00,18.00,34.83,11.00,30.02
TUL,2026-01-15 19:53,-95.8881,36.1984,206.00,47.00,21.00,35.33,11.00,29.94
TUL,2026-01-15 20:53,-95.8881,36.1984,206.00,50.00,23.00,34.37,10.00,29.90
TUL,2026-01-15 21:53,-95.8881,36.1984,206.00,51.00,23.00,33.11,10.00,29.87
TUL,2026-01-15 22:53,-95.8881,36.1984,206.00,51.00,24.00,34.53,10.00,29.84
TUL,2026-01-15 23:53,-95.8881,36.1984,206.00,50.00,25.00,37.37,12.00,29.83
TUL,2026-01-16 00:53,-95.8881,36.1984,206.00,48.00,25.00,40.27,10.00,29.83
TUL,2026-01-16 01:53,-95.8881,36.1984,206.00,46.00,26.00,45.26,11.00,29.80
TUL,2026-01-16 02:53,-95.8881,36.1984,206.00,46.00,27.00,47.17,12.00,29.78
TUL,2026-01-16 03:53,-95.8881,36.1984,206.00,45.00,28.00,51.06,11.00,29.77
TUL,2026-01-16 04:53,-95.8881,36.1984,206.00,46.00,29.00,51.22,9.00,29.76
TUL,2026-01-16 05:53,-95.8881,36.1984,206.00,45.00,30.00,55.41,8.00,29.74
TUL,2026-01-16 06:53,-95.8881,36.1984,206.00,44.00,29.00,55.26,6.00,29.75
TUL,2026-01-16 07:53,-95.8881,36.1984,206.00,41.00,29.00,62.02,5.00,29.75
TUL,2026-01-16 08:53,-95.8881,36.1984,206.00,41.00,30.00,64.61,6.00,29.74
TUL,2026-01-16 09:53,-95.8881,36.1984,206.00,35.00,29.00,78.50,7.00,29.82
TUL,2026-01-16 10:53,-95.8881,36.1984,206.00,42.00,30.00,62.16,15.00,29.86
TUL,2026-01-16 11:53,-95.8881,36.1984,206.00,38.00,29.00,69.72,10.00,29.89
TUL,2026-01-16 12:53,-95.8881,36.1984,206.00,37.00,30.00,75.54,8.00,29.92
TUL,2026-01-16 13:53,-95.8881,36.1984,206.00,39.00,32.00,75.73,8.00,29.96
TUL,2026-01-16 14:53,-95.8881,36.1984,206.00,43.00,32.00,64.86,10.00,29.97
TUL,2026-01-16 15:53,-95.8881,36.1984,206.00,45.00,30.00,55.41,15.00,29.99
TUL,2026-01-16 16:53,-95.8881,36.1984,206.00,47.00,27.00,45.43,15.00,30.00
TUL,2026-01-16 17:53,-95.8881,36.1984,206.00,47.00,21.00,35.33,12.00,29.98
TUL,2026-01-16 18:53,-95.8881,36.1984,206.00,51.00,20.00,29.16,16.00,29.97
TUL,2026-01-16 19:53,-95.8881,36.1984,206.00,52.00,18.00,25.80,16.00,29.94
TUL,2026-01-16 20:53,-95.8881,36.1984,206.00,52.00,18.00,25.80,18.00,29.95
TUL,2026-01-16 21:53,-95.8881,36.1984,206.00,50.00,18.00,27.78,12.00,29.95
TUL,2026-01-16 22:53,-95.8881,36.1984,206.00,49.00,18.00,28.83,16.00,29.96
TUL,2026-01-16 23:53,-95.8881,36.1984,206.00,46.00,19.00,33.69,13.00,30.00
TUL,2026-01-17 00:53,-95.8881,36.1984,206.00,43.00,22.00,42.92,9.00,30.03
TUL,2026-01-17 01:53,-95.8881,36.1984,206.00,41.00,21.00,44.44,7.00,30.05
TUL,2026-01-17 02:53,-95.8881,36.1984,206.00,38.00,24.00,56.69,7.00,30.08
TUL,2026-01-17 03:53,-95.8881,36.1984,206.00,34.00,31.00,88.62,12.00,30.13
TUL,2026-01-17 04:53,-95.8881,36.1984,206.00,33.00,30.00,88.57,6.00,30.14
TUL,2026-01-17 05:53,-95.8881,36.1984,206.00,33.00,28.00,81.62,3.00,30.14
TUL,2026-01-17 06:53,-95.8881,36.1984,206.00,33.00,27.00,78.32,9.00,30.15
TUL,2026-01-17 07:53,-95.8881,36.1984,206.00,32.00,16.00,51.17,21.00,30.20
TUL,2026-01-17 08:53,-95.8881,36.1984,206.00,29.00,12.00,48.49,15.00,30.22
TUL,2026-01-17 09:53,-95.8881,36.1984,206.00,27.00,10.00,48.16,10.00,30.23
TUL,2026-01-17 10:53,-95.8881,36.1984,206.00,23.00,10.00,56.90,4.00,30.24
TUL,2026-01-17 11:53,-95.8881,36.1984,206.00,26.00,9.00,48.00,0.00,30.25
TUL,2026-01-17 12:53,-95.8881,36.1984,206.00,25.00,10.00,52.33,4.00,30.24
TUL,2026-01-17 13:53,-95.8881,36.1984,206.00,24.00,11.00,57.05,5.00,30.26
TUL,2026-01-17 14:53,-95.8881,36.1984,206.00,28.00,12.00,50.52,7.00,30.28
TUL,2026-01-17 15:53,-95.8881,36.1984,206.00,31.00,12.00,44.70,13.00,30.30
TUL,2026-01-17 16:53,-95.8881,36.1984,206.00,35.00,12.00,38.07,12.00,30.30
TUL,2026-01-17 17:53,-95.8881,36.1984,206.00,40.00,9.00,27.35,16.00,30.28
TUL,2026-01-17 18:53,-95.8881,36.1984,206.00,40.00,10.00,28.60,21.00,30.27
TUL,2026-01-17 19:53,-95.8881,36.1984,206.00,40.00,12.00,31.27,18.00,30.27
TUL,2026-01-17 20:53,-95.8881,36.1984,206.00,35.00,13.00,39.79,15.00,30.31
TUL,2026-01-17 21:53,-95.8881,36.1984,206.00,32.00,9.00,37.55,20.00,30.35
TUL,2026-01-17 22:53,-95.8881,36.1984,206.00,28.00,6.00,38.58,15.00,30.38
TUL,2026-01-17 23:53,-95.8881,36.1984,206.00,23.00,3.00,41.38,17.00,30.41
TUL,2026-01-18 00:53,-95.8881,36.1984,206.00,20.00,2.00,44.86,11.00,30.44
TUL,2026-01-18 01:53,-95.8881,36.1984,206.00,19.00,2.00,46.82,10.00,30.44
TUL,2026-01-18 02:53,-95.8881,36.1984,206.00,17.00,3.00,53.46,7.00,30.44
TUL,2026-01-18 03:53,-95.8881,36.1984,206.00,16.00,2.00,53.29,5.00,30.44
TUL,2026-01-18 04:53,-95.8881,36.1984,206.00,16.00,2.00,53.29,4.00,30.43
TUL,2026-01-18 05:53,-95.8881,36.1984,206.00,15.00,2.00,55.67,4.00,30.41
TUL,2026-01-18 06:53,-95.8881,36.1984,206.00,16.00,2.00,53.29,4.00,30.38
TUL,2026-01-18 07:53,-95.8881,36.1984,206.00,14.00,3.00,60.92,6.00,30.37
TUL,2026-01-18 08:53,-95.8881,36.1984,206.00,16.00,2.00,53.29,3.00,30.35
TUL,2026-01-18 09:53,-95.8881,36.1984,206.00,16.00,4.00,58.46,0.00,30.32
TUL,2026-01-18 10:53,-95.8881,36.1984,206.00,16.00,5.00,61.21,4.00,30.29
TUL,2026-01-18 11:53,-95.8881,36.1984,206.00,16.00,4.00,58.46,5.00,30.25
TUL,2026-01-18 12:53,-95.8881,36.1984,206.00,16.00,3.00,55.82,8.00,30.23
TUL,2026-01-18 13:53,-95.8881,36.1984,206.00,18.00,4.00,53.61,8.00,30.22
TUL,2026-01-18 14:53,-95.8881,36.1984,206.00,21.00,5.00,49.38,9.00,30.19
TUL,2026-01-18 15:53,-95.8881,36.1984,206.00,24.00,6.00,45.54,10.00,30.16
TUL,2026-01-18 16:53,-95.8881,36.1984,206.00,30.00,7.00,37.20,8.00,30.16
TUL,2026-01-18 17:53,-95.8881,36.1984,206.00,34.00,8.00,33.13,11.00,30.13
TUL,2026-01-18 18:53,-95.8881,36.1984,206.00,42.00,11.00,27.68,10.00,30.10
TUL,2026-01-18 19:53,-95.8881,36.1984,206.00,44.00,12.00,26.80,4.00,30.08
TUL,2026-01-18 20:53,-95.8881,36.1984,206.00,47.00,15.00,27.29,5.00,30.06
TUL,2026-01-18 21:53,-95.8881,36.1984,206.00,49.00,18.00,28.83,9.00,30.08
TUL,2026-01-18 22:53,-95.8881,36.1984,206.00,49.00,21.00,32.78,6.00,30.09
TUL,2026-01-18 23:53,-95.8881,36.1984,206.00,43.00,21.00,41.14,0.00,30.10
TUL,2026-01-19 00:53,-95.8881,36.1984,206.00,39.00,22.00,50.11,4.00,30.11
TUL,2026-01-19 01:53,-95.8881,36.1984,206.00,36.00,21.00,54.05,4.00,30.13
TUL,2026-01-19 02:53,-95.8881,36.1984,206.00,37.00,22.00,54.21,3.00,30.14
TUL,2026-01-19 03:53,-95.8881,36.1984,206.00,37.00,21.00,51.96,0.00,30.16
TUL,2026-01-19 04:53,-95.8881,36.1984,206.00,36.00,21.00,54.05,0.00,30.20
TUL,2026-01-19 05:53,-95.8881,36.1984,206.00,31.00,21.00,66.04,0.00,30.23
TUL,2026-01-19 06:53,-95.8881,36.1984,206.00,32.00,22.00,66.17,3.00,30.24
TUL,2026-01-19 07:53,-95.8881,36.1984,206.00,33.00,23.00,66.30,0.00,30.26
TUL,2026-01-19 08:53,-95.8881,36.1984,206.00,34.00,25.00,69.26,8.00,30.30
TUL,2026-01-19 09:53,-95.8881,36.1984,206.00,34.00,23.00,63.69,15.00,30.32
TUL,2026-01-19 10:53,-95.8881,36.1984,206.00,33.00,19.00,55.94,15.00,30.35
TUL,2026-01-19 11:53,-95.8881,36.1984,206.00,31.00,18.00,58.09,14.00,30.39
TUL,2026-01-19 12:53,-95.8881,36.1984,206.00,29.00,13.00,50.68,11.00,30.42
TUL,2026-01-19 13:53,-95.8881,36.1984,206.00,27.00,10.00,48.16,15.00,30.46
TUL,2026-01-19 14:53,-95.8881,36.1984,206.00,27.00,10.00,48.16,11.00,30.49
TUL,2026-01-19 15:53,-95.8881,36.1984,206.00,27.00,9.00,46.05,13.00,30.53
TUL,2026-01-19 16:53,-95.8881,36.1984,206.00,28.00,9.00,44.19,9.00,30.55
TUL,2026-01-19 17:53,-95.8881,36.1984,206.00,29.00,9.00,42.42,11.00,30.54
TUL,2026-01-19 18:53,-95.8881,36.1984,206.00,28.00,8.00,42.25,10.00,30.52
TUL,2026-01-19 19:53,-95.8881,36.1984,206.00,31.00,8.00,37.38,7.00,30.48
TUL,2026-01-19 20:53,-95.8881,36.1984,206.00,30.00,6.00,35.55,5.00,30.46
TUL,2026-01-19 21:53,-95.8881,36.1984,206.00,30.00,4.00,32.44,7.00,30.44
TUL,2026-01-19 22:53,-95.8881,36.1984,206.00,29.00,6.00,37.03,5.00,30.43
TUL,2026-01-19 23:53,-95.8881,36.1984,206.00,26.00,5.00,40.03,4.00,30.43
TUL,2026-01-20 00:53,-95.8881,36.1984,206.00,27.00,4.00,36.68,0.00,30.44
TUL,2026-01-20 01:53,-95.8881,36.1984,206.00,23.00,6.00,47.50,0.00,30.46
TUL,2026-01-20 02:53,-95.8881,36.1984,206.00,24.00,6.00,45.54,4.00,30.47
TUL,2026-01-20 03:53,-95.8881,36.1984,206.00,25.00,6.00,43.68,0.00,30.48
TUL,2026-01-20 04:53,-95.8881,36.1984,206.00,23.00,8.00,52.01,4.00,30.48
TUL,2026-01-20 05:53,-95.8881,36.1984,206.00,23.00,7.00,49.71,3.00,30.48
TUL,2026-01-20 06:53,-95.8881,36.1984,206.00,21.00,9.00,59.20,0.00,30.46
TUL,2026-01-20 07:53,-95.8881,36.1984,206.00,21.00,11.00,64.74,6.00,30.44
TUL,2026-01-20 08:53,-95.8881,36.1984,206.00,21.00,11.00,64.74,5.00,30.43
TUL,2026-01-20 09:53,-95.8881,36.1984,206.00,22.00,11.00,62.06,8.00,30.41
TUL,2026-01-20 10:53,-95.8881,36.1984,206.00,21.00,9.00,59.20,0.00,30.40
TUL,2026-01-20 11:53,-95.8881,36.1984,206.00,20.00,10.00,64.61,3.00,30.39
TUL,2026-01-20 12:53,-95.8881,36.1984,206.00,22.00,9.00,56.75,9.00,30.40
TUL,2026-01-20 13:53,-95.8881,36.1984,206.00,22.00,10.00,59.35,6.00,30.42
TUL,2026-01-20 14:53,-95.8881,36.1984,206.00,26.00,11.00,52.49,8.00,30.42
TUL,2026-01-20 15:53,-95.8881,36.1984,206.00,32.00,12.00,42.93,6.00,30.41
TUL,2026-01-20 16:53,-95.8881,36.1984,206.00,36.00,12.00,36.58,8.00,30.39
TUL,2026-01-20 17:53,-95.8881,36.1984,206.00,40.00,12.00,31.27,9.00,30.35
TUL,2026-01-20 18:53,-95.8881,36.1984,206.00,43.00,14.00,30.41,8.00,30.30
TUL,2026-01-20 19:53,-95.8881,36.1984,206.00,46.00,15.00,28.34,13.00,30.24
TUL,2026-01-20 20:53,-95.8881,36.1984,206.00,49.00,17.00,27.61,12.00,30.20
TUL,2026-01-20 21:53,-95.8881,36.1984,206.00,50.00,20.00,30.26,16.00,30.17
TUL,2026-01-20 22:53,-95.8881,36.1984,206.00,49.00,21.00,32.78,12.00,30.14
TUL,2026-01-20 23:53,-95.8881,36.1984,206.00,46.00,20.00,35.17,9.00,30.11
TUL,2026-01-21 00:53,-95.8881,36.1984,206.00,44.00,21.00,39.59,9.00,30.11
TUL,2026-01-21 01:53,-95.8881,36.1984,206.00,44.00,22.00,41.31,11.00,30.11
TUL,2026-01-21 02:53,-95.8881,36.1984,206.00,43.00,22.00,42.92,9.00,30.10
TUL,2026-01-21 03:53,-95.8881,36.1984,206.00,42.00,23.00,46.52,13.00,30.11
TUL,2026-01-21 04:53,-95.8881,36.1984,206.00,41.00,23.00,48.36,9.00,30.11
TUL,2026-01-21 05:53,-95.8881,36.1984,206.00,43.00,26.00,50.75,5.00,30.10
TUL,2026-01-21 06:53,-95.8881,36.1984,206.00,45.00,28.00,51.06,4.00,30.11
TUL,2026-01-21 07:53,-95.8881,36.1984,206.00,43.00,28.00,55.11,3.00,30.11
TUL,2026-01-21 08:53,-95.8881,36.1984,206.00,44.00,32.00,62.43,8.00,30.10
TUL,2026-01-21 09:53,-95.8881,36.1984,206.00,46.00,34.00,62.69,9.00,30.09
TUL,2026-01-21 10:53,-95.8881,36.1984,206.00,39.00,31.00,72.73,6.00,30.12
TUL,2026-01-21 11:53,-95.8881,36.1984,206.00,39.00,28.00,64.35,0.00,30.13
TUL,2026-01-21 12:53,-95.8881,36.1984,206.00,32.00,26.00,78.23,5.00,30.16
TUL,2026-01-21 13:53,-95.8881,36.1984,206.00,33.00,26.00,75.15,8.00,30.18
TUL,2026-01-21 14:53,-95.8881,36.1984,206.00,37.00,24.00,58.96,11.00,30.20
TUL,2026-01-21 15:53,-95.8881,36.1984,206.00,40.00,23.00,50.27,15.00,30.24
TUL,2026-01-21 16:53,-95.8881,36.1984,206.00,44.00,22.00,41.31,12.00,30.25
TUL,2026-01-21 17:53,-95.8881,36.1984,206.00,47.00,21.00,35.33,7.00,30.24
TUL,2026-01-21 18:53,-95.8881,36.1984,206.00,50.00,20.00,30.26,8.00,30.21
TUL,2026-01-21 19:53,-95.8881,36.1984,206.00,52.00,18.00,25.80,9.00,30.18
TUL,2026-01-21 20:53,-95.8881,36.1984,206.00,52.00,18.00,25.80,8.00,30.18
TUL,2026-01-21 21:53,-95.8881,36.1984,206.00,53.00,18.00,24.86,4.00,30.18
TUL,2026-01-21 22:53,-95.8881,36.1984,206.00,52.00,18.00,25.80,4.00,30.18
TUL,2026-01-21 23:53,-95.8881,36.1984,206.00,49.00,17.00,27.61,0.00,30.20
TUL,2026-01-22 00:53,-95.8881,36.1984,206.00,41.00,18.00,39.09,3.00,30.22
TUL,2026-01-22 01:53,-95.8881,36.1984,206.00,39.00,18.00,42.25,0.00,30.24
TUL,2026-01-22 02:53,-95.8881,36.1984,206.00,33.00,19.00,55.94,3.00,30.26
TUL,2026-01-22 03:53,-95.8881,36.1984,206.00,35.00,20.00,53.90,4.00,30.27
TUL,2026-01-22 04:53,-95.8881,36.1984,206.00,32.00,19.00,58.24,3.00,30.28
TUL,2026-01-22 05:53,-95.8881,36.1984,206.00,32.00,20.00,60.78,0.00,30.28
TUL,2026-01-22 06:53,-95.8881,36.1984,206.00,29.00,20.00,68.66,0.00,30.27
TUL,2026-01-22 07:53,-95.8881,36.1984,206.00,26.00,21.00,81.07,9.00,30.28
TUL,2026-01-22 08:53,-95.8881,36.1984,206.00,29.00,19.00,65.79,0.00,30.28
TUL,2026-01-22 09:53,-95.8881,36.1984,206.00,25.00,18.00,74.34,3.00,30.27
TUL,2026-01-22 10:53,-95.8881,36.1984,206.00,27.00,19.00,71.42,0.00,30.25
TUL,2026-01-22 11:53,-95.8881,36.1984,206.00,23.00,18.00,80.83,4.00,30.24
TUL,2026-01-22 12:53,-95.8881,36.1984,206.00,25.00,19.00,77.60,3.00,30.25
TUL,2026-01-22 13:53,-95.8881,36.1984,206.00,26.00,20.00,77.69,4.00,30.26
TUL,2026-01-22 14:53,-95.8881,36.1984,206.00,30.00,22.00,71.76,0.00,30.25
TUL,2026-01-22 15:53,-95.8881,36.1984,206.00,37.00,23.00,56.54,3.00,30.26
TUL,2026-01-22 16:53,-95.8881,36.1984,206.00,45.00,24.00,43.25,0.00,30.26
TUL,2026-01-22 17:53,-95.8881,36.1984,206.00,52.00,21.00,29.33,8.00,30.23
TUL,2026-01-22 18:53,-95.8881,36.1984,206.00,55.00,19.00,24.13,8.00,30.18
TUL,2026-01-22 19:53,-95.8881,36.1984,206.00,54.00,20.00,26.11,8.00,30.16
TUL,2026-01-22 20:53,-95.8881,36.1984,206.00,55.00,17.00,22.13,7.00,30.13
TUL,2026-01-22 21:53,-95.8881,36.1984,206.00,54.00,18.00,23.97,7.00,30.11
TUL,2026-01-22 22:53,-95.8881,36.1984,206.00,53.00,20.00,27.09,6.00,30.13
TUL,2026-01-22 23:53,-95.8881,36.1984,206.00,51.00,20.00,29.16,3.00,30.13
TUL,2026-01-23 00:53,-95.8881,36.1984,206.00,48.00,22.00,35.50,3.00,30.14
TUL,2026-01-23 01:53,-95.8881,36.1984,206.00,47.00,21.00,35.33,3.00,30.16
TUL,2026-01-23 02:53,-95.8881,36.1984,206.00,44.00,22.00,41.31,4.00,30.17
TUL,2026-01-23 03:53,-95.8881,36.1984,206.00,43.00,21.00,41.14,5.00,30.18
TUL,2026-01-23 04:53,-95.8881,36.1984,206.00,39.00,21.00,48.03,4.00,30.20
TUL,2026-01-23 05:53,-95.8881,36.1984,206.00,29.00,23.00,77.97,5.00,30.22
TUL,2026-01-23 06:53,-95.8881,36.1984,206.00,31.00,22.00,68.90,8.00,30.23
TUL,2026-01-23 07:53,-95.8881,36.1984,206.00,33.00,18.00,53.59,7.00,30.25
TUL,2026-01-23 08:53,-95.8881,36.1984,206.00,33.00,16.00,49.15,10.00,30.27
TUL,2026-01-23 09:53,-95.8881,36.1984,206.00,34.00,13.00,41.40,15.00,30.28
TUL,2026-01-23 10:53,-95.8881,36.1984,206.00,31.00,14.00,48.82,12.00,30.30
TUL,2026-01-23 11:53,-95.8881,36.1984,206.00,30.00,13.00,48.66,17.00,30.35
TUL,2026-01-23 12:53,-95.8881,36.1984,206.00,28.00,12.00,50.52,15.00,30.40
TUL,2026-01-23 13:53,-95.8881,36.1984,206.00,27.00,8.00,44.02,21.00,30.43
TUL,2026-01-23 14:53,-95.8881,36.1984,206.00,26.00,3.00,36.51,16.00,30.46
TUL,2026-01-23 15:53,-95.8881,36.1984,206.00,25.00,2.00,36.33,15.00,30.49
TUL,2026-01-23 16:53,-95.8881,36.1984,206.00,26.00,0.00,31.75,15.00,30.50
TUL,2026-01-23 17:53,-95.8881,36.1984,206.00,26.00,0.00,31.75,17.00,30.50
TUL,2026-01-23 18:53,-95.8881,36.1984,206.00,28.00,-1.00,27.89,19.00,30.47
TUL,2026-01-23 19:53,-95.8881,36.1984,206.00,26.00,-2.00,28.89,16.00,30.44
TUL,2026-01-23 20:53,-95.8881,36.1984,206.00,24.00,-2.00,31.40,11.00,30.44
TUL,2026-01-23 21:53,-95.8881,36.1984,206.00,24.00,0.00,34.51,16.00,30.43
TUL,2026-01-23 22:53,-95.8881,36.1984,206.00,23.00,0.00,35.98,16.00,30.44
TUL,2026-01-23 23:53,-95.8881,36.1984,206.00,22.00,1.00,39.33,20.00,30.44
TUL,2026-01-24 00:53,-95.8881,36.1984,206.00,20.00,1.00,42.82,18.00,30.44
TUL,2026-01-24 01:53,-95.8881,36.1984,206.00,19.00,0.00,42.65,17.00,30.45
TUL,2026-01-24 02:53,-95.8881,36.1984,206.00,18.00,-1.00,42.47,14.00,30.46
TUL,2026-01-24 03:53,-95.8881,36.1984,206.00,15.00,5.00,63.93,15.00,30.47
TUL,2026-01-24 04:53,-95.8881,36.1984,206.00,12.00,8.00,83.62,13.00,30.46
TUL,2026-01-24 05:53,-95.8881,36.1984,206.00,12.00,8.00,83.62,11.00,30.45
TUL,2026-01-24 06:53,-95.8881,36.1984,206.00,10.00,6.00,83.47,15.00,30.44
TUL,2026-01-24 07:53,-95.8881,36.1984,206.00,10.00,5.00,79.75,12.00,30.43
TUL,2026-01-24 08:53,-95.8881,36.1984,206.00,10.00,6.00,83.47,10.00,30.43
TUL,2026-01-24 09:53,-95.8881,36.1984,206.00,10.00,5.00,79.75,14.00,30.42
TUL,2026-01-24 10:53,-95.8881,36.1984,206.00,9.00,5.00,83.40,11.00,30.41
TUL,2026-01-24 11:53,-95.8881,36.1984,206.00,8.00,4.00,83.33,10.00,30.41
TUL,2026-01-24 12:53,-95.8881,36.1984,206.00,8.00,4.00,83.33,10.00,30.41
TUL,2026-01-24 13:53,-95.8881,36.1984,206.00,9.00,5.00,83.40,6.00,30.41
TUL,2026-01-24 14:53,-95.8881,36.1984,206.00,10.00,5.00,79.75,10.00,30.40
TUL,2026-01-24 15:53,-95.8881,36.1984,206.00,10.00,4.00,76.17,8.00,30.39
TUL,2026-01-24 16:53,-95.8881,36.1984,206.00,12.00,6.00,76.36,10.00,30.38
TUL,2026-01-24 17:53,-95.8881,36.1984,206.00,12.00,6.00,76.36,9.00,30.36
TUL,2026-01-24 18:53,-95.8881,36.1984,206.00,12.00,6.00,76.36,11.00,30.32
TUL,2026-01-24 19:53,-95.8881,36.1984,206.00,12.00,6.00,76.36,11.00,30.29
TUL,2026-01-24 20:53,-95.8881,36.1984,206.00,12.00,5.00,72.95,12.00,30.26
TUL,2026-01-24 21:53,-95.8881,36.1984,206.00,12.00,5.00,72.95,10.00,30.24
TUL,2026-01-24 22:53,-95.8881,36.1984,206.00,11.00,7.00,83.55,11.00,30.24
TUL,2026-01-24 23:53,-95.8881,36.1984,206.00,11.00,6.00,79.83,13.00,30.22
TUL,2026-01-25 00:53,-95.8881,36.1984,206.00,11.00,6.00,79.83,14.00,30.21
TUL,2026-01-25 01:53,-95.8881,36.1984,206.00,10.00,5.00,79.75,12.00,30.21
TUL,2026-01-25 02:53,-95.8881,36.1984,206.00,10.00,5.00,79.75,12.00,30.21
TUL,2026-01-25 03:53,-95.8881,36.1984,206.00,9.00,5.00,83.40,11.00,30.19
TUL,2026-01-25 04:53,-95.8881,36.1984,206.00,9.00,5.00,83.40,12.00,30.17
TUL,2026-01-25 05:53,-95.8881,36.1984,206.00,9.00,5.00,83.40,12.00,30.16
TUL,2026-01-25 06:53,-95.8881,36.1984,206.00,9.00,5.00,83.40,14.00,30.18
TUL,2026-01-25 07:53,-95.8881,36.1984,206.00,7.00,3.00,83.26,14.00,30.14
TUL,2026-01-25 08:53,-95.8881,36.1984,206.00,7.00,3.00,83.26,11.00,30.16
TUL,2026-01-25 09:53,-95.8881,36.1984,206.00,6.00,2.00,83.18,15.00,30.18
TUL,2026-01-25 10:53,-95.8881,36.1984,206.00,6.00,2.00,83.18,14.00,30.10
TUL,2026-01-25 11:53,-95.8881,36.1984,206.00,6.00,1.00,79.40,13.00,30.16
TUL,2026-01-25 12:53,-95.8881,36.1984,206.00,6.00,2.00,83.18,12.00,30.19
TUL,2026-01-25 13:53,-95.8881,36.1984,206.00,6.00,1.00,79.40,13.00,30.17
TUL,2026-01-25 14:53,-95.8881,36.1984,206.00,8.00,1.00,72.51,9.00,30.21
TUL,2026-01-25 15:53,-95.8881,36.1984,206.00,9.00,2.00,72.62,12.00,30.24
TUL,2026-01-25 16:53,-95.8881,36.1984,206.00,11.00,3.00,69.56,13.00,30.27
TUL,2026-01-25 17:53,-95.8881,36.1984,206.00,12.00,3.00,66.54,9.00,30.27
TUL,2026-01-25 18:53,-95.8881,36.1984,206.00,14.00,4.00,63.80,14.00,30.26
TUL,2026-01-25 19:53,-95.8881,36.1984,206.00,15.00,5.00,63.93,11.00,30.24
TUL,2026-01-25 20:53,-95.8881,36.1984,206.00,17.00,6.00,61.35,10.00,30.24
TUL,2026-01-25 21:53,-95.8881,36.1984,206.00,16.00,6.00,64.07,13.00,30.26
TUL,2026-01-25 22:53,-95.8881,36.1984,206.00,16.00,5.00,61.21,10.00,30.29
TUL,2026-01-25 23:53,-95.8881,36.1984,206.00,15.00,4.00,61.06,7.00,30.32
TUL,2026-01-26 00:53,-95.8881,36.1984,206.00,14.00,4.00,63.80,7.00,30.36
TUL,2026-01-26 01:53,-95.8881,36.1984,206.00,11.00,3.00,69.56,5.00,30.39
TUL,2026-01-26 02:53,-95.8881,36.1984,206.00,5.00,1.00,83.11,5.00,30.42
TUL,2026-01-26 03:53,-95.8881,36.1984,206.00,6.00,3.00,87.13,3.00,30.44
TUL,2026-01-26 04:53,-95.8881,36.1984,206.00,3.00,-1.00,82.96,5.00,30.46
TUL,2026-01-26 05:53,-95.8881,36.1984,206.00,2.00,-2.00,82.88,6.00,30.51
TUL,2026-01-26 06:53,-95.8881,36.1984,206.00,2.00,-2.00,82.88,5.00,30.53
TUL,2026-01-26 07:53,-95.8881,36.1984,206.00,5.00,-1.00,75.66,4.00,30.53
TUL,2026-01-26 08:53,-95.8881,36.1984,206.00,3.00,-2.00,79.13,5.00,30.55
TUL,2026-01-26 09:53,-95.8881,36.1984,206.00,6.00,0.00,75.76,6.00,30.58
TUL,2026-01-26 10:53,-95.8881,36.1984,206.00,7.00,1.00,75.86,5.00,30.59
TUL,2026-01-26 11:53,-95.8881,36.1984,206.00,8.00,1.00,72.51,4.00,30.60
TUL,2026-01-26 12:53,-95.8881,36.1984,206.00,9.00,1.00,69.31,4.00,30.61
TUL,2026-01-26 13:53,-95.8881,36.1984,206.00,9.00,2.00,72.62,0.00,30.62
TUL,2026-01-26 14:53,-95.8881,36.1984,206.00,11.00,2.00,66.41,0.00,30.64
TUL,2026-01-26 15:53,-95.8881,36.1984,206.00,14.00,5.00,66.79,3.00,30.64
TUL,2026-01-26 16:53,-95.8881,36.1984,206.00,17.00,7.00,64.21,0.00,30.64
TUL,2026-01-26 17:53,-95.8881,36.1984,206.00,19.00,6.00,56.29,3.00,30.60
TUL,2026-01-26 18:53,-95.8881,36.1984,206.00,21.00,8.00,56.59,5.00,30.56
TUL,2026-01-26 19:53,-95.8881,36.1984,206.00,22.00,8.00,54.25,6.00,30.52
TUL,2026-01-26 20:53,-95.8881,36.1984,206.00,24.00,9.00,52.17,8.00,30.51
TUL,2026-01-26 21:53,-95.8881,36.1984,206.00,26.00,11.00,52.49,9.00,30.51
TUL,2026-01-26 22:53,-95.8881,36.1984,206.00,26.00,11.00,52.49,7.00,30.49
TUL,2026-01-26 23:53,-95.8881,36.1984,206.00,25.00,11.00,54.72,7.00,30.47
TUL,2026-01-27 00:53,-95.8881,36.1984,206.00,24.00,11.00,57.05,9.00,30.47
TUL,2026-01-27 01:53,-95.8881,36.1984,206.00,24.00,11.00,57.05,7.00,30.47
TUL,2026-01-27 02:53,-95.8881,36.1984,206.00,23.00,10.00,56.90,11.00,30.45
TUL,2026-01-27 03:53,-95.8881,36.1984,206.00,23.00,9.00,54.40,12.00,30.42
TUL,2026-01-27 04:53,-95.8881,36.1984,206.00,23.00,9.00,54.40,7.00,30.42
TUL,2026-01-27 05:53,-95.8881,36.1984,206.00,19.00,8.00,61.64,7.00,30.39
TUL,2026-01-27 06:53,-95.8881,36.1984,206.00,21.00,9.00,59.20,7.00,30.38
TUL,2026-01-27 07:53,-95.8881,36.1984,206.00,19.00,9.00,64.48,6.00,30.36
TUL,2026-01-27 08:53,-95.8881,36.1984,206.00,19.00,9.00,64.48,6.00,30.37
TUL,2026-01-27 09:53,-95.8881,36.1984,206.00,19.00,9.00,64.48,7.00,30.36
TUL,2026-01-27 10:53,-95.8881,36.1984,206.00,18.00,9.00,67.31,8.00,30.36
TUL,2026-01-27 11:53,-95.8881,36.1984,206.00,18.00,10.00,70.39,6.00,30.36
TUL,2026-01-27 12:53,-95.8881,36.1984,206.00,17.00,10.00,73.50,7.00,30.35
TUL,2026-01-27 13:53,-95.8881,36.1984,206.00,17.00,10.00,73.50,6.00,30.37
TUL,2026-01-27 14:53,-95.8881,36.1984,206.00,19.00,12.00,73.71,7.00,30.38
TUL,2026-01-27 15:53,-95.8881,36.1984,206.00,24.00,15.00,68.05,3.00,30.40
TUL,2026-01-27 16:53,-95.8881,36.1984,206.00,27.00,17.00,65.53,3.00,30.40
TUL,2026-01-27 17:53,-95.8881,36.1984,206.00,30.00,19.00,63.16,0.00,30.39
TUL,2026-01-27 18:53,-95.8881,36.1984,206.00,32.00,20.00,60.78,0.00,30.36
TUL,2026-01-27 19:53,-95.8881,36.1984,206.00,33.00,19.00,55.94,5.00,30.34
TUL,2026-01-27 20:53,-95.8881,36.1984,206.00,35.00,19.00,51.64,6.00,30.34
TUL,2026-01-27 21:53,-95.8881,36.1984,206.00,34.00,20.00,56.09,8.00,30.36
TUL,2026-01-27 22:53,-95.8881,36.1984,206.00,32.00,19.00,58.24,6.00,30.38
TUL,2026-01-27 23:53,-95.8881,36.1984,206.00,29.00,18.00,63.02,7.00,30.39
TUL,2026-01-28 00:53,-95.8881,36.1984,206.00,28.00,18.00,65.66,5.00,30.41
TUL,2026-01-28 01:53,-95.8881,36.1984,206.00,27.00,18.00,68.42,6.00,30.42
TUL,2026-01-28 02:53,-95.8881,36.1984,206.00,26.00,17.00,68.30,5.00,30.42
TUL,2026-01-28 03:53,-95.8881,36.1984,206.00,21.00,14.00,73.92,5.00,30.43
TUL,2026-01-28 04:53,-95.8881,36.1984,206.00,23.00,16.00,74.13,3.00,30.42
TUL,2026-01-28 05:53,-95.8881,36.1984,206.00,20.00,15.00,80.59,4.00,30.44
TUL,2026-01-28 06:53,-95.8881,36.1984,206.00,20.00,15.00,80.59,5.00,30.44
TUL,2026-01-28 07:53,-95.8881,36.1984,206.00,20.00,14.00,77.14,0.00,30.44
TUL,2026-01-28 08:53,-95.8881,36.1984,206.00,15.00,11.00,83.83,4.00,30.45
TUL,2026-01-28 09:53,-95.8881,36.1984,206.00,15.00,11.00,83.83,3.00,30.43
TUL,2026-01-28 10:53,-95.8881,36.1984,206.00,15.00,11.00,83.83,3.00,30.43
TUL,2026-01-28 11:53,-95.8881,36.1984,206.00,18.00,12.00,76.95,0.00,30.42
TUL,2026-01-28 12:53,-95.8881,36.1984,206.00,15.00,11.00,83.83,3.00,30.44
TUL,2026-01-28 13:53,-95.8881,36.1984,206.00,17.00,12.00,80.34,0.00,30.44
TUL,2026-01-28 14:53,-95.8881,36.1984,206.00,20.00,13.00,73.82,0.00,30.43
TUL,2026-01-28 15:53,-95.8881,36.1984,206.00,26.00,16.00,65.40,0.00,30.44
TUL,2026-01-28 16:53,-95.8881,36.1984,206.00,31.00,16.00,53.28,0.00,30.43
TUL,2026-01-28 17:53,-95.8881,36.1984,206.00,37.00,18.00,45.70,3.00,30.40
TUL,2026-01-28 18:53,-95.8881,36.1984,206.00,36.00,19.00,49.63,5.00,30.36
TUL,2026-01-28 19:53,-95.8881,36.1984,206.00,39.00,20.00,46.03,7.00,30.30
TUL,2026-01-28 20:53,-95.8881,36.1984,206.00,41.00,21.00,44.44,10.00,30.27
TUL,2026-01-28 21:53,-95.8881,36.1984,206.00,42.00,23.00,46.52,10.00,30.26
TUL,2026-01-28 22:53,-95.8881,36.1984,206.00,42.00,23.00,46.52,7.00,30.22
TUL,2026-01-28 23:53,-95.8881,36.1984,206.00,42.00,23.00,46.52,4.00,30.23
TUL,2026-01-29 00:53,-95.8881,36.1984,206.00,37.00,23.00,56.54,5.00,30.23
TUL,2026-01-29 01:53,-95.8881,36.1984,206.00,36.00,24.00,61.34,6.00,30.20
TUL,2026-01-29 02:53,-95.8881,36.1984,206.00,36.00,23.00,58.82,4.00,30.19
TUL,2026-01-29 03:53,-95.8881,36.1984,206.00,35.00,24.00,63.82,5.00,30.17
TUL,2026-01-29 04:53,-95.8881,36.1984,206.00,34.00,23.00,63.69,5.00,30.17
TUL,2026-01-29 05:53,-95.8881,36.1984,206.00,34.00,23.00,63.69,7.00,30.16
TUL,2026-01-29 06:53,-95.8881,36.1984,206.00,34.00,23.00,63.69,7.00,30.14
TUL,2026-01-29 07:53,-95.8881,36.1984,206.00,29.00,22.00,74.75,7.00,30.12
TUL,2026-01-29 08:53,-95.8881,36.1984,206.00,29.00,23.00,77.97,8.00,30.09
TUL,2026-01-29 09:53,-95.8881,36.1984,206.00,31.00,24.00,74.95,8.00,30.07
TUL,2026-01-29 10:53,-95.8881,36.1984,206.00,29.00,23.00,77.97,6.00,30.05
TUL,2026-01-29 11:53,-95.8881,36.1984,206.00,29.00,22.00,74.75,5.00,30.04
TUL,2026-01-29 12:53,-95.8881,36.1984,206.00,26.00,20.00,77.69,4.00,30.05
TUL,2026-01-29 13:53,-95.8881,36.1984,206.00,29.00,22.00,74.75,4.00,30.04
TUL,2026-01-29 14:53,-95.8881,36.1984,206.00,35.00,24.00,63.82,3.00,30.06
TUL,2026-01-29 15:53,-95.8881,36.1984,206.00,38.00,24.00,56.69,5.00,30.06
TUL,2026-01-29 16:53,-95.8881,36.1984,206.00,41.00,25.00,52.58,6.00,30.07
TUL,2026-01-29 17:53,-95.8881,36.1984,206.00,42.00,27.00,54.96,4.00,30.07
TUL,2026-01-29 18:53,-95.8881,36.1984,206.00,45.00,28.00,51.06,3.00,30.06
TUL,2026-01-29 19:53,-95.8881,36.1984,206.00,41.00,27.00,57.13,17.00,30.07
TUL,2026-01-29 20:53,-95.8881,36.1984,206.00,40.00,25.00,54.66,15.00,30.10
TUL,2026-01-29 21:53,-95.8881,36.1984,206.00,40.00,24.00,52.43,13.00,30.13
TUL,2026-01-29 22:53,-95.8881,36.1984,206.00,37.00,24.00,58.96,13.00,30.17
TUL,2026-01-29 23:53,-95.8881,36.1984,206.00,33.00,22.00,63.56,14.00,30.21
TUL,2026-01-30 00:53,-95.8881,36.1984,206.00,32.00,21.00,63.43,10.00,30.25
TUL,2026-01-30 01:53,-95.8881,36.1984,206.00,30.00,20.00,65.92,12.00,30.28
TUL,2026-01-30 02:53,-95.8881,36.1984,206.00,29.00,19.00,65.79,10.00,30.31
TUL,2026-01-30 03:53,-95.8881,36.1984,206.00,27.00,18.00,68.42,11.00,30.31
TUL,2026-01-30 04:53,-95.8881,36.1984,206.00,27.00,16.00,62.75,11.00,30.34
TUL,2026-01-30 05:53,-95.8881,36.1984,206.00,25.00,16.00,68.18,7.00,30.34
TUL,2026-01-30 06:53,-95.8881,36.1984,206.00,23.00,15.00,70.97,7.00,30.34
TUL,2026-01-30 07:53,-95.8881,36.1984,206.00,23.00,15.00,70.97,8.00,30.34
TUL,2026-01-30 08:53,-95.8881,36.1984,206.00,23.00,15.00,70.97,7.00,30.33
TUL,2026-01-30 09:53,-95.8881,36.1984,206.00,22.00,14.00,70.86,5.00,30.35
TUL,2026-01-30 10:53,-95.8881,36.1984,206.00,21.00,14.00,73.92,6.00,30.35
TUL,2026-01-30 11:53,-95.8881,36.1984,206.00,21.00,13.00,70.74,5.00,30.37
TUL,2026-01-30 12:53,-95.8881,36.1984,206.00,21.00,13.00,70.74,3.00,30.38
TUL,2026-01-30 13:53,-95.8881,36.1984,206.00,23.00,15.00,70.97,8.00,30.41
TUL,2026-01-30 14:53,-95.8881,36.1984,206.00,25.00,15.00,65.27,8.00,30.42
TUL,2026-01-30 15:53,-95.8881,36.1984,206.00,25.00,15.00,65.27,6.00,30.44
TUL,2026-01-30 16:53,-95.8881,36.1984,206.00,26.00,16.00,65.40,7.00,30.43
TUL,2026-01-30 17:53,-95.8881,36.1984,206.00,27.00,15.00,60.07,6.00,30.44
TUL,2026-01-30 18:53,-95.8881,36.1984,206.00,28.00,14.00,55.18,6.00,30.42
TUL,2026-01-30 19:53,-95.8881,36.1984,206.00,29.00,16.00,57.80,9.00,30.40
TUL,2026-01-30 20:53,-95.8881,36.1984,206.00,29.00,15.00,55.33,11.00,30.42
TUL,2026-01-30 21:53,-95.8881,36.1984,206.00,29.00,13.00,50.68,10.00,30.43
TUL,2026-01-30 22:53,-95.8881,36.1984,206.00,28.00,15.00,57.65,12.00,30.44
TUL,2026-01-30 23:53,-95.8881,36.1984,206.00,28.00,16.00,60.22,12.00,30.46
TUL,2026-01-31 00:53,-95.8881,36.1984,206.00,27.00,17.00,65.53,11.00,30.49
TUL,2026-01-31 01:53,-95.8881,36.1984,206.00,27.00,17.00,65.53,15.00,30.52
TUL,2026-01-31 02:53,-95.8881,36.1984,206.00,23.00,12.00,62.20,18.00,30.56
TUL,2026-01-31 03:53,-95.8881,36.1984,206.00,19.00,8.00,61.64,25.00,30.60
TUL,2026-01-31 04:53,-95.8881,36.1984,206.00,15.00,3.00,58.31,13.00,30.65
TUL,2026-01-31 05:53,-95.8881,36.1984,206.00,14.00,2.00,58.16,15.00,30.66
TUL,2026-01-31 06:53,-95.8881,36.1984,206.00,12.00,2.00,63.52,15.00,30.66
TUL,2026-01-31 07:53,-95.8881,36.1984,206.00,11.00,1.00,63.38,14.00,30.68
TUL,2026-01-31 08:53,-95.8881,36.1984,206.00,11.00,1.00,63.38,11.00,30.68
TUL,2026-01-31 09:53,-95.8881,36.1984,206.00,10.00,1.00,66.27,9.00,30.69
TUL,2026-01-31 10:53,-95.8881,36.1984,206.00,9.00,1.00,69.31,9.00,30.70
TUL,2026-01-31 11:53,-95.8881,36.1984,206.00,8.00,0.00,69.19,10.00,30.69
TUL,2026-01-31 12:53,-95.8881,36.1984,206.00,7.00,0.00,72.39,7.00,30.70
TUL,2026-01-31 13:53,-95.8881,36.1984,206.00,7.00,1.00,75.86,7.00,30.72
TUL,2026-01-31 14:53,-95.8881,36.1984,206.00,10.00,1.00,66.27,8.00,30.73
TUL,2026-01-31 15:53,-95.8881,36.1984,206.00,12.00,2.00,63.52,4.00,30.73
TUL,2026-01-31 16:53,-95.8881,36.1984,206.00,15.00,3.00,58.31,3.00,30.72
TUL,2026-01-31 17:53,-95.8881,36.1984,206.00,16.00,2.00,53.29,0.00,30.69
TUL,2026-01-31 18:53,-95.8881,36.1984,206.00,20.00,3.00,46.99,0.00,30.67
TUL,2026-01-31 19:53,-95.8881,36.1984,206.00,22.00,4.00,45.20,5.00,30.64
TUL,2026-01-31 20:53,-95.8881,36.1984,206.00,23.00,5.00,45.37,0.00,30.61
TUL,2026-01-31 21:53,-95.8881,36.1984,206.00,22.00,4.00,45.20,3.00,30.59
TUL,2026-01-31 22:53,-95.8881,36.1984,206.00,22.00,5.00,47.33,3.00,30.56
TUL,2026-01-31 23:53,-95.8881,36.1984,206.00,22.00,6.00,49.54,4.00,30.54
TUL,2026-02-01 00:53,-95.8881,36.1984,206.00,22.00,6.00,49.54,4.00,30.53
TUL,2026-02-01 01:53,-95.8881,36.1984,206.00,22.00,5.00,47.33,3.00,30.54
TUL,2026-02-01 02:53,-95.8881,36.1984,206.00,22.00,7.00,51.85,0.00,30.53
TUL,2026-02-01 03:53,-95.8881,36.1984,206.00,22.00,8.00,54.25,6.00,30.52
TUL,2026-02-01 04:53,-95.8881,36.1984,206.00,22.00,7.00,51.85,0.00,30.53
TUL,2026-02-01 05:53,-95.8881,36.1984,206.00,22.00,9.00,56.75,5.00,30.52
TUL,2026-02-01 06:53,-95.8881,36.1984,206.00,22.00,9.00,56.75,6.00,30.51
TUL,2026-02-01 07:53,-95.8881,36.1984,206.00,22.00,9.00,56.75,4.00,30.50
TUL,2026-02-01 08:53,-95.8881,36.1984,206.00,21.00,9.00,59.20,9.00,30.46
TUL,2026-02-01 09:53,-95.8881,36.1984,206.00,20.00,9.00,61.78,4.00,30.45
TUL,2026-02-01 10:53,-95.8881,36.1984,206.00,20.00,9.00,61.78,5.00,30.43
TUL,2026-02-01 11:53,-95.8881,36.1984,206.00,20.00,10.00,64.61,5.00,30.43
TUL,2026-02-01 12:53,-95.8881,36.1984,206.00,20.00,10.00,64.61,6.00,30.43
TUL,2026-02-01 13:53,-95.8881,36.1984,206.00,21.00,10.00,61.92,7.00,30.41
TUL,2026-02-01 14:53,-95.8881,36.1984,206.00,25.00,10.00,52.33,11.00,30.38
TUL,2026-02-01 15:53,-95.8881,36.1984,206.00,28.00,12.00,50.52,10.00,30.38
TUL,2026-02-01 16:53,-95.8881,36.1984,206.00,32.00,13.00,44.87,7.00,30.36
TUL,2026-02-01 17:53,-95.8881,36.1984,206.00,36.00,15.00,41.74,8.00,30.34
TUL,2026-02-01 18:53,-95.8881,36.1984,206.00,40.00,18.00,40.64,6.00,30.30
TUL,2026-02-01 19:53,-95.8881,36.1984,206.00,42.00,19.00,39.26,8.00,30.25
TUL,2026-02-01 20:53,-95.8881,36.1984,206.00,44.00,21.00,39.59,11.00,30.23
TUL,2026-02-01 21:53,-95.8881,36.1984,206.00,46.00,22.00,38.28,6.00,30.22
TUL,2026-02-01 22:53,-95.8881,36.1984,206.00,47.00,23.00,38.45,10.00,30.20
TUL,2026-02-01 23:53,-95.8881,36.1984,206.00,44.00,24.00,44.93,8.00,30.20
TUL,2026-02-02 00:53,-95.8881,36.1984,206.00,42.00,24.00,48.52,6.00,30.21
TUL,2026-02-02 01:53,-95.8881,36.1984,206.00,41.00,25.00,52.58,7.00,30.20
TUL,2026-02-02 02:53,-95.8881,36.1984,206.00,41.00,25.00,52.58,8.00,30.19
TUL,2026-02-02 03:53,-95.8881,36.1984,206.00,40.00,25.00,54.66,8.00,30.19
TUL,2026-02-02 04:53,-95.8881,36.1984,206.00,38.00,24.00,56.69,4.00,30.20
TUL,2026-02-02 05:53,-95.8881,36.1984,206.00,36.00,23.00,58.82,4.00,30.21
TUL,2026-02-02 06:53,-95.8881,36.1984,206.00,31.00,22.00,68.90,6.00,30.21
TUL,2026-02-02 07:53,-95.8881,36.1984,206.00,30.00,23.00,74.85,8.00,30.21
TUL,2026-02-02 08:53,-95.8881,36.1984,206.00,31.00,22.00,68.90,7.00,30.19
TUL,2026-02-02 09:53,-95.8881,36.1984,206.00,31.00,22.00,68.90,6.00,30.17
TUL,2026-02-02 10:53,-95.8881,36.1984,206.00,31.00,23.00,71.87,5.00,30.15
TUL,2026-02-02 11:53,-95.8881,36.1984,206.00,32.00,23.00,69.02,5.00,30.14
TUL,2026-02-02 12:53,-95.8881,36.1984,206.00,32.00,23.00,69.02,4.00,30.14
TUL,2026-02-02 13:53,-95.8881,36.1984,206.00,31.00,24.00,74.95,4.00,30.13
TUL,2026-02-02 14:53,-95.8881,36.1984,206.00,37.00,26.00,64.09,5.00,30.14
TUL,2026-02-02 15:53,-95.8881,36.1984,206.00,41.00,27.00,57.13,7.00,30.14
TUL,2026-02-02 16:53,-95.8881,36.1984,206.00,46.00,29.00,51.22,6.00,30.13
TUL,2026-02-02 17:53,-95.8881,36.1984,206.00,49.00,31.00,49.63,8.00,30.10
TUL,2026-02-02 18:53,-95.8881,36.1984,206.00,53.00,32.00,44.57,5.00,30.06
TUL,2026-02-02 19:53,-95.8881,36.1984,206.00,57.00,33.00,40.11,7.00,30.03
TUL,2026-02-02 20:53,-95.8881,36.1984,206.00,61.00,35.00,37.66,9.00,30.00
TUL,2026-02-02 21:53,-95.8881,36.1984,206.00,65.00,35.00,32.73,10.00,29.99
TUL,2026-02-02 22:53,-95.8881,36.1984,206.00,64.00,36.00,35.26,7.00,29.98
TUL,2026-02-02 23:53,-95.8881,36.1984,206.00,60.00,32.00,34.60,8.00,29.98
TUL,2026-02-03 00:53,-95.8881,36.1984,206.00,58.00,31.00,35.70,9.00,29.99
TUL,2026-02-03 01:53,-95.8881,36.1984,206.00,57.00,35.00,43.45,10.00,30.00
TUL,2026-02-03 02:53,-95.8881,36.1984,206.00,54.00,37.00,52.45,8.00,30.01
TUL,2026-02-03 03:53,-95.8881,36.1984,206.00,50.00,36.00,58.42,0.00,30.03
TUL,2026-02-03 04:53,-95.8881,36.1984,206.00,48.00,36.00,62.96,0.00,30.05
TUL,2026-02-03 05:53,-95.8881,36.1984,206.00,47.00,36.00,65.37,3.00,30.05
TUL,2026-02-03 06:53,-95.8881,36.1984,206.00,47.00,37.00,68.01,5.00,30.04
TUL,2026-02-03 07:53,-95.8881,36.1984,206.00,49.00,39.00,68.24,9.00,30.03
TUL,2026-02-03 08:53,-95.8881,36.1984,206.00,43.00,37.00,79.18,0.00,30.05
TUL,2026-02-03 09:53,-95.8881,36.1984,206.00,41.00,35.00,79.01,7.00,30.05
TUL,2026-02-03 10:53,-95.8881,36.1984,206.00,40.00,33.00,75.83,10.00,30.08
TUL,2026-02-03 11:53,-95.8881,36.1984,206.00,39.00,31.00,72.73,9.00,30.11
TUL,2026-02-03 12:53,-95.8881,36.1984,206.00,36.00,30.00,78.58,10.00,30.14
TUL,2026-02-03 13:53,-95.8881,36.1984,206.00,35.00,29.00,78.50,5.00,30.17
TUL,2026-02-03 14:53,-95.8881,36.1984,206.00,40.00,30.00,67.16,10.00,30.20
TUL,2026-02-03 15:53,-95.8881,36.1984,206.00,43.00,31.00,62.29,12.00,30.22
TUL,2026-02-03 16:53,-95.8881,36.1984,206.00,47.00,32.00,55.71,12.00,30.25
TUL,2026-02-03 17:53,-95.8881,36.1984,206.00,49.00,32.00,51.68,11.00,30.24
TUL,2026-02-03 18:53,-95.8881,36.1984,206.00,51.00,33.00,49.95,10.00,30.23
TUL,2026-02-03 19:53,-95.8881,36.1984,206.00,52.00,32.00,46.24,13.00,30.22
TUL,2026-02-03 20:53,-95.8881,36.1984,206.00,54.00,33.00,44.73,7.00,30.20
TUL,2026-02-03 21:53,-95.8881,36.1984,206.00,54.00,33.00,44.73,8.00,30.21
TUL,2026-02-03 22:53,-95.8881,36.1984,206.00,52.00,33.00,48.14,10.00,30.24
TUL,2026-02-03 23:53,-95.8881,36.1984,206.00,49.00,33.00,53.80,7.00,30.25
TUL,2026-02-04 00:53,-95.8881,36.1984,206.00,47.00,32.00,55.71,8.00,30.27
TUL,2026-02-04 01:53,-95.8881,36.1984,206.00,44.00,32.00,62.43,4.00,30.28
TUL,2026-02-04 02:53,-95.8881,36.1984,206.00,39.00,31.00,72.73,3.00,30.30
TUL,2026-02-04 03:53,-95.8881,36.1984,206.00,39.00,32.00,75.73,7.00,30.31
TUL,2026-02-04 04:53,-95.8881,36.1984,206.00,38.00,32.00,78.76,6.00,30.33
TUL,2026-02-04 05:53,-95.8881,36.1984,206.00,37.00,31.00,78.67,5.00,30.34
TUL,2026-02-04 06:53,-95.8881,36.1984,206.00,34.00,29.00,81.69,4.00,30.35
TUL,2026-02-04 07:53,-95.8881,36.1984,206.00,35.00,31.00,85.16,6.00,30.35
TUL,2026-02-04 08:53,-95.8881,36.1984,206.00,33.00,29.00,85.03,0.00,30.35
TUL,2026-02-04 09:53,-95.8881,36.1984,206.00,31.00,29.00,92.18,4.00,30.35
TUL,2026-02-04 10:53,-95.8881,36.1984,206.00,32.00,29.00,88.53,6.00,30.38
TUL,2026-02-04 11:53,-95.8881,36.1984,206.00,32.00,28.00,84.97,3.00,30.38
TUL,2026-02-04 12:53,-95.8881,36.1984,206.00,29.00,27.00,92.11,4.00,30.41
TUL,2026-02-04 13:53,-95.8881,36.1984,206.00,33.00,30.00,88.57,7.00,30.43
TUL,2026-02-04 14:53,-95.8881,36.1984,206.00,36.00,31.00,81.84,9.00,30.45
TUL,2026-02-04 15:53,-95.8881,36.1984,206.00,38.00,31.00,75.64,13.00,30.47
TUL,2026-02-04 16:53,-95.8881,36.1984,206.00,40.00,30.00,67.16,11.00,30.47
TUL,2026-02-04 17:53,-95.8881,36.1984,206.00,43.00,30.00,59.81,8.00,30.46
TUL,2026-02-04 18:53,-95.8881,36.1984,206.00,44.00,30.00,57.57,10.00,30.45
TUL,2026-02-04 19:53,-95.8881,36.1984,206.00,45.00,30.00,55.41,8.00,30.43
TUL,2026-02-04 20:53,-95.8881,36.1984,206.00,46.00,30.00,53.35,8.00,30.42
TUL,2026-02-04 21:53,-95.8881,36.1984,206.00,48.00,31.00,51.53,7.00,30.41
TUL,2026-02-04 22:53,-95.8881,36.1984,206.00,47.00,31.00,53.50,9.00,30.41
TUL,2026-02-04 23:53,-95.8881,36.1984,206.00,46.00,32.00,57.85,6.00,30.41
TUL,2026-02-05 00:53,-95.8881,36.1984,206.00,45.00,31.00,57.71,6.00,30.42
TUL,2026-02-05 01:53,-95.8881,36.1984,206.00,43.00,31.00,62.29,4.00,30.41
TUL,2026-02-05 02:53,-95.8881,36.1984,206.00,41.00,30.00,64.61,0.00,30.40
TUL,2026-02-05 03:53,-95.8881,36.1984,206.00,42.00,30.00,62.16,3.00,30.41
TUL,2026-02-05 04:53,-95.8881,36.1984,206.00,40.00,31.00,69.95,0.00,30.42
TUL,2026-02-05 05:53,-95.8881,36.1984,206.00,40.00,30.00,67.16,0.00,30.41
TUL,2026-02-05 06:53,-95.8881,36.1984,206.00,35.00,29.00,78.50,0.00,30.40
TUL,2026-02-05 07:53,-95.8881,36.1984,206.00,35.00,29.00,78.50,0.00,30.39
TUL,2026-02-05 08:53,-95.8881,36.1984,206.00,31.00,27.00,84.90,0.00,30.36
TUL,2026-02-05 09:53,-95.8881,36.1984,206.00,30.00,26.00,84.84,0.00,30.34
TUL,2026-02-05 10:53,-95.8881,36.1984,206.00,30.00,26.00,84.84,0.00,30.32
TUL,2026-02-05 11:53,-95.8881,36.1984,206.00,30.00,26.00,84.84,4.00,30.30
TUL,2026-02-05 12:53,-95.8881,36.1984,206.00,31.00,27.00,84.90,6.00,30.29
TUL,2026-02-05 13:53,-95.8881,36.1984,206.00,33.00,29.00,85.03,8.00,30.26
TUL,2026-02-05 14:53,-95.8881,36.1984,206.00,38.00,33.00,81.99,6.00,30.25
TUL,2026-02-05 15:53,-95.8881,36.1984,206.00,45.00,35.00,67.77,6.00,30.22
TUL,2026-02-05 16:53,-95.8881,36.1984,206.00,50.00,33.00,51.84,5.00,30.18
TUL,2026-02-05 18:53,-95.8881,36.1984,206.00,64.00,27.00,24.50,16.00,30.06
TUL,2026-02-05 19:53,-95.8881,36.1984,206.00,67.00,27.00,22.08,14.00,30.03
TUL,2026-02-05 20:53,-95.8881,36.1984,206.00,68.00,29.00,23.16,15.00,30.02
TUL,2026-02-05 21:53,-95.8881,36.1984,206.00,67.00,32.00,27.08,15.00,30.02
TUL,2026-02-05 22:53,-95.8881,36.1984,206.00,65.00,34.00,31.45,10.00,30.03
TUL,2026-02-05 23:53,-95.8881,36.1984,206.00,60.00,35.00,39.03,9.00,30.04
TUL,2026-02-06 00:53,-95.8881,36.1984,206.00,58.00,35.00,41.92,5.00,30.04
TUL,2026-02-06 01:53,-95.8881,36.1984,206.00,56.00,34.00,43.29,4.00,30.04
TUL,2026-02-06 02:53,-95.8881,36.1984,206.00,50.00,34.00,53.95,0.00,30.04
TUL,2026-02-06 03:53,-95.8881,36.1984,206.00,45.00,33.00,62.56,0.00,30.03
TUL,2026-02-06 04:53,-95.8881,36.1984,206.00,54.00,36.00,50.41,3.00,30.03
TUL,2026-02-06 05:53,-95.8881,36.1984,206.00,50.00,36.00,58.42,4.00,30.02
TUL,2026-02-06 06:53,-95.8881,36.1984,206.00,50.00,36.00,58.42,6.00,30.00
TUL,2026-02-06 07:53,-95.8881,36.1984,206.00,51.00,36.00,56.30,9.00,30.01
TUL,2026-02-06 08:53,-95.8881,36.1984,206.00,49.00,35.00,58.28,6.00,30.01
TUL,2026-02-06 09:53,-95.8881,36.1984,206.00,50.00,35.00,56.15,5.00,30.01
TUL,2026-02-06 10:53,-95.8881,36.1984,206.00,49.00,35.00,58.28,7.00,30.02
TUL,2026-02-06 11:53,-95.8881,36.1984,206.00,45.00,35.00,67.77,6.00,30.04
TUL,2026-02-06 12:53,-95.8881,36.1984,206.00,44.00,34.00,67.65,4.00,30.04
TUL,2026-02-06 13:53,-95.8881,36.1984,206.00,48.00,35.00,60.51,0.00,30.05
TUL,2026-02-06 14:53,-95.8881,36.1984,206.00,54.00,37.00,52.45,3.00,30.06
TUL,2026-02-06 15:53,-95.8881,36.1984,206.00,58.00,36.00,43.62,10.00,30.10
TUL,2026-02-06 16:53,-95.8881,36.1984,206.00,63.00,36.00,36.52,12.00,30.12
TUL,2026-02-06 17:53,-95.8881,36.1984,206.00,66.00,36.00,32.89,14.00,30.13
TUL,2026-02-06 18:53,-95.8881,36.1984,206.00,68.00,35.00,29.50,12.00,30.11
TUL,2026-02-06 19:53,-95.8881,36.1984,206.00,68.00,34.00,28.35,11.00,30.11
TUL,2026-02-06 20:53,-95.8881,36.1984,206.00,69.00,32.00,25.28,13.00,30.12
TUL,2026-02-06 21:53,-95.8881,36.1984,206.00,68.00,33.00,27.23,12.00,30.13
TUL,2026-02-06 22:53,-95.8881,36.1984,206.00,64.00,33.00,31.29,15.00,30.15
TUL,2026-02-06 23:53,-95.8881,36.1984,206.00,60.00,34.00,37.50,8.00,30.16
TUL,2026-02-07 00:53,-95.8881,36.1984,206.00,57.00,35.00,43.45,9.00,30.19
TUL,2026-02-07 01:53,-95.8881,36.1984,206.00,49.00,34.00,56.00,6.00,30.22
TUL,2026-02-07 02:53,-95.8881,36.1984,206.00,49.00,35.00,58.28,9.00,30.24
TUL,2026-02-07 03:53,-95.8881,36.1984,206.00,50.00,35.00,56.15,8.00,30.25
TUL,2026-02-07 04:53,-95.8881,36.1984,206.00,42.00,33.00,70.18,4.00,30.28
TUL,2026-02-07 05:53,-95.8881,36.1984,206.00,41.00,33.00,72.94,6.00,30.31
TUL,2026-02-07 06:53,-95.8881,36.1984,206.00,43.00,34.00,70.29,6.00,30.31
TUL,2026-02-07 07:53,-95.8881,36.1984,206.00,38.00,32.00,78.76,4.00,30.31
TUL,2026-02-07 08:53,-95.8881,36.1984,206.00,41.00,33.00,72.94,6.00,30.30
TUL,2026-02-07 09:53,-95.8881,36.1984,206.00,34.00,31.00,88.62,3.00,30.30
TUL,2026-02-07 10:53,-95.8881,36.1984,206.00,32.00,29.00,88.53,4.00,30.30
TUL,2026-02-07 11:53,-95.8881,36.1984,206.00,33.00,30.00,88.57,3.00,30.31
TUL,2026-02-07 12:53,-95.8881,36.1984,206.00,31.00,29.00,92.18,3.00,30.32
TUL,2026-02-07 13:53,-95.8881,36.1984,206.00,32.00,30.00,92.21,4.00,30.34
TUL,2026-02-07 14:53,-95.8881,36.1984,206.00,38.00,33.00,81.99,4.00,30.34
TUL,2026-02-07 15:53,-95.8881,36.1984,206.00,48.00,35.00,60.51,7.00,30.34
TUL,2026-02-07 16:53,-95.8881,36.1984,206.00,52.00,35.00,52.14,8.00,30.33
TUL,2026-02-07 17:53,-95.8881,36.1984,206.00,56.00,36.00,46.88,11.00,30.29
TUL,2026-02-07 18:53,-95.8881,36.1984,206.00,58.00,36.00,43.62,7.00,30.26
TUL,2026-02-07 19:53,-95.8881,36.1984,206.00,61.00,36.00,39.19,7.00,30.21
TUL,2026-02-07 20:53,-95.8881,36.1984,206.00,64.00,36.00,35.26,8.00,30.17
TUL,2026-02-07 21:53,-95.8881,36.1984,206.00,65.00,36.00,34.05,11.00,30.15
TUL,2026-02-07 22:53,-95.8881,36.1984,206.00,64.00,35.00,33.89,11.00,30.12
TUL,2026-02-07 23:53,-95.8881,36.1984,206.00,60.00,36.00,40.61,8.00,30.12
TUL,2026-02-08 00:53,-95.8881,36.1984,206.00,58.00,36.00,43.62,7.00,30.12
TUL,2026-02-08 01:53,-95.8881,36.1984,206.00,55.00,36.00,48.61,8.00,30.12
TUL,2026-02-08 02:53,-95.8881,36.1984,206.00,53.00,36.00,52.30,7.00,30.12
TUL,2026-02-08 03:53,-95.8881,36.1984,206.00,54.00,35.00,48.45,10.00,30.13
TUL,2026-02-08 04:53,-95.8881,36.1984,206.00,54.00,35.00,48.45,10.00,30.13
TUL,2026-02-08 05:53,-95.8881,36.1984,206.00,51.00,36.00,56.30,7.00,30.13
TUL,2026-02-08 06:53,-95.8881,36.1984,206.00,50.00,36.00,58.42,10.00,30.11
TUL,2026-02-08 07:53,-95.8881,36.1984,206.00,49.00,36.00,60.64,9.00,30.09
TUL,2026-02-08 08:53,-95.8881,36.1984,206.00,50.00,36.00,58.42,10.00,30.09
TUL,2026-02-08 09:53,-95.8881,36.1984,206.00,50.00,36.00,58.42,12.00,30.07
TUL,2026-02-08 10:53,-95.8881,36.1984,206.00,50.00,36.00,58.42,11.00,30.07
TUL,2026-02-08 11:53,-95.8881,36.1984,206.00,51.00,36.00,56.30,9.00,30.07
TUL,2026-02-08 12:53,-95.8881,36.1984,206.00,51.00,37.00,58.57,9.00,30.11
TUL,2026-02-08 13:53,-95.8881,36.1984,206.00,50.00,39.00,65.75,7.00,30.11
TUL,2026-02-08 14:53,-95.8881,36.1984,206.00,50.00,42.00,73.86,10.00,30.11
TUL,2026-02-08 15:53,-95.8881,36.1984,206.00,50.00,42.00,73.86,10.00,30.12
TUL,2026-02-08 16:53,-95.8881,36.1984,206.00,55.00,43.00,63.87,8.00,30.12
TUL,2026-02-08 17:53,-95.8881,36.1984,206.00,57.00,43.00,59.40,4.00,30.10
TUL,2026-02-08 18:53,-95.8881,36.1984,206.00,63.00,44.00,49.85,10.00,30.08
TUL,2026-02-08 19:53,-95.8881,36.1984,206.00,65.00,44.00,46.49,8.00,30.07
TUL,2026-02-08 20:53,-95.8881,36.1984,206.00,65.00,44.00,46.49,5.00,30.05
TUL,2026-02-08 21:53,-95.8881,36.1984,206.00,68.00,44.00,41.90,3.00,30.06
TUL,2026-02-08 22:53,-95.8881,36.1984,206.00,69.00,44.00,40.49,3.00,30.06
TUL,2026-02-08 23:53,-95.8881,36.1984,206.00,62.00,43.00,49.70,3.00,30.07
TUL,2026-02-09 00:53,-95.8881,36.1984,206.00,59.00,43.00,55.29,5.00,30.09
TUL,2026-02-09 01:53,-95.8881,36.1984,206.00,55.00,43.00,63.87,5.00,30.10
TUL,2026-02-09 02:53,-95.8881,36.1984,206.00,53.00,42.00,66.11,0.00,30.11
TUL,2026-02-09 03:53,-95.8881,36.1984,206.00,53.00,43.00,68.71,6.00,30.11
TUL,2026-02-09 04:53,-95.8881,36.1984,206.00,45.00,40.00,82.50,3.00,30.12
TUL,2026-02-09 05:53,-95.8881,36.1984,206.00,49.00,41.00,73.76,0.00,30.11
TUL,2026-02-09 06:53,-95.8881,36.1984,206.00,44.00,40.00,85.71,3.00,30.11
TUL,2026-02-09 07:53,-95.8881,36.1984,206.00,46.00,41.00,82.57,0.00,30.10
TUL,2026-02-09 08:53,-95.8881,36.1984,206.00,40.00,38.00,92.48,5.00,30.10
TUL,2026-02-09 09:53,-95.8881,36.1984,206.00,42.00,38.00,85.59,0.00,30.09
TUL,2026-02-09 10:53,-95.8881,36.1984,206.00,42.00,38.00,85.59,0.00,30.11
TUL,2026-02-09 11:53,-95.8881,36.1984,206.00,43.00,39.00,85.65,6.00,30.10
TUL,2026-02-09 12:53,-95.8881,36.1984,206.00,43.00,39.00,85.65,4.00,30.11
TUL,2026-02-09 13:53,-95.8881,36.1984,206.00,43.00,39.00,85.65,3.00,30.12
TUL,2026-02-09 14:53,-95.8881,36.1984,206.00,48.00,42.00,79.59,0.00,30.12
TUL,2026-02-09 15:53,-95.8881,36.1984,206.00,55.00,44.00,66.36,6.00,30.11
TUL,2026-02-09 16:53,-95.8881,36.1984,206.00,61.00,45.00,55.58,3.00,30.11
TUL,2026-02-09 17:53,-95.8881,36.1984,206.00,67.00,46.00,46.80,6.00,30.08
TUL,2026-02-09 18:53,-95.8881,36.1984,206.00,71.00,46.00,40.81,10.00,30.03
TUL,2026-02-09 19:53,-95.8881,36.1984,206.00,75.00,46.00,35.68,9.00,30.00
TUL,2026-02-09 20:53,-95.8881,36.1984,206.00,78.00,43.00,28.81,14.00,29.97
TUL,2026-02-09 21:53,-95.8881,36.1984,206.00,79.00,40.00,24.83,10.00,29.94
TUL,2026-02-09 22:53,-95.8881,36.1984,206.00,78.00,39.00,24.67,9.00,29.92
TUL,2026-02-09 23:53,-95.8881,36.1984,206.00,73.00,42.00,32.74,8.00,29.92
TUL,2026-02-10 00:53,-95.8881,36.1984,206.00,66.00,43.00,43.21,5.00,29.92
TUL,2026-02-10 01:53,-95.8881,36.1984,206.00,66.00,44.00,44.90,7.00,29.92
TUL,2026-02-10 02:53,-95.8881,36.1984,206.00,65.00,44.00,46.49,9.00,29.92
TUL,2026-02-10 03:53,-95.8881,36.1984,206.00,65.00,46.00,50.16,10.00,29.92
TUL,2026-02-10 04:53,-95.8881,36.1984,206.00,63.00,47.00,55.87,8.00,29.92
TUL,2026-02-10 05:53,-95.8881,36.1984,206.00,61.00,48.00,62.25,10.00,29.91
TUL,2026-02-10 06:53,-95.8881,36.1984,206.00,60.00,50.00,69.50,10.00,29.88
TUL,2026-02-10 07:53,-95.8881,36.1984,206.00,60.00,51.00,72.13,11.00,29.87
TUL,2026-02-10 08:53,-95.8881,36.1984,206.00,61.00,50.00,67.08,13.00,29.86
TUL,2026-02-10 09:53,-95.8881,36.1984,206.00,61.00,50.00,67.08,11.00,29.85
TUL,2026-02-10 10:53,-95.8881,36.1984,206.00,60.00,50.00,69.50,12.00,29.84
TUL,2026-02-10 11:53,-95.8881,36.1984,206.00,63.00,51.00,64.87,14.00,29.84
TUL,2026-02-10 12:53,-95.8881,36.1984,206.00,64.00,51.00,62.64,14.00,29.84
TUL,2026-02-10 13:53,-95.8881,36.1984,206.00,65.00,52.00,62.76,13.00,29.86
TUL,2026-02-10 14:53,-95.8881,36.1984,206.00,66.00,52.00,60.62,7.00,29.89
TUL,2026-02-10 15:53,-95.8881,36.1984,206.00,71.00,52.00,51.07,8.00,29.91
TUL,2026-02-10 16:53,-95.8881,36.1984,206.00,72.00,46.00,39.45,14.00,29.92
TUL,2026-02-10 17:53,-95.8881,36.1984,206.00,72.00,44.00,36.56,10.00,29.93
TUL,2026-02-10 18:53,-95.8881,36.1984,206.00,72.00,42.00,33.86,10.00,29.94
TUL,2026-02-10 19:53,-95.8881,36.1984,206.00,64.00,42.00,44.58,18.00,29.95
TUL,2026-02-10 20:53,-95.8881,36.1984,206.00,62.00,39.00,42.57,15.00,29.98
TUL,2026-02-10 21:53,-95.8881,36.1984,206.00,60.00,37.00,42.24,14.00,30.00
TUL,2026-02-10 22:53,-95.8881,36.1984,206.00,58.00,35.00,41.92,14.00,30.04
TUL,2026-02-10 23:53,-95.8881,36.1984,206.00,56.00,33.00,41.59,9.00,30.07
TUL,2026-02-11 00:53,-95.8881,36.1984,206.00,54.00,33.00,44.73,10.00,30.10
TUL,2026-02-11 01:53,-95.8881,36.1984,206.00,53.00,30.00,41.10,10.00,30.12
TUL,2026-02-11 02:53,-95.8881,36.1984,206.00,53.00,30.00,41.10,11.00,30.14
TUL,2026-02-11 03:53,-95.8881,36.1984,206.00,51.00,30.00,44.24,10.00,30.17
TUL,2026-02-11 04:53,-95.8881,36.1984,206.00,48.00,30.00,49.48,7.00,30.19
TUL,2026-02-11 05:53,-95.8881,36.1984,206.00,43.00,30.00,59.81,8.00,30.23
TUL,2026-02-11 06:53,-95.8881,36.1984,206.00,42.00,30.00,62.16,8.00,30.23
TUL,2026-02-11 07:53,-95.8881,36.1984,206.00,44.00,30.00,57.57,10.00,30.23
TUL,2026-02-11 08:53,-95.8881,36.1984,206.00,43.00,30.00,59.81,10.00,30.25
TUL,2026-02-11 09:53,-95.8881,36.1984,206.00,41.00,30.00,64.61,9.00,30.25
TUL,2026-02-11 10:53,-95.8881,36.1984,206.00,40.00,29.00,64.48,7.00,30.26
TUL,2026-02-11 11:53,-95.8881,36.1984,206.00,37.00,29.00,72.52,7.00,30.29
TUL,2026-02-11 12:53,-95.8881,36.1984,206.00,35.00,28.00,75.34,5.00,30.31
TUL,2026-02-11 13:53,-95.8881,36.1984,206.00,37.00,29.00,72.52,8.00,30.32
TUL,2026-02-11 14:53,-95.8881,36.1984,206.00,41.00,30.00,64.61,7.00,30.31
TUL,2026-02-11 15:53,-95.8881,36.1984,206.00,45.00,30.00,55.41,7.00,30.32
TUL,2026-02-11 16:53,-95.8881,36.1984,206.00,49.00,30.00,47.66,7.00,30.33
TUL,2026-02-11 17:53,-95.8881,36.1984,206.00,52.00,30.00,42.64,6.00,30.31
TUL,2026-02-11 18:53,-95.8881,36.1984,206.00,55.00,29.00,36.67,5.00,30.29
TUL,2026-02-11 19:53,-95.8881,36.1984,206.00,58.00,27.00,30.31,9.00,30.25
TUL,2026-02-11 20:53,-95.8881,36.1984,206.00,60.00,25.00,25.97,6.00,30.24
TUL,2026-02-11 21:53,-95.8881,36.1984,206.00,60.00,25.00,25.97,5.00,30.22
TUL,2026-02-11 22:53,-95.8881,36.1984,206.00,59.00,24.00,25.81,6.00,30.22
TUL,2026-02-11 23:53,-95.8881,36.1984,206.00,56.00,23.00,27.57,5.00,30.23
TUL,2026-02-12 00:53,-95.8881,36.1984,206.00,49.00,25.00,38.79,5.00,30.22
TUL,2026-02-12 01:53,-95.8881,36.1984,206.00,50.00,24.00,35.84,3.00,30.23
TUL,2026-02-12 02:53,-95.8881,36.1984,206.00,46.00,25.00,43.42,3.00,30.23
TUL,2026-02-12 03:53,-95.8881,36.1984,206.00,47.00,25.00,41.81,0.00,30.23
TUL,2026-02-12 04:53,-95.8881,36.1984,206.00,41.00,28.00,59.53,3.00,30.22
TUL,2026-02-12 06:53,-95.8881,36.1984,206.00,41.00,26.00,54.81,0.00,30.21
TUL,2026-02-12 07:53,-95.8881,36.1984,206.00,39.00,27.00,61.75,4.00,30.21
TUL,2026-02-12 08:53,-95.8881,36.1984,206.00,38.00,29.00,69.72,0.00,30.21
TUL,2026-02-12 09:53,-95.8881,36.1984,206.00,36.00,27.00,69.49,0.00,30.18
TUL,2026-02-12 10:53,-95.8881,36.1984,206.00,41.00,28.00,59.53,5.00,30.18
TUL,2026-02-12 11:53,-95.8881,36.1984,206.00,37.00,29.00,72.52,5.00,30.19
TUL,2026-02-12 12:53,-95.8881,36.1984,206.00,41.00,32.00,70.06,6.00,30.19
TUL,2026-02-12 13:53,-95.8881,36.1984,206.00,43.00,33.00,67.53,7.00,30.19
TUL,2026-02-12 14:53,-95.8881,36.1984,206.00,48.00,30.00,49.48,12.00,30.21
TUL,2026-02-12 15:53,-95.8881,36.1984,206.00,51.00,32.00,47.98,9.00,30.20
TUL,2026-02-12 16:53,-95.8881,36.1984,206.00,56.00,29.00,35.36,15.00,30.18
TUL,2026-02-12 17:53,-95.8881,36.1984,206.00,59.00,32.00,35.86,13.00,30.15
TUL,2026-02-12 18:53,-95.8881,36.1984,206.00,62.00,36.00,37.83,14.00,30.13
TUL,2026-02-12 19:53,-95.8881,36.1984,206.00,64.00,38.00,38.16,12.00,30.08
TUL,2026-02-12 20:53,-95.8881,36.1984,206.00,66.00,39.00,37.01,7.00,30.05
TUL,2026-02-12 21:53,-95.8881,36.1984,206.00,67.00,38.00,34.38,7.00,30.04
TUL,2026-02-12 22:53,-95.8881,36.1984,206.00,63.00,38.00,39.52,9.00,30.04
TUL,2026-02-12 23:53,-95.8881,36.1984,206.00,60.00,38.00,43.94,7.00,30.05
TUL,2026-02-13 00:53,-95.8881,36.1984,206.00,57.00,36.00,45.21,7.00,30.06
TUL,2026-02-13 01:53,-95.8881,36.1984,206.00,55.00,35.00,46.72,5.00,30.07
TUL,2026-02-13 02:53,-95.8881,36.1984,206.00,54.00,35.00,48.45,6.00,30.08
TUL,2026-02-13 03:53,-95.8881,36.1984,206.00,52.00,36.00,54.25,6.00,30.09
TUL,2026-02-13 04:53,-95.8881,36.1984,206.00,51.00,35.00,54.10,5.00,30.10
TUL,2026-02-13 05:53,-95.8881,36.1984,206.00,52.00,34.00,50.10,4.00,30.10
TUL,2026-02-13 06:53,-95.8881,36.1984,206.00,49.00,34.00,56.00,4.00,30.11
TUL,2026-02-13 11:53,-95.8881,36.1984,206.00,46.40,35.60,65.82,4.00,30.10
TUL,2026-02-13 12:53,-95.8881,36.1984,206.00,44.60,33.80,65.59,0.00,30.12
TUL,2026-02-13 13:53,-95.8881,36.1984,206.00,42.80,35.60,75.49,0.00,30.13
TUL,2026-02-13 14:53,-95.8881,36.1984,206.00,48.20,37.40,66.04,0.00,30.14
TUL,2026-02-13 15:53,-95.8881,36.1984,206.00,55.40,37.40,50.63,6.00,30.13
TUL,2026-02-13 16:53,-95.8881,36.1984,206.00,62.60,39.20,42.00,7.00,30.12
TUL,2026-02-13 17:53,-95.8881,36.1984,206.00,66.20,42.80,42.59,10.00,30.09
TUL,2026-02-13 18:53,-95.8881,36.1984,206.00,70.00,44.00,39.13,9.00,30.04
TUL,2026-02-13 19:53,-95.8881,36.1984,206.00,71.60,44.60,37.92,9.00,30.01
TUL,2026-02-13 20:53,-95.8881,36.1984,206.00,72.00,47.00,40.97,13.00,29.99
TUL,2026-02-13 21:53,-95.8881,36.1984,206.00,71.00,47.00,42.38,12.00,29.98
TUL,2026-02-13 22:53,-95.8881,36.1984,206.00,70.00,47.00,43.85,11.00,29.96
TUL,2026-02-13 23:53,-95.8881,36.1984,206.00,67.00,46.00,46.80,9.00,29.96
TUL,2026-02-14 00:53,-95.8881,36.1984,206.00,63.00,45.00,51.79,7.00,29.97
TUL,2026-02-14 01:53,-95.8881,36.1984,206.00,63.00,44.00,49.85,9.00,29.96
TUL,2026-02-14 02:53,-95.8881,36.1984,206.00,63.00,44.00,49.85,8.00,29.98
TUL,2026-02-14 03:53,-95.8881,36.1984,206.00,62.00,45.00,53.65,11.00,29.97
TUL,2026-02-14 04:53,-95.8881,36.1984,206.00,61.00,46.00,57.73,9.00,29.96
TUL,2026-02-14 05:53,-95.8881,36.1984,206.00,61.00,46.00,57.73,10.00,29.95
TUL,2026-02-14 06:53,-95.8881,36.1984,206.00,61.00,46.00,57.73,8.00,29.94
TUL,2026-02-14 07:53,-95.8881,36.1984,206.00,60.00,47.00,62.12,6.00,29.94
TUL,2026-02-14 08:53,-95.8881,36.1984,206.00,55.00,53.00,92.95,7.00,29.92
TUL,2026-02-14 09:53,-95.8881,36.1984,206.00,58.00,50.00,74.65,14.00,29.86
TUL,2026-02-14 10:53,-95.8881,36.1984,206.00,57.00,51.00,80.31,3.00,29.88
TUL,2026-02-14 11:53,-95.8881,36.1984,206.00,56.00,52.00,86.40,6.00,29.85
TUL,2026-02-14 12:53,-95.8881,36.1984,206.00,59.00,54.00,83.47,5.00,29.84
TUL,2026-02-14 13:53,-95.8881,36.1984,206.00,57.00,53.00,86.46,6.00,29.83
TUL,2026-02-14 14:53,-95.8881,36.1984,206.00,57.00,54.00,89.68,12.00,29.80
TUL,2026-02-14 15:53,-95.8881,36.1984,206.00,58.00,56.00,93.04,10.00,29.77
TUL,2026-02-14 16:53,-95.8881,36.1984,206.00,62.00,58.00,86.73,5.00,29.78
TUL,2026-02-14 17:53,-95.8881,36.1984,206.00,64.00,57.00,77.99,12.00,29.80
TUL,2026-02-14 18:53,-95.8881,36.1984,206.00,64.40,55.40,72.58,8.00,29.77
TUL,2026-02-14 19:53,-95.8881,36.1984,206.00,64.00,57.00,77.99,5.00,29.73
TUL,2026-02-14 20:53,-95.8881,36.1984,206.00,61.00,59.00,93.13,6.00,29.73
TUL,2026-02-14 21:53,-95.8881,36.1984,206.00,61.00,59.00,93.13,6.00,29.73
TUL,2026-02-14 22:53,-95.8881,36.1984,206.00,60.00,58.00,93.10,6.00,29.73
TUL,2026-02-14 23:53,-95.8881,36.1984,206.00,59.00,57.00,93.07,3.00,29.74
TUL,2026-02-15 00:53,-95.8881,36.1984,206.00,58.00,55.00,89.73,5.00,29.74
TUL,2026-02-15 01:53,-95.8881,36.1984,206.00,57.00,55.00,93.01,0.00,29.75
TUL,2026-02-15 02:53,-95.8881,36.1984,206.00,56.00,54.00,92.98,3.00,29.76
TUL,2026-02-15 03:53,-95.8881,36.1984,206.00,57.00,55.00,93.01,0.00,29.78
TUL,2026-02-15 04:53,-95.8881,36.1984,206.00,55.00,52.00,89.60,16.00,29.79
TUL,2026-02-15 05:53,-95.8881,36.1984,206.00,54.00,51.00,89.55,13.00,29.83
TUL,2026-02-15 06:53,-95.8881,36.1984,206.00,53.00,50.00,89.51,13.00,29.82
TUL,2026-02-15 07:53,-95.8881,36.1984,206.00,53.00,49.00,86.23,15.00,29.83
TUL,2026-02-15 09:53,-95.8881,36.1984,206.00,52.00,47.00,82.99,16.00,29.87
TUL,2026-02-15 10:53,-95.8881,36.1984,206.00,51.00,47.00,86.12,16.00,29.89
TUL,2026-02-15 11:53,-95.8881,36.1984,206.00,51.00,45.00,79.84,18.00,29.93
TUL,2026-02-15 13:53,-95.8881,36.1984,206.00,51.00,44.00,76.85,13.00,29.99
TUL,2026-02-15 14:53,-95.8881,36.1984,206.00,51.80,42.80,71.26,15.00,30.01
TUL,2026-02-15 15:53,-95.8881,36.1984,206.00,52.00,43.00,71.28,12.00,30.06
TUL,2026-02-15 16:53,-95.8881,36.1984,206.00,57.00,44.00,61.72,11.00,30.06
TUL,2026-02-15 17:53,-95.8881,36.1984,206.00,60.80,44.60,55.13,8.00,30.07
TUL,2026-02-15 18:53,-95.8881,36.1984,206.00,63.00,42.00,46.17,6.00,30.05
TUL,2026-02-15 19:53,-95.8881,36.1984,206.00,65.00,42.00,43.05,9.00,30.04
TUL,2026-02-15 20:53,-95.8881,36.1984,206.00,67.00,41.00,38.65,9.00,30.02
TUL,2026-02-15 21:53,-95.8881,36.1984,206.00,67.00,39.00,35.75,9.00,30.03
TUL,2026-02-15 22:53,-95.8881,36.1984,206.00,66.00,40.00,38.48,4.00,30.03
TUL,2026-02-15 23:53,-95.8881,36.1984,206.00,64.00,39.00,39.68,3.00,30.04
TUL,2026-02-16 00:53,-95.8881,36.1984,206.00,59.00,39.00,47.35,0.00,30.04
TUL,2026-02-16 01:53,-95.8881,36.1984,206.00,51.00,39.00,63.35,4.00,30.04
TUL,2026-02-16 02:53,-95.8881,36.1984,206.00,54.00,40.00,58.99,0.00,30.05
TUL,2026-02-16 03:53,-95.8881,36.1984,206.00,51.00,40.00,65.87,0.00,30.05
TUL,2026-02-16 04:53,-95.8881,36.1984,206.00,49.00,40.00,70.96,0.00,30.05
TUL,2026-02-16 05:53,-95.8881,36.1984,206.00,48.00,40.00,73.66,0.00,30.04
TUL,2026-02-16 06:53,-95.8881,36.1984,206.00,44.00,39.00,82.43,4.00,30.03
TUL,2026-02-16 07:53,-95.8881,36.1984,206.00,46.00,39.00,76.39,9.00,30.02
TUL,2026-02-16 08:53,-95.8881,36.1984,206.00,47.00,39.00,73.56,7.00,30.02
TUL,2026-02-16 09:53,-95.8881,36.1984,206.00,47.00,39.00,73.56,7.00,30.00
TUL,2026-02-16 10:53,-95.8881,36.1984,206.00,44.00,38.00,79.27,6.00,30.01
TUL,2026-02-16 11:53,-95.8881,36.1984,206.00,45.00,39.00,79.35,9.00,30.02
TUL,2026-02-16 12:53,-95.8881,36.1984,206.00,46.00,39.00,76.39,10.00,30.01
TUL,2026-02-16 13:53,-95.8881,36.1984,206.00,48.20,41.00,76.01,10.00,30.01
TUL,2026-02-16 14:53,-95.8881,36.1984,206.00,53.60,42.80,66.70,14.00,30.01
TUL,2026-02-16 15:53,-95.8881,36.1984,206.00,59.00,42.80,54.86,16.00,30.01
TUL,2026-02-16 16:53,-95.8881,36.1984,206.00,62.60,42.80,48.29,18.00,30.00
TUL,2026-02-16 17:53,-95.8881,36.1984,206.00,66.00,44.00,44.90,11.00,29.99
TUL,2026-02-16 18:53,-95.8881,36.1984,206.00,69.00,45.00,42.06,13.00,29.95
TUL,2026-02-16 19:53,-95.8881,36.1984,206.00,70.00,43.00,37.66,9.00,29.95
TUL,2026-02-16 20:53,-95.8881,36.1984,206.00,71.00,43.00,36.40,15.00,29.92
TUL,2026-02-16 21:53,-95.8881,36.1984,206.00,72.00,43.00,35.19,14.00,29.91
TUL,2026-02-16 22:53,-95.8881,36.1984,206.00,71.00,43.00,36.40,15.00,29.90
TUL,2026-02-16 23:53,-95.8881,36.1984,206.00,68.00,44.00,41.90,11.00,29.89
TUL,2026-02-17 00:53,-95.8881,36.1984,206.00,65.00,45.00,48.29,13.00,29.89
TUL,2026-02-17 01:53,-95.8881,36.1984,206.00,63.00,46.00,53.79,9.00,29.90
TUL,2026-02-17 02:53,-95.8881,36.1984,206.00,62.00,46.00,55.72,13.00,29.93
TUL,2026-02-17 03:53,-95.8881,36.1984,206.00,61.00,47.00,59.95,14.00,29.91
TUL,2026-02-17 04:53,-95.8881,36.1984,206.00,60.00,48.00,64.50,14.00,29.91
TUL,2026-02-17 05:53,-95.8881,36.1984,206.00,58.00,48.00,69.28,13.00,29.92
TUL,2026-02-17 06:53,-95.8881,36.1984,206.00,57.00,48.00,71.81,16.00,29.89
TUL,2026-02-17 07:53,-95.8881,36.1984,206.00,56.00,48.00,74.46,10.00,29.88
TUL,2026-02-17 08:53,-95.8881,36.1984,206.00,56.00,48.00,74.46,10.00,29.86
TUL,2026-02-17 09:53,-95.8881,36.1984,206.00,55.00,48.00,77.21,13.00,29.83
TUL,2026-02-17 10:53,-95.8881,36.1984,206.00,56.00,49.00,77.30,18.00,29.80
TUL,2026-02-17 11:53,-95.8881,36.1984,206.00,57.00,49.00,74.55,13.00,29.80
TUL,2026-02-17 12:53,-95.8881,36.1984,206.00,57.00,50.00,77.39,14.00,29.81
TUL,2026-02-17 13:53,-95.8881,36.1984,206.00,58.00,50.00,74.65,15.00,29.79
TUL,2026-02-17 14:53,-95.8881,36.1984,206.00,59.00,51.80,76.99,16.00,29.79
TUL,2026-02-17 15:53,-95.8881,36.1984,206.00,60.00,51.00,72.13,16.00,29.77
TUL,2026-02-17 16:53,-95.8881,36.1984,206.00,62.00,52.00,69.72,18.00,29.75
TUL,2026-02-17 17:53,-95.8881,36.1984,206.00,64.00,52.00,64.99,21.00,29.71
TUL,2026-02-17 18:53,-95.8881,36.1984,206.00,65.00,52.00,62.76,22.00,29.70
TUL,2026-02-17 19:53,-95.8881,36.1984,206.00,68.00,53.60,60.00,16.00,29.66
TUL,2026-02-17 20:53,-95.8881,36.1984,206.00,71.00,54.00,54.96,17.00,29.61
TUL,2026-02-17 21:53,-95.8881,36.1984,206.00,72.00,54.00,53.13,23.00,29.60
TUL,2026-02-17 22:53,-95.8881,36.1984,206.00,71.00,54.00,54.96,25.00,29.58
TUL,2026-02-17 23:53,-95.8881,36.1984,206.00,71.00,55.00,57.00,23.00,29.60
TUL,2026-02-18 00:53,-95.8881,36.1984,206.00,70.00,56.00,61.15,20.00,29.60
TUL,2026-02-18 01:53,-95.8881,36.1984,206.00,69.00,56.00,63.27,26.00,29.59
TUL,2026-02-18 02:53,-95.8881,36.1984,206.00,68.00,56.00,65.48,16.00,29.60
TUL,2026-02-18 03:53,-95.8881,36.1984,206.00,68.00,57.00,67.89,21.00,29.64
TUL,2026-02-18 04:53,-95.8881,36.1984,206.00,68.00,57.00,67.89,12.00,29.66
TUL,2026-02-18 05:53,-95.8881,36.1984,206.00,67.00,57.00,70.27,10.00,29.68
TUL,2026-02-18 06:53,-95.8881,36.1984,206.00,67.00,56.00,67.78,7.00,29.69
TUL,2026-02-18 07:53,-95.8881,36.1984,206.00,60.00,43.00,53.35,8.00,29.72
TUL,2026-02-18 08:53,-95.8881,36.1984,206.00,59.00,30.00,33.07,8.00,29.73
TUL,2026-02-18 09:53,-95.8881,36.1984,206.00,58.00,26.00,29.08,7.00,29.74
TUL,2026-02-18 10:53,-95.8881,36.1984,206.00,56.00,25.00,29.98,8.00,29.75
TUL,2026-02-18 11:53,-95.8881,36.1984,206.00,56.00,24.00,28.75,9.00,29.76
TUL,2026-02-18 12:53,-95.8881,36.1984,206.00,54.00,24.00,30.92,3.00,29.78
TUL,2026-02-18 13:53,-95.8881,36.1984,206.00,53.00,24.00,32.08,0.00,29.79
TUL,2026-02-18 14:53,-95.8881,36.1984,206.00,60.00,26.00,27.07,4.00,29.79
TUL,2026-02-18 15:53,-95.8881,36.1984,206.00,63.00,25.00,23.36,6.00,29.78
TUL,2026-02-18 16:53,-95.8881,36.1984,206.00,65.00,24.00,20.89,4.00,29.78
TUL,2026-02-18 17:53,-95.8881,36.1984,206.00,67.00,26.00,21.18,4.00,29.76
TUL,2026-02-18 18:53,-95.8881,36.1984,206.00,69.00,25.00,18.97,4.00,29.71
TUL,2026-02-18 19:53,-95.8881,36.1984,206.00,73.00,26.00,17.27,10.00,29.67
TUL,2026-02-18 20:53,-95.8881,36.1984,206.00,75.00,24.00,14.86,15.00,29.63
TUL,2026-02-18 21:53,-95.8881,36.1984,206.00,75.00,23.00,14.25,9.00,29.60
TUL,2026-02-18 22:53,-95.8881,36.1984,206.00,75.00,19.00,12.02,10.00,29.60
TUL,2026-02-18 23:53,-95.8881,36.1984,206.00,71.00,22.00,15.62,11.00,29.58
TUL,2026-02-19 00:53,-95.8881,36.1984,206.00,67.00,24.00,19.49,7.00,29.57
TUL,2026-02-19 01:53,-95.8881,36.1984,206.00,64.00,25.00,22.55,8.00,29.58
TUL,2026-02-19 02:53,-95.8881,36.1984,206.00,61.00,25.00,25.06,3.00,29.59
TUL,2026-02-19 03:53,-95.8881,36.1984,206.00,55.00,28.00,35.20,4.00,29.58
TUL,2026-02-19 04:53,-95.8881,36.1984,206.00,59.00,29.00,31.75,8.00,29.56
TUL,2026-02-19 05:53,-95.8881,36.1984,206.00,59.00,29.00,31.75,8.00,29.53
TUL,2026-02-19 06:53,-95.8881,36.1984,206.00,60.00,30.00,31.91,10.00,29.50
TUL,2026-02-19 07:53,-95.8881,36.1984,206.00,59.00,31.00,34.44,13.00,29.48
TUL,2026-02-19 08:53,-95.8881,36.1984,206.00,60.00,34.00,37.50,14.00,29.45
TUL,2026-02-19 09:53,-95.8881,36.1984,206.00,60.00,40.00,47.51,13.00,29.44
TUL,2026-02-19 10:53,-95.8881,36.1984,206.00,62.00,46.00,55.72,14.00,29.44
TUL,2026-02-19 11:53,-95.8881,36.1984,206.00,62.00,43.00,49.70,11.00,29.46
TUL,2026-02-19 12:53,-95.8881,36.1984,206.00,62.00,39.00,42.57,9.00,29.49
TUL,2026-02-19 13:53,-95.8881,36.1984,206.00,61.00,37.00,40.77,10.00,29.50
TUL,2026-02-19 14:53,-95.8881,36.1984,206.00,64.00,31.00,28.86,17.00,29.52
TUL,2026-02-19 15:53,-95.8881,36.1984,206.00,66.00,26.00,21.93,21.00,29.54
TUL,2026-02-19 16:53,-95.8881,36.1984,206.00,67.00,24.00,19.49,20.00,29.54
TUL,2026-02-19 17:53,-95.8881,36.1984,206.00,68.00,23.00,18.06,21.00,29.55
TUL,2026-02-19 18:53,-95.8881,36.1984,206.00,69.00,21.00,16.03,20.00,29.56
TUL,2026-02-19 19:53,-95.8881,36.1984,206.00,69.00,18.00,14.10,20.00,29.56
TUL,2026-02-19 20:53,-95.8881,36.1984,206.00,67.00,19.00,15.77,15.00,29.58
TUL,2026-02-19 21:53,-95.8881,36.1984,206.00,61.00,30.00,30.80,22.00,29.64
TUL,2026-02-19 22:53,-95.8881,36.1984,206.00,54.00,28.00,36.51,21.00,29.70
TUL,2026-02-19 23:53,-95.8881,36.1984,206.00,49.00,26.00,40.43,19.00,29.75
TUL,2026-02-20 00:53,-95.8881,36.1984,206.00,45.00,24.00,43.25,14.00,29.80
TUL,2026-02-20 01:53,-95.8881,36.1984,206.00,43.00,23.00,44.77,15.00,29.84
TUL,2026-02-20 02:53,-95.8881,36.1984,206.00,41.00,22.00,46.36,11.00,29.86
TUL,2026-02-20 03:53,-95.8881,36.1984,206.00,37.00,22.00,54.21,10.00,29.86
TUL,2026-02-20 04:53,-95.8881,36.1984,206.00,35.00,20.00,53.90,7.00,29.89
TUL,2026-02-20 05:53,-95.8881,36.1984,206.00,33.00,20.00,58.38,9.00,29.91
TUL,2026-02-20 06:53,-95.8881,36.1984,206.00,32.00,18.00,55.79,10.00,29.92
TUL,2026-02-20 07:53,-95.8881,36.1984,206.00,29.00,18.00,63.02,6.00,29.95
TUL,2026-02-20 08:53,-95.8881,36.1984,206.00,29.00,17.00,60.36,8.00,29.96
TUL,2026-02-20 10:57,-95.8881,36.1984,206.00,26.60,17.60,68.37,6.00,29.99
TUL,2026-02-20 12:05,-95.8881,36.1984,206.00,26.60,17.60,68.37,5.00,30.03
TUL,2026-02-20 12:05,-95.8881,36.1984,206.00,M,M,M,5.00,30.03
TUL,2026-02-20 13:53,-95.8881,36.1984,206.00,26.60,17.60,68.37,10.00,30.03
TUL,2026-02-20 14:53,-95.8881,36.1984,206.00,30.20,17.60,58.98,13.00,30.03
TUL,2026-02-20 15:53,-95.8881,36.1984,206.00,33.80,17.60,51.01,6.00,30.07
TUL,2026-02-20 16:53,-95.8881,36.1984,206.00,35.60,19.40,51.30,4.00,30.06
TUL,2026-02-20 17:53,-95.8881,36.1984,206.00,39.20,19.40,44.52,8.00,30.03
TUL,2026-02-20 18:53,-95.8881,36.1984,206.00,41.00,19.40,41.51,7.00,30.00
TUL,2026-02-20 19:53,-95.8881,36.1984,206.00,42.80,19.40,38.72,8.00,29.95
TUL,2026-02-20 20:53,-95.8881,36.1984,206.00,46.40,21.20,36.45,8.00,29.93
TUL,2026-02-20 21:53,-95.8881,36.1984,206.00,46.40,21.20,36.45,7.00,29.90
TUL,2026-02-20 22:53,-95.8881,36.1984,206.00,46.40,21.20,36.45,8.00,29.90
TUL,2026-02-20 23:53,-95.8881,36.1984,206.00,44.60,21.20,39.03,9.00,29.91
TUL,2026-02-21 00:53,-95.8881,36.1984,206.00,42.80,23.00,45.11,9.00,29.92
TUL,2026-02-21 01:53,-95.8881,36.1984,206.00,41.00,23.00,48.36,6.00,29.93
TUL,2026-02-21 02:53,-95.8881,36.1984,206.00,39.20,24.80,55.93,10.00,29.92
TUL,2026-02-21 03:53,-95.8881,36.1984,206.00,42.80,24.80,48.65,5.00,29.94
TUL,2026-02-21 04:53,-95.8881,36.1984,206.00,42.80,24.80,48.65,6.00,29.95
TUL,2026-02-21 05:53,-95.8881,36.1984,206.00,42.80,24.80,48.65,6.00,29.97
TUL,2026-02-21 06:53,-95.8881,36.1984,206.00,42.80,24.80,48.65,10.00,29.98
TUL,2026-02-21 07:53,-95.8881,36.1984,206.00,42.80,24.80,48.65,10.00,30.00
TUL,2026-02-21 08:53,-95.8881,36.1984,206.00,42.80,24.80,48.65,12.00,30.01
TUL,2026-02-21 09:53,-95.8881,36.1984,206.00,41.00,24.80,52.14,8.00,30.03
TUL,2026-02-21 10:53,-95.8881,36.1984,206.00,37.40,24.80,60.01,7.00,30.05
TUL,2026-02-21 11:53,-95.8881,36.1984,206.00,37.40,21.20,51.58,10.00,30.09
TUL,2026-02-21 12:53,-95.8881,36.1984,206.00,33.80,21.20,59.50,9.00,30.12
TUL,2026-02-21 13:53,-95.8881,36.1984,206.00,35.60,21.20,55.38,14.00,30.16
TUL,2026-02-21 14:53,-95.8881,36.1984,206.00,33.80,21.20,59.50,14.00,30.22
TUL,2026-02-21 15:53,-95.8881,36.1984,206.00,37.40,21.20,51.58,17.00,30.26
TUL,2026-02-21 16:53,-95.8881,36.1984,206.00,41.00,19.40,41.51,13.00,30.29
TUL,2026-02-21 17:53,-95.8881,36.1984,206.00,44.60,26.60,48.94,12.00,30.31
TUL,2026-02-21 18:53,-95.8881,36.1984,206.00,48.20,26.60,42.71,13.00,30.31
TUL,2026-02-21 19:53,-95.8881,36.1984,206.00,48.20,28.40,46.00,14.00,30.30
TUL,2026-02-21 20:53,-95.8881,36.1984,206.00,48.20,26.60,42.71,11.00,30.30
TUL,2026-02-21 21:53,-95.8881,36.1984,206.00,50.00,26.60,39.93,13.00,30.31
TUL,2026-02-21 22:53,-95.8881,36.1984,206.00,50.00,24.80,37.06,13.00,30.34
TUL,2026-02-21 23:53,-95.8881,36.1984,206.00,46.40,24.80,42.41,11.00,30.36
TUL,2026-02-22 00:53,-95.8881,36.1984,206.00,41.00,26.60,56.19,6.00,30.41
TUL,2026-02-22 01:53,-95.8881,36.1984,206.00,37.40,24.80,60.01,7.00,30.43
TUL,2026-02-22 02:53,-95.8881,36.1984,206.00,39.20,24.80,55.93,6.00,30.43
TUL,2026-02-22 03:53,-95.8881,36.1984,206.00,33.80,24.80,69.23,5.00,30.47
TUL,2026-02-22 04:53,-95.8881,36.1984,206.00,33.80,24.80,69.23,5.00,30.50
TUL,2026-02-22 05:53,-95.8881,36.1984,206.00,32.00,24.80,74.42,4.00,30.53
TUL,2026-02-22 06:53,-95.8881,36.1984,206.00,30.20,23.00,74.24,6.00,30.55
TUL,2026-02-22 07:53,-95.8881,36.1984,206.00,30.20,23.00,74.24,5.00,30.56
TUL,2026-02-22 08:53,-95.8881,36.1984,206.00,28.40,23.00,79.91,5.00,30.57
TUL,2026-02-22 09:53,-95.8881,36.1984,206.00,28.40,23.00,79.91,6.00,30.60
TUL,2026-02-22 10:53,-95.8881,36.1984,206.00,26.60,21.20,79.76,5.00,30.62
TUL,2026-02-22 11:53,-95.8881,36.1984,206.00,26.60,21.20,79.76,5.00,30.63
TUL,2026-02-22 12:53,-95.8881,36.1984,206.00,26.60,21.20,79.76,7.00,30.64
TUL,2026-02-22 13:53,-95.8881,36.1984,206.00,30.20,21.20,68.81,11.00,30.66
TUL,2026-02-22 14:53,-95.8881,36.1984,206.00,33.80,19.40,55.11,14.00,30.69
TUL,2026-02-22 15:53,-95.8881,36.1984,206.00,37.40,15.80,40.90,11.00,30.70
TUL,2026-02-22 16:53,-95.8881,36.1984,206.00,41.00,14.00,32.85,12.00,30.70
TUL,2026-02-22 17:53,-95.8881,36.1984,206.00,42.80,12.20,28.31,14.00,30.69
TUL,2026-02-22 18:53,-95.8881,36.1984,206.00,46.40,12.20,24.68,15.00,30.66
TUL,2026-02-22 19:53,-95.8881,36.1984,206.00,46.40,14.00,26.72,12.00,30.64
TUL,2026-02-22 20:53,-95.8881,36.1984,206.00,48.20,15.80,27.01,11.00,30.62
TUL,2026-02-22 21:53,-95.8881,36.1984,206.00,48.20,14.00,24.97,11.00,30.61
TUL,2026-02-22 22:53,-95.8881,36.1984,206.00,48.20,15.80,27.01,12.00,30.60
TUL,2026-02-22 23:53,-95.8881,36.1984,206.00,44.60,14.00,28.61,9.00,30.60
TUL,2026-02-23 00:53,-95.8881,36.1984,206.00,39.20,14.00,35.23,7.00,30.61
TUL,2026-02-23 01:53,-95.8881,36.1984,206.00,35.60,15.80,43.92,5.00,30.62
TUL,2026-02-23 02:53,-95.8881,36.1984,206.00,33.80,15.80,47.18,5.00,30.63
TUL,2026-02-23 03:53,-95.8881,36.1984,206.00,28.40,15.80,58.72,5.00,30.65
TUL,2026-02-23 04:53,-95.8881,36.1984,206.00,30.20,15.80,54.56,6.00,30.65
TUL,2026-02-23 05:53,-95.8881,36.1984,206.00,30.00,16.00,55.49,4.00,30.65
TUL,2026-02-23 06:53,-95.8881,36.1984,206.00,28.00,16.00,60.22,6.00,30.65
TUL,2026-02-23 07:53,-95.8881,36.1984,206.00,30.00,14.00,50.84,9.00,30.64
TUL,2026-02-23 08:53,-95.8881,36.1984,206.00,27.00,14.00,57.50,7.00,30.65
TUL,2026-02-23 09:53,-95.8881,36.1984,206.00,27.00,12.00,52.65,9.00,30.64
TUL,2026-02-23 10:53,-95.8881,36.1984,206.00,24.00,13.00,62.34,9.00,30.64
TUL,2026-02-23 11:53,-95.8881,36.1984,206.00,23.00,11.00,59.50,7.00,30.64
TUL,2026-02-23 12:53,-95.8881,36.1984,206.00,21.00,12.00,67.68,5.00,30.64
TUL,2026-02-23 13:53,-95.8881,36.1984,206.00,24.80,12.20,58.19,4.00,30.65
TUL,2026-02-23 14:53,-95.8881,36.1984,206.00,28.40,12.20,50.14,0.00,30.66
TUL,2026-02-23 15:53,-95.8881,36.1984,206.00,30.20,10.40,43.00,0.00,30.65
TUL,2026-02-23 16:53,-95.8881,36.1984,206.00,33.80,10.40,37.19,7.00,30.64
TUL,2026-02-23 17:53,-95.8881,36.1984,206.00,37.40,10.40,32.24,3.00,30.61
TUL,2026-02-23 18:53,-95.8881,36.1984,206.00,39.20,10.40,30.04,0.00,30.57
TUL,2026-02-23 19:53,-95.8881,36.1984,206.00,44.60,10.40,24.39,3.00,30.52
TUL,2026-02-23 20:53,-95.8881,36.1984,206.00,44.60,10.40,24.39,0.00,30.48
TUL,2026-02-23 21:53,-95.8881,36.1984,206.00,46.40,8.60,21.02,0.00,30.45
TUL,2026-02-23 22:53,-95.8881,36.1984,206.00,46.40,10.40,22.78,4.00,30.42
TUL,2026-02-23 23:53,-95.8881,36.1984,206.00,46.40,10.40,22.78,6.00,30.39
TUL,2026-02-24 00:53,-95.8881,36.1984,206.00,41.00,12.20,30.34,5.00,30.37
TUL,2026-02-24 01:53,-95.8881,36.1984,206.00,37.40,12.20,34.92,6.00,30.34
TUL,2026-02-24 02:53,-95.8881,36.1984,206.00,37.40,12.20,34.92,5.00,30.32
TUL,2026-02-24 03:53,-95.8881,36.1984,206.00,41.00,12.20,30.34,9.00,30.29
TUL,2026-02-24 04:53,-95.8881,36.1984,206.00,39.20,14.00,35.23,6.00,30.27
TUL,2026-02-24 05:53,-95.8881,36.1984,206.00,39.00,14.00,35.51,7.00,30.24
TUL,2026-02-24 06:53,-95.8881,36.1984,206.00,40.00,15.00,35.68,13.00,30.19
TUL,2026-02-24 07:53,-95.8881,36.1984,206.00,41.00,16.00,35.85,10.00,30.16
TUL,2026-02-24 08:53,-95.8881,36.1984,206.00,40.00,17.00,38.92,10.00,30.11
TUL,2026-02-24 09:53,-95.8881,36.1984,206.00,42.00,19.00,39.26,13.00,30.07
TUL,2026-02-24 10:53,-95.8881,36.1984,206.00,42.00,20.00,40.97,14.00,30.03
TUL,2026-02-24 11:53,-95.8881,36.1984,206.00,42.00,21.00,42.75,15.00,30.01
TUL,2026-02-24 12:53,-95.8881,36.1984,206.00,42.00,23.00,46.52,12.00,29.99
TUL,2026-02-24 13:53,-95.8881,36.1984,206.00,46.40,24.80,42.41,19.00,29.95
TUL,2026-02-24 14:53,-95.8881,36.1984,206.00,50.00,24.80,37.06,18.00,29.93
TUL,2026-02-24 15:53,-95.8881,36.1984,206.00,53.60,23.00,30.09,20.00,29.89
TUL,2026-02-24 16:53,-95.8881,36.1984,206.00,57.20,23.00,26.40,20.00,29.84
TUL,2026-02-24 17:53,-95.8881,36.1984,206.00,62.00,24.00,23.20,17.00,29.82
TUL,2026-02-24 18:53,-95.8881,36.1984,206.00,66.20,24.80,20.72,15.00,29.74
TUL,2026-02-24 19:53,-95.8881,36.1984,206.00,68.00,24.80,19.47,18.00,29.70
TUL,2026-02-24 20:53,-95.8881,36.1984,206.00,70.00,27.00,19.92,16.00,29.68
TUL,2026-02-24 21:53,-95.8881,36.1984,206.00,69.80,28.40,21.24,16.00,29.67
TUL,2026-02-24 22:53,-95.8881,36.1984,206.00,69.80,30.20,22.87,16.00,29.66
TUL,2026-02-24 23:53,-95.8881,36.1984,206.00,66.20,30.20,25.88,10.00,29.68
TUL,2026-02-25 00:53,-95.8881,36.1984,206.00,64.00,30.00,27.71,8.00,29.71
TUL,2026-02-25 01:53,-95.8881,36.1984,206.00,61.00,31.00,32.07,8.00,29.72
TUL,2026-02-25 02:53,-95.8881,36.1984,206.00,58.00,32.00,37.17,6.00,29.72
TUL,2026-02-25 03:53,-95.8881,36.1984,206.00,53.00,32.00,44.57,6.00,29.74
TUL,2026-02-25 04:53,-95.8881,36.1984,206.00,54.00,33.00,44.73,8.00,29.71
TUL,2026-02-25 05:53,-95.8881,36.1984,206.00,53.00,33.00,46.40,8.00,29.70
TUL,2026-02-25 06:53,-95.8881,36.1984,206.00,56.00,36.00,46.88,9.00,29.71
TUL,2026-02-25 07:53,-95.8881,36.1984,206.00,55.40,35.60,47.15,8.00,29.69
TUL,2026-02-25 08:53,-95.8881,36.1984,206.00,51.00,35.00,54.10,5.00,29.68
TUL,2026-02-25 09:53,-95.8881,36.1984,206.00,50.00,36.00,58.42,7.00,29.67
TUL,2026-02-25 10:53,-95.8881,36.1984,206.00,51.00,38.00,60.92,7.00,29.65
TUL,2026-02-25 11:53,-95.8881,36.1984,206.00,51.00,39.00,63.35,8.00,29.65
TUL,2026-02-25 12:53,-95.8881,36.1984,206.00,46.00,38.00,73.46,4.00,29.67
TUL,2026-02-25 13:53,-95.8881,36.1984,206.00,46.40,39.20,75.84,3.00,29.68
TUL,2026-02-25 14:53,-95.8881,36.1984,206.00,56.00,43.00,61.59,4.00,29.71
TUL,2026-02-25 15:53,-95.8881,36.1984,206.00,60.00,47.00,62.12,6.00,29.71
TUL,2026-02-25 16:53,-95.8881,36.1984,206.00,62.00,48.00,60.09,5.00,29.69
TUL,2026-02-25 17:53,-95.8881,36.1984,206.00,65.00,49.00,56.15,0.00,29.71
TUL,2026-02-25 18:53,-95.8881,36.1984,206.00,67.00,49.00,52.39,0.00,29.68
TUL,2026-02-25 19:53,-95.8881,36.1984,206.00,69.00,48.00,47.11,8.00,29.64
TUL,2026-02-25 20:53,-95.8881,36.1984,206.00,72.00,49.00,44.17,7.00,29.63
TUL,2026-02-25 21:53,-95.8881,36.1984,206.00,72.00,48.00,42.54,4.00,29.61
TUL,2026-02-25 22:53,-95.8881,36.1984,206.00,71.00,48.00,44.01,4.00,29.61
TUL,2026-02-25 23:53,-95.8881,36.1984,206.00,69.00,48.00,47.11,11.00,29.62
TUL,2026-02-26 00:53,-95.8881,36.1984,206.00,66.00,48.00,52.24,8.00,29.64
TUL,2026-02-26 01:53,-95.8881,36.1984,206.00,63.00,49.00,60.22,5.00,29.67
TUL,2026-02-26 02:53,-95.8881,36.1984,206.00,62.00,49.00,62.38,7.00,29.67
TUL,2026-02-26 03:53,-95.8881,36.1984,206.00,59.00,49.00,69.39,6.00,29.69
TUL,2026-02-26 04:53,-95.8881,36.1984,206.00,58.00,48.00,69.28,5.00,29.68
TUL,2026-02-26 05:53,-95.8881,36.1984,206.00,55.00,48.00,77.21,0.00,29.70
TUL,2026-02-26 06:53,-95.8881,36.1984,206.00,53.00,48.00,83.06,3.00,29.74
TUL,2026-02-26 07:53,-95.8881,36.1984,206.00,54.00,48.00,80.08,3.00,29.75
TUL,2026-02-26 08:53,-95.8881,36.1984,206.00,52.00,48.00,86.18,3.00,29.74
TUL,2026-02-26 09:53,-95.8881,36.1984,206.00,53.00,48.00,83.06,0.00,29.71
TUL,2026-02-26 10:53,-95.8881,36.1984,206.00,52.00,48.00,86.18,0.00,29.75
TUL,2026-02-26 11:53,-95.8881,36.1984,206.00,47.00,45.00,92.71,4.00,29.79
TUL,2026-02-26 12:53,-95.8881,36.1984,206.00,47.00,45.00,92.71,6.00,29.82
TUL,2026-02-26 13:53,-95.8881,36.1984,206.00,50.00,46.00,86.06,7.00,29.85
TUL,2026-02-26 14:53,-95.8881,36.1984,206.00,55.00,46.00,71.60,7.00,29.88
TUL,2026-02-26 15:53,-95.8881,36.1984,206.00,60.00,44.00,55.43,10.00,29.90
TUL,2026-02-26 16:53,-95.8881,36.1984,206.00,65.00,42.00,43.05,9.00,29.89
TUL,2026-02-26 17:53,-95.8881,36.1984,206.00,68.00,40.00,35.92,9.00,29.89
TUL,2026-02-26 18:53,-95.8881,36.1984,206.00,70.00,38.00,31.02,11.00,29.87
TUL,2026-02-26 19:53,-95.8881,36.1984,206.00,71.00,34.00,25.59,6.00,29.86
TUL,2026-02-26 20:53,-95.8881,36.1984,206.00,73.00,35.00,24.89,10.00,29.85
TUL,2026-02-26 21:53,-95.8881,36.1984,206.00,73.00,34.00,23.92,12.00,29.85
TUL,2026-02-26 22:53,-95.8881,36.1984,206.00,71.00,34.00,25.59,7.00,29.87
TUL,2026-02-26 23:53,-95.8881,36.1984,206.00,68.00,33.00,27.23,6.00,29.88
TUL,2026-02-27 00:53,-95.8881,36.1984,206.00,64.00,33.00,31.29,4.00,29.92
TUL,2026-02-27 01:53,-95.8881,36.1984,206.00,63.00,32.00,31.12,3.00,29.93
TUL,2026-02-27 02:53,-95.8881,36.1984,206.00,57.00,33.00,40.11,0.00,29.94
TUL,2026-02-27 03:53,-95.8881,36.1984,206.00,53.00,33.00,46.40,0.00,29.96
TUL,2026-02-27 04:53,-95.8881,36.1984,206.00,46.00,34.00,62.69,4.00,29.96
TUL,2026-02-27 05:53,-95.8881,36.1984,206.00,46.00,34.00,62.69,0.00,29.97
TUL,2026-02-27 06:53,-95.8881,36.1984,206.00,46.00,34.00,62.69,0.00,29.98
TUL,2026-02-27 07:53,-95.8881,36.1984,206.00,46.00,34.00,62.69,0.00,29.98
TUL,2026-02-27 08:53,-95.8881,36.1984,206.00,43.00,34.00,70.29,0.00,29.97
TUL,2026-02-27 09:53,-95.8881,36.1984,206.00,43.00,34.00,70.29,0.00,29.97
TUL,2026-02-27 10:53,-95.8881,36.1984,206.00,42.00,35.00,76.02,0.00,29.99
TUL,2026-02-27 11:53,-95.8881,36.1984,206.00,40.00,33.00,75.83,0.00,30.01
TUL,2026-02-27 12:53,-95.8881,36.1984,206.00,40.00,34.00,78.93,0.00,30.02
TUL,2026-02-27 13:53,-95.8881,36.1984,206.00,44.00,37.00,76.21,0.00,30.04
TUL,2026-02-27 14:53,-95.8881,36.1984,206.00,54.00,38.00,54.55,0.00,30.05
TUL,2026-02-27 15:53,-95.8881,36.1984,206.00,64.00,37.00,36.68,8.00,30.05
TUL,2026-02-27 16:53,-95.8881,36.1984,206.00,68.00,36.00,30.70,8.00,30.05
TUL,2026-02-27 17:53,-95.8881,36.1984,206.00,73.00,36.00,25.90,7.00,30.04
TUL,2026-02-27 18:53,-95.8881,36.1984,206.00,76.00,33.00,20.78,6.00,30.00
TUL,2026-02-27 19:53,-95.8881,36.1984,206.00,79.00,32.00,18.08,7.00,29.96
TUL,2026-02-27 20:53,-95.8881,36.1984,206.00,80.00,31.00,16.81,6.00,29.94
TUL,2026-02-27 21:53,-95.8881,36.1984,206.00,80.00,31.00,16.81,4.00,29.92
TUL,2026-02-27 22:53,-95.8881,36.1984,206.00,81.00,30.00,15.62,0.00,29.91
TUL,2026-02-27 23:53,-95.8881,36.1984,206.00,77.00,32.00,19.31,0.00,29.91
TUL,2026-02-28 00:53,-95.8881,36.1984,206.00,70.00,31.00,23.46,3.00,29.92
TUL,2026-02-28 01:53,-95.8881,36.1984,206.00,61.00,33.00,34.77,4.00,29.94
TUL,2026-02-28 02:53,-95.8881,36.1984,206.00,66.00,33.00,29.18,7.00,29.94
TUL,2026-02-28 03:53,-95.8881,36.1984,206.00,64.00,33.00,31.29,8.00,29.95
TUL,2026-02-28 04:53,-95.8881,36.1984,206.00,62.00,33.00,33.56,7.00,29.95
TUL,2026-02-28 05:53,-95.8881,36.1984,206.00,58.00,33.00,38.70,5.00,29.95
TUL,2026-02-28 06:53,-95.8881,36.1984,206.00,59.00,34.00,38.86,6.00,29.95
TUL,2026-02-28 07:53,-95.8881,36.1984,206.00,58.00,35.00,41.92,7.00,29.94
TUL,2026-02-28 08:53,-95.8881,36.1984,206.00,56.00,35.00,45.05,8.00,29.93
TUL,2026-02-28 09:53,-95.8881,36.1984,206.00,57.00,34.00,41.75,6.00,29.93
TUL,2026-02-28 10:53,-95.8881,36.1984,206.00,56.00,35.00,45.05,9.00,29.92
TUL,2026-02-28 11:53,-95.8881,36.1984,206.00,55.00,35.00,46.72,7.00,29.94
TUL,2026-02-28 12:53,-95.8881,36.1984,206.00,55.00,36.00,48.61,9.00,29.93
TUL,2026-02-28 13:53,-95.8881,36.1984,206.00,59.00,38.00,45.53,9.00,29.95
TUL,2026-02-28 14:53,-95.8881,36.1984,206.00,63.00,40.00,42.73,11.00,29.97
TUL,2026-02-28 15:53,-95.8881,36.1984,206.00,68.00,41.00,37.34,16.00,29.97
TUL,2026-02-28 16:53,-95.8881,36.1984,206.00,73.00,43.00,34.02,16.00,29.97
TUL,2026-02-28 17:53,-95.8881,36.1984,206.00,74.00,43.00,32.90,14.00,29.97
TUL,2026-02-28 18:53,-95.8881,36.1984,206.00,76.00,42.00,29.62,15.00,29.93
TUL,2026-02-28 19:53,-95.8881,36.1984,206.00,76.00,38.00,25.35,21.00,29.92
TUL,2026-02-28 20:53,-95.8881,36.1984,206.00,77.00,44.00,30.94,11.00,29.91
TUL,2026-02-28 21:53,-95.8881,36.1984,206.00,78.00,46.00,32.30,9.00,29.90
TUL,2026-02-28 22:53,-95.8881,36.1984,206.00,77.00,45.00,32.14,14.00,29.91
TUL,2026-02-28 23:53,-95.8881,36.1984,206.00,75.00,44.00,33.06,10.00,29.92
TUL,2026-03-01 00:53,-95.8881,36.1984,206.00,71.00,44.00,37.82,9.00,29.94
TUL,2026-03-01 01:53,-95.8881,36.1984,206.00,64.00,44.00,48.14,6.00,29.96
TUL,2026-03-01 02:53,-95.8881,36.1984,206.00,64.00,43.00,46.33,5.00,29.98
TUL,2026-03-01 03:53,-95.8881,36.1984,206.00,58.00,43.00,57.30,0.00,30.01
TUL,2026-03-01 04:53,-95.8881,36.1984,206.00,55.00,43.00,63.87,8.00,30.03
TUL,2026-03-01 05:53,-95.8881,36.1984,206.00,58.00,44.00,59.54,10.00,30.05
TUL,2026-03-01 06:53,-95.8881,36.1984,206.00,53.00,43.00,68.71,6.00,30.05
TUL,2026-03-01 07:53,-95.8881,36.1984,206.00,56.00,43.00,61.59,5.00,30.05
TUL,2026-03-01 08:53,-95.8881,36.1984,206.00,51.00,41.00,68.48,7.00,30.06
TUL,2026-03-01 09:53,-95.8881,36.1984,206.00,51.00,35.00,54.10,10.00,30.06
TUL,2026-03-01 10:53,-95.8881,36.1984,206.00,49.00,33.00,53.80,7.00,30.08
TUL,2026-03-01 11:53,-95.8881,36.1984,206.00,49.00,32.00,51.68,5.00,30.07
TUL,2026-03-01 12:53,-95.8881,36.1984,206.00,48.00,33.00,55.86,7.00,30.07
TUL,2026-03-01 13:53,-95.8881,36.1984,206.00,49.00,33.00,53.80,7.00,30.09
TUL,2026-03-01 14:53,-95.8881,36.1984,206.00,51.00,34.00,51.99,5.00,30.10
TUL,2026-03-01 15:53,-95.8881,36.1984,206.00,55.00,36.00,48.61,8.00,30.09
TUL,2026-03-01 16:53,-95.8881,36.1984,206.00,60.00,39.00,45.69,6.00,30.08
TUL,2026-03-01 17:53,-95.8881,36.1984,206.00,64.00,41.00,42.89,8.00,30.04
TUL,2026-03-01 18:53,-95.8881,36.1984,206.00,64.00,43.00,46.33,8.00,30.02
TUL,2026-03-01 19:53,-95.8881,36.1984,206.00,58.00,45.00,61.85,12.00,30.02
TUL,2026-03-01 20:53,-95.8881,36.1984,206.00,54.00,43.00,66.24,15.00,29.96
TUL,2026-03-01 21:53,-95.8881,36.1984,206.00,51.00,46.00,82.93,11.00,29.98
TUL,2026-03-01 22:53,-95.8881,36.1984,206.00,50.00,43.00,76.76,11.00,29.99
TUL,2026-03-01 23:53,-95.8881,36.1984,206.00,50.00,44.00,79.76,12.00,30.01
TUL,2026-03-02 00:53,-95.8881,36.1984,206.00,49.00,44.00,82.79,10.00,30.02
TUL,2026-03-02 01:53,-95.8881,36.1984,206.00,47.00,43.00,85.89,11.00,30.06
TUL,2026-03-02 02:53,-95.8881,36.1984,206.00,45.00,43.00,92.64,15.00,30.09
TUL,2026-03-02 03:53,-95.8881,36.1984,206.00,43.00,41.00,92.58,14.00,30.10
TUL,2026-03-02 04:53,-95.8881,36.1984,206.00,43.00,41.00,92.58,12.00,30.10
TUL,2026-03-02 05:53,-95.8881,36.1984,206.00,43.00,41.00,92.58,9.00,30.11
TUL,2026-03-02 06:53,-95.8881,36.1984,206.00,43.00,40.00,89.05,11.00,30.09
TUL,2026-03-02 07:53,-95.8881,36.1984,206.00,42.00,40.00,92.55,9.00,30.11
TUL,2026-03-02 08:53,-95.8881,36.1984,206.00,42.00,40.00,92.55,11.00,30.10
TUL,2026-03-02 09:53,-95.8881,36.1984,206.00,42.00,40.00,92.55,8.00,30.11
TUL,2026-03-02 10:53,-95.8881,36.1984,206.00,42.00,39.00,89.01,11.00,30.11
TUL,2026-03-02 11:53,-95.8881,36.1984,206.00,41.00,40.00,96.19,11.00,30.13
TUL,2026-03-02 12:53,-95.8881,36.1984,206.00,41.00,40.00,96.19,12.00,30.14
TUL,2026-03-02 13:53,-95.8881,36.1984,206.00,41.00,40.00,96.19,9.00,30.15
TUL,2026-03-02 14:53,-95.8881,36.1984,206.00,42.00,41.00,96.21,7.00,30.17
TUL,2026-03-02 15:53,-95.8881,36.1984,206.00,43.00,41.00,92.58,6.00,30.17
TUL,2026-03-02 16:53,-95.8881,36.1984,206.00,45.00,41.00,85.77,5.00,30.17
TUL,2026-03-02 17:53,-95.8881,36.1984,206.00,46.00,42.00,85.83,10.00,30.15
TUL,2026-03-02 18:53,-95.8881,36.1984,206.00,48.00,43.00,82.72,3.00,30.13
TUL,2026-03-02 19:53,-95.8881,36.1984,206.00,49.00,43.00,79.68,3.00,30.10
TUL,2026-03-02 20:53,-95.8881,36.1984,206.00,52.00,44.00,74.06,6.00,30.06
TUL,2026-03-02 21:53,-95.8881,36.1984,206.00,51.80,44.60,76.34,3.00,30.06
TUL,2026-03-02 22:53,-95.8881,36.1984,206.00,51.80,44.60,76.34,3.00,30.05
TUL,2026-03-02 23:53,-95.8881,36.1984,206.00,51.80,44.60,76.34,0.00,30.04
TUL,2026-03-03 00:53,-95.8881,36.1984,206.00,51.80,44.60,76.34,3.00,30.02
TUL,2026-03-03 01:53,-95.8881,36.1984,206.00,50.00,45.00,82.86,4.00,30.01
TUL,2026-03-03 02:53,-95.8881,36.1984,206.00,50.00,44.60,81.60,6.00,30.01
TUL,2026-03-03 03:53,-95.8881,36.1984,206.00,48.20,44.60,87.28,4.00,30.01
TUL,2026-03-03 04:53,-95.8881,36.1984,206.00,47.00,45.00,92.71,0.00,30.00
TUL,2026-03-03 05:53,-95.8881,36.1984,206.00,48.00,46.00,92.74,3.00,29.98
TUL,2026-03-03 06:53,-95.8881,36.1984,206.00,49.00,46.00,89.33,0.00,29.95
TUL,2026-03-03 07:53,-95.8881,36.1984,206.00,49.00,46.00,89.33,4.00,29.95
TUL,2026-03-03 08:53,-95.8881,36.1984,206.00,48.00,46.00,92.74,0.00,29.93
TUL,2026-03-03 09:53,-95.8881,36.1984,206.00,49.00,47.00,92.77,4.00,29.92
TUL,2026-03-03 10:53,-95.8881,36.1984,206.00,50.00,47.00,89.37,0.00,29.91
TUL,2026-03-03 11:53,-95.8881,36.1984,206.00,51.00,48.00,89.42,3.00,29.90
TUL,2026-03-03 12:53,-95.8881,36.1984,206.00,57.00,53.00,86.46,8.00,29.90
TUL,2026-03-03 13:53,-95.8881,36.1984,206.00,61.00,56.00,83.60,10.00,29.92
TUL,2026-03-03 14:53,-95.8881,36.1984,206.00,65.00,58.00,78.08,17.00,29.92
TUL,2026-03-03 15:53,-95.8881,36.1984,206.00,67.00,58.00,72.85,20.00,29.91
TUL,2026-03-03 16:53,-95.8881,36.1984,206.00,73.00,59.00,61.54,16.00,29.90
TUL,2026-03-03 17:53,-95.8881,36.1984,206.00,76.00,60.00,57.69,19.00,29.90
TUL,2026-03-03 18:53,-95.8881,36.1984,206.00,77.00,60.00,55.81,19.00,29.89
TUL,2026-03-03 19:53,-95.8881,36.1984,206.00,77.00,60.00,55.81,18.00,29.88
TUL,2026-03-03 20:53,-95.8881,36.1984,206.00,77.00,60.00,55.81,13.00,29.88
TUL,2026-03-03 21:53,-95.8881,36.1984,206.00,79.00,59.00,50.42,13.00,29.88
TUL,2026-03-03 22:53,-95.8881,36.1984,206.00,78.00,59.00,52.11,9.00,29.89
TUL,2026-03-03 23:53,-95.8881,36.1984,206.00,77.00,59.00,53.86,7.00,29.93
TUL,2026-03-04 00:53,-95.8881,36.1984,206.00,76.00,59.00,55.67,9.00,29.93
TUL,2026-03-04 01:53,-95.8881,36.1984,206.00,75.00,59.00,57.55,15.00,29.94
TUL,2026-03-04 02:53,-95.8881,36.1984,206.00,59.00,52.00,77.56,15.00,29.97
TUL,2026-03-04 03:53,-95.8881,36.1984,206.00,57.00,51.00,80.31,11.00,30.03
TUL,2026-03-04 04:53,-95.8881,36.1984,206.00,55.00,49.00,80.16,12.00,30.05
TUL,2026-03-04 05:53,-95.8881,36.1984,206.00,53.00,47.00,80.00,12.00,30.05
TUL,2026-03-04 06:53,-95.8881,36.1984,206.00,51.00,47.00,86.12,10.00,30.05
TUL,2026-03-04 07:53,-95.8881,36.1984,206.00,50.00,46.00,86.06,6.00,30.04
TUL,2026-03-04 08:53,-95.8881,36.1984,206.00,50.00,47.00,89.37,6.00,30.02
TUL,2026-03-04 09:53,-95.8881,36.1984,206.00,49.00,47.00,92.77,8.00,30.04
TUL,2026-03-04 10:53,-95.8881,36.1984,206.00,49.00,47.00,92.77,9.00,30.06
TUL,2026-03-04 11:53,-95.8881,36.1984,206.00,49.00,46.00,89.33,17.00,30.11
TUL,2026-03-04 12:53,-95.8881,36.1984,206.00,47.00,46.00,96.29,7.00,30.07
TUL,2026-03-04 13:53,-95.8881,36.1984,206.00,48.00,47.00,96.31,5.00,30.09
TUL,2026-03-04 14:53,-95.8881,36.1984,206.00,49.00,47.00,92.77,0.00,30.08
TUL,2026-03-04 15:53,-95.8881,36.1984,206.00,51.00,49.00,92.83,4.00,30.09
TUL,2026-03-04 16:53,-95.8881,36.1984,206.00,52.00,50.00,92.86,8.00,30.08
TUL,2026-03-04 17:53,-95.8881,36.1984,206.00,55.00,51.00,86.35,3.00,30.07
TUL,2026-03-04 18:53,-95.8881,36.1984,206.00,55.00,51.00,86.35,7.00,30.05
TUL,2026-03-04 19:53,-95.8881,36.1984,206.00,56.00,51.00,83.27,6.00,30.03
TUL,2026-03-04 20:53,-95.8881,36.1984,206.00,59.00,52.00,77.56,8.00,30.00
TUL,2026-03-04 21:53,-95.8881,36.1984,206.00,58.00,51.00,77.47,8.00,30.00
TUL,2026-03-04 22:53,-95.8881,36.1984,206.00,55.00,51.00,86.35,8.00,29.99
TUL,2026-03-04 23:53,-95.8881,36.1984,206.00,55.40,50.00,82.00,5.00,29.98
TUL,2026-03-05 00:53,-95.8881,36.1984,206.00,55.00,50.00,83.20,6.00,29.98
TUL,2026-03-05 01:53,-95.8881,36.1984,206.00,54.00,49.00,83.13,9.00,29.99
TUL,2026-03-05 02:53,-95.8881,36.1984,206.00,53.00,49.00,86.23,5.00,29.98
TUL,2026-03-05 03:53,-95.8881,36.1984,206.00,53.00,49.00,86.23,4.00,29.98
TUL,2026-03-05 04:53,-95.8881,36.1984,206.00,53.00,49.00,86.23,4.00,29.96
TUL,2026-03-05 05:53,-95.8881,36.1984,206.00,52.00,50.00,92.86,4.00,29.97
TUL,2026-03-05 06:53,-95.8881,36.1984,206.00,52.00,50.00,92.86,5.00,29.97
TUL,2026-03-05 07:53,-95.8881,36.1984,206.00,52.00,51.00,96.37,0.00,29.97
TUL,2026-03-05 08:53,-95.8881,36.1984,206.00,53.00,50.00,89.51,0.00,29.97
TUL,2026-03-05 09:53,-95.8881,36.1984,206.00,53.00,50.00,89.51,0.00,29.96
TUL,2026-03-05 10:53,-95.8881,36.1984,206.00,53.60,50.00,87.56,0.00,29.97
TUL,2026-03-05 11:53,-95.8881,36.1984,206.00,53.00,50.00,89.51,4.00,29.96
TUL,2026-03-05 12:53,-95.8881,36.1984,206.00,53.00,50.00,89.51,4.00,29.95
TUL,2026-03-05 13:53,-95.8881,36.1984,206.00,53.00,50.00,89.51,0.00,29.98
TUL,2026-03-05 14:53,-95.8881,36.1984,206.00,55.00,51.00,86.35,3.00,29.99
TUL,2026-03-05 15:53,-95.8881,36.1984,206.00,56.00,51.00,83.27,4.00,29.99
TUL,2026-03-05 16:53,-95.8881,36.1984,206.00,58.00,53.00,83.40,5.00,29.99
TUL,2026-03-05 17:53,-95.8881,36.1984,206.00,61.00,55.00,80.62,5.00,29.97
TUL,2026-03-05 18:53,-95.8881,36.1984,206.00,65.00,58.00,78.08,8.00,29.93
TUL,2026-03-05 19:53,-95.8881,36.1984,206.00,70.00,61.00,73.15,11.00,29.89
TUL,2026-03-05 20:53,-95.8881,36.1984,206.00,71.00,62.00,73.24,11.00,29.88
TUL,2026-03-05 21:53,-95.8881,36.1984,206.00,72.00,63.00,73.34,10.00,29.86
TUL,2026-03-05 22:53,-95.8881,36.1984,206.00,73.00,63.00,70.91,11.00,29.84
TUL,2026-03-05 23:53,-95.8881,36.1984,206.00,71.00,63.00,75.87,8.00,29.84
TUL,2026-03-06 00:53,-95.8881,36.1984,206.00,68.00,63.00,84.05,6.00,29.83
TUL,2026-03-06 01:53,-95.8881,36.1984,206.00,69.00,63.00,81.22,7.00,29.85
TUL,2026-03-06 02:53,-95.8881,36.1984,206.00,70.00,62.00,75.78,13.00,29.84
TUL,2026-03-06 03:53,-95.8881,36.1984,206.00,70.00,61.00,73.15,13.00,29.85
TUL,2026-03-06 04:53,-95.8881,36.1984,206.00,70.00,61.00,73.15,13.00,29.86
TUL,2026-03-06 05:53,-95.8881,36.1984,206.00,70.00,60.00,70.59,16.00,29.83
TUL,2026-03-06 06:53,-95.8881,36.1984,206.00,70.00,60.00,70.59,13.00,29.82
TUL,2026-03-06 07:53,-95.8881,36.1984,206.00,69.00,59.00,70.49,15.00,29.82
TUL,2026-03-06 08:53,-95.8881,36.1984,206.00,68.00,59.00,72.95,13.00,29.81
TUL,2026-03-06 09:53,-95.8881,36.1984,206.00,67.00,59.00,75.50,8.00,29.81
TUL,2026-03-06 10:53,-95.8881,36.1984,206.00,66.00,59.00,78.16,8.00,29.80
TUL,2026-03-06 11:53,-95.8881,36.1984,206.00,66.00,58.00,75.41,9.00,29.79
TUL,2026-03-06 12:53,-95.8881,36.1984,206.00,67.00,58.00,72.85,12.00,29.81
TUL,2026-03-06 13:53,-95.8881,36.1984,206.00,68.00,59.00,72.95,15.00,29.82
TUL,2026-03-06 14:53,-95.8881,36.1984,206.00,71.00,60.00,68.23,22.00,29.82
TUL,2026-03-06 15:53,-95.8881,36.1984,206.00,73.00,61.00,66.08,24.00,29.81
TUL,2026-03-06 16:53,-95.8881,36.1984,206.00,72.00,61.00,68.35,21.00,29.84
TUL,2026-03-06 17:53,-95.8881,36.1984,206.00,73.00,62.00,68.46,15.00,29.82
TUL,2026-03-06 18:53,-95.8881,36.1984,206.00,72.00,63.00,73.34,14.00,29.81
TUL,2026-03-06 19:53,-95.8881,36.1984,206.00,73.00,63.00,70.91,15.00,29.78
TUL,2026-03-06 20:53,-95.8881,36.1984,206.00,73.00,65.00,76.05,14.00,29.76
TUL,2026-03-06 21:53,-95.8881,36.1984,206.00,76.00,63.00,64.15,17.00,29.76
TUL,2026-03-06 22:53,-95.8881,36.1984,206.00,77.00,63.00,62.06,19.00,29.75
TUL,2026-03-06 23:53,-95.8881,36.1984,206.00,72.00,65.00,78.66,8.00,29.78
TUL,2026-03-07 00:53,-95.8881,36.1984,206.00,69.80,62.60,77.93,15.00,29.80
TUL,2026-03-07 01:53,-95.8881,36.1984,206.00,68.00,65.00,90.14,5.00,29.79
TUL,2026-03-07 02:53,-95.8881,36.1984,206.00,67.00,65.00,93.30,9.00,29.77
TUL,2026-03-07 03:53,-95.8881,36.1984,206.00,70.00,65.00,84.18,11.00,29.77
TUL,2026-03-07 04:53,-95.8881,36.1984,206.00,69.00,64.00,84.12,12.00,29.78
TUL,2026-03-07 05:53,-95.8881,36.1984,206.00,71.00,63.00,75.87,16.00,29.80
TUL,2026-03-07 06:53,-95.8881,36.1984,206.00,71.00,63.00,75.87,16.00,29.79
TUL,2026-03-07 07:53,-95.8881,36.1984,206.00,62.00,56.00,80.70,15.00,29.83
TUL,2026-03-07 08:53,-95.8881,36.1984,206.00,55.00,52.00,89.60,18.00,29.91
TUL,2026-03-07 09:53,-95.8881,36.1984,206.00,48.00,44.00,85.95,14.00,29.97
TUL,2026-03-07 10:53,-95.8881,36.1984,206.00,46.00,43.00,89.19,14.00,29.97
TUL,2026-03-07 11:53,-95.8881,36.1984,206.00,44.00,41.00,89.10,14.00,30.00
TUL,2026-03-07 12:53,-95.8881,36.1984,206.00,43.00,39.00,85.65,13.00,30.06
TUL,2026-03-07 13:53,-95.8881,36.1984,206.00,42.00,37.00,82.29,14.00,30.05
TUL,2026-03-07 14:53,-95.8881,36.1984,206.00,44.00,36.00,73.25,13.00,30.11
TUL,2026-03-07 15:53,-95.8881,36.1984,206.00,43.00,35.00,73.15,9.00,30.18
TUL,2026-03-07 16:53,-95.8881,36.1984,206.00,45.00,36.00,70.51,7.00,30.17
TUL,2026-03-07 17:53,-95.8881,36.1984,206.00,48.00,37.00,65.50,10.00,30.17
TUL,2026-03-07 18:53,-95.8881,36.1984,206.00,50.00,37.00,60.78,5.00,30.16
TUL,2026-03-07 19:53,-95.8881,36.1984,206.00,52.00,38.00,58.71,12.00,30.14
TUL,2026-03-07 20:53,-95.8881,36.1984,206.00,51.00,37.00,58.57,11.00,30.12
TUL,2026-03-07 21:53,-95.8881,36.1984,206.00,51.00,37.00,58.57,10.00,30.12
TUL,2026-03-07 22:53,-95.8881,36.1984,206.00,51.00,37.00,58.57,7.00,30.11
TUL,2026-03-07 23:53,-95.8881,36.1984,206.00,52.00,37.00,56.44,4.00,30.12
TUL,2026-03-08 00:53,-95.8881,36.1984,206.00,49.00,37.00,63.09,3.00,30.11
TUL,2026-03-08 01:53,-95.8881,36.1984,206.00,48.00,37.00,65.50,0.00,30.11
TUL,2026-03-08 02:53,-95.8881,36.1984,206.00,44.00,37.00,76.21,3.00,30.12
TUL,2026-03-08 03:53,-95.8881,36.1984,206.00,42.00,36.00,79.10,3.00,30.13
TUL,2026-03-08 04:53,-95.8881,36.1984,206.00,40.00,35.00,82.14,5.00,30.12
TUL,2026-03-08 05:53,-95.8881,36.1984,206.00,43.00,37.00,79.18,5.00,30.12
TUL,2026-03-08 06:53,-95.8881,36.1984,206.00,41.00,36.00,82.21,0.00,30.13
TUL,2026-03-08 07:53,-95.8881,36.1984,206.00,37.00,35.00,92.38,3.00,30.13
TUL,2026-03-08 08:53,-95.8881,36.1984,206.00,38.00,35.00,88.82,0.00,30.12
TUL,2026-03-08 09:53,-95.8881,36.1984,206.00,35.00,33.00,92.32,3.00,30.10
TUL,2026-03-08 10:53,-95.8881,36.1984,206.00,39.00,36.00,88.87,5.00,30.10
TUL,2026-03-08 11:53,-95.8881,36.1984,206.00,37.40,35.60,93.13,5.00,30.11
TUL,2026-03-08 12:53,-95.8881,36.1984,206.00,35.60,33.80,93.08,4.00,30.10
TUL,2026-03-08 13:53,-95.8881,36.1984,206.00,41.00,37.40,86.89,0.00,30.10
TUL,2026-03-08 14:53,-95.8881,36.1984,206.00,47.00,39.00,73.56,6.00,30.10
TUL,2026-03-08 15:53,-95.8881,36.1984,206.00,53.60,39.20,58.02,8.00,30.09
TUL,2026-03-08 16:53,-95.8881,36.1984,206.00,57.00,39.00,50.88,9.00,30.07
TUL,2026-03-08 17:53,-95.8881,36.1984,206.00,60.80,37.40,41.71,12.00,30.05
TUL,2026-03-08 18:53,-95.8881,36.1984,206.00,64.00,39.00,39.68,12.00,30.02
TUL,2026-03-08 19:53,-95.8881,36.1984,206.00,66.20,39.20,37.04,12.00,29.98
TUL,2026-03-08 20:53,-95.8881,36.1984,206.00,70.00,36.00,28.67,13.00,29.94
TUL,2026-03-08 21:53,-95.8881,36.1984,206.00,71.00,34.00,25.59,14.00,29.91
TUL,2026-03-08 22:53,-95.8881,36.1984,206.00,72.00,33.00,23.76,15.00,29.89
TUL,2026-03-08 23:53,-95.8881,36.1984,206.00,70.00,33.00,25.43,9.00,29.88
TUL,2026-03-09 00:53,-95.8881,36.1984,206.00,66.00,36.00,32.89,7.00,29.89
TUL,2026-03-09 01:53,-95.8881,36.1984,206.00,64.00,38.00,38.16,10.00,29.90
TUL,2026-03-09 02:53,-95.8881,36.1984,206.00,63.00,36.00,36.52,11.00,29.90
TUL,2026-03-09 03:53,-95.8881,36.1984,206.00,62.00,36.00,37.83,14.00,29.90
TUL,2026-03-09 04:53,-95.8881,36.1984,206.00,61.00,38.00,42.41,12.00,29.89
TUL,2026-03-09 05:53,-95.8881,36.1984,206.00,61.00,42.00,49.55,15.00,29.88
TUL,2026-03-09 06:53,-95.8881,36.1984,206.00,61.00,47.00,59.95,14.00,29.87
TUL,2026-03-09 07:53,-95.8881,36.1984,206.00,62.00,50.00,64.75,12.00,29.86
TUL,2026-03-09 08:53,-95.8881,36.1984,206.00,59.00,50.00,72.02,14.00,29.84
TUL,2026-03-09 09:53,-95.8881,36.1984,206.00,59.00,52.00,77.56,13.00,29.83
TUL,2026-03-09 10:53,-95.8881,36.1984,206.00,59.00,53.00,80.47,10.00,29.83
TUL,2026-03-09 11:53,-95.8881,36.1984,206.00,61.00,55.00,80.62,11.00,29.83
TUL,2026-03-09 12:53,-95.8881,36.1984,206.00,59.00,55.00,86.57,6.00,29.84
TUL,2026-03-09 13:53,-95.8881,36.1984,206.00,63.00,57.00,80.77,13.00,29.84
TUL,2026-03-09 14:53,-95.8881,36.1984,206.00,67.00,58.00,72.85,12.00,29.84
TUL,2026-03-09 15:53,-95.8881,36.1984,206.00,71.00,60.00,68.23,18.00,29.82
TUL,2026-03-09 16:53,-95.8881,36.1984,206.00,74.00,61.00,63.90,14.00,29.81
TUL,2026-03-09 17:53,-95.8881,36.1984,206.00,77.00,62.00,59.91,18.00,29.80
TUL,2026-03-09 18:53,-95.8881,36.1984,206.00,79.00,62.00,56.09,17.00,29.78
TUL,2026-03-09 19:53,-95.8881,36.1984,206.00,82.00,61.00,49.10,16.00,29.74
TUL,2026-03-09 20:53,-95.8881,36.1984,206.00,82.00,59.00,45.73,18.00,29.73
TUL,2026-03-09 21:53,-95.8881,36.1984,206.00,83.00,59.00,44.27,22.00,29.73
TUL,2026-03-09 22:53,-95.8881,36.1984,206.00,82.00,60.00,47.39,18.00,29.73
TUL,2026-03-09 23:53,-95.8881,36.1984,206.00,81.00,59.00,47.24,16.00,29.74
TUL,2026-03-10 00:53,-95.8881,36.1984,206.00,78.00,60.00,54.00,15.00,29.76
TUL,2026-03-10 01:53,-95.8881,36.1984,206.00,76.00,61.00,59.78,17.00,29.77
TUL,2026-03-10 02:53,-95.8881,36.1984,206.00,74.00,63.00,68.57,15.00,29.79
TUL,2026-03-10 03:53,-95.8881,36.1984,206.00,73.00,63.00,70.91,14.00,29.82
TUL,2026-03-10 04:53,-95.8881,36.1984,206.00,72.00,63.00,73.34,14.00,29.81
TUL,2026-03-10 05:53,-95.8881,36.1984,206.00,71.00,64.00,78.57,15.00,29.80
TUL,2026-03-10 06:53,-95.8881,36.1984,206.00,71.00,65.00,81.37,14.00,29.80
TUL,2026-03-10 07:53,-95.8881,36.1984,206.00,71.00,65.00,81.37,11.00,29.80
TUL,2026-03-10 08:53,-95.8881,36.1984,206.00,70.00,65.00,84.18,11.00,29.79
TUL,2026-03-10 09:53,-95.8881,36.1984,206.00,70.00,64.00,81.29,12.00,29.79
TUL,2026-03-10 10:53,-95.8881,36.1984,206.00,70.00,64.00,81.29,14.00,29.80
TUL,2026-03-10 11:53,-95.8881,36.1984,206.00,70.00,64.00,81.29,13.00,29.81
TUL,2026-03-10 12:53,-95.8881,36.1984,206.00,70.00,64.00,81.29,13.00,29.81
TUL,2026-03-10 13:53,-95.8881,36.1984,206.00,71.00,65.00,81.37,17.00,29.82
TUL,2026-03-10 14:53,-95.8881,36.1984,206.00,74.00,66.00,76.14,21.00,29.82
TUL,2026-03-10 15:53,-95.8881,36.1984,206.00,75.00,66.00,73.64,19.00,29.83
TUL,2026-03-10 16:53,-95.8881,36.1984,206.00,76.00,66.00,71.23,22.00,29.81
TUL,2026-03-10 17:53,-95.8881,36.1984,206.00,77.00,66.00,68.90,14.00,29.80
TUL,2026-03-10 18:53,-95.8881,36.1984,206.00,80.00,66.00,62.44,22.00,29.77
TUL,2026-03-10 19:53,-95.8881,36.1984,206.00,81.00,66.00,60.44,22.00,29.75
TUL,2026-03-10 20:53,-95.8881,36.1984,206.00,82.00,65.00,56.51,19.00,29.74
TUL,2026-03-10 21:53,-95.8881,36.1984,206.00,81.00,66.00,60.44,18.00,29.71
TUL,2026-03-10 22:53,-95.8881,36.1984,206.00,78.00,65.00,64.39,19.00,29.70
TUL,2026-03-10 23:53,-95.8881,36.1984,206.00,77.00,65.00,66.55,15.00,29.69
TUL,2026-03-11 00:53,-95.8881,36.1984,206.00,77.00,65.00,66.55,10.00,29.70
TUL,2026-03-11 01:53,-95.8881,36.1984,206.00,76.00,65.00,68.79,17.00,29.69
TUL,2026-03-11 02:53,-95.8881,36.1984,206.00,75.00,65.00,71.12,18.00,29.72
TUL,2026-03-11 03:53,-95.8881,36.1984,206.00,74.00,66.00,76.14,24.00,29.69
TUL,2026-03-11 04:53,-95.8881,36.1984,206.00,70.00,57.00,63.40,25.00,29.67
TUL,2026-03-11 05:53,-95.8881,36.1984,206.00,66.00,58.00,75.41,13.00,29.62
TUL,2026-03-11 06:53,-95.8881,36.1984,206.00,67.00,57.00,70.27,5.00,29.70
TUL,2026-03-11 07:53,-95.8881,36.1984,206.00,65.00,57.00,75.32,5.00,29.70
TUL,2026-03-11 08:53,-95.8881,36.1984,206.00,65.00,57.00,75.32,10.00,29.70
TUL,2026-03-11 09:53,-95.8881,36.1984,206.00,63.00,58.00,83.73,9.00,29.72
TUL,2026-03-11 10:53,-95.8881,36.1984,206.00,64.00,58.00,80.85,8.00,29.74
TUL,2026-03-11 11:53,-95.8881,36.1984,206.00,64.00,58.00,80.85,7.00,29.78
TUL,2026-03-11 12:53,-95.8881,36.1984,206.00,63.00,57.00,80.77,7.00,29.80
TUL,2026-03-11 13:53,-95.8881,36.1984,206.00,55.00,49.00,80.16,23.00,29.88
TUL,2026-03-11 14:53,-95.8881,36.1984,206.00,50.00,44.00,79.76,20.00,29.96
TUL,2026-03-11 15:53,-95.8881,36.1984,206.00,51.00,42.00,71.17,20.00,30.01
TUL,2026-03-11 16:53,-95.8881,36.1984,206.00,55.00,43.00,63.87,21.00,30.08
TUL,2026-03-11 17:53,-95.8881,36.1984,206.00,57.00,42.00,57.16,17.00,30.12
TUL,2026-03-11 18:53,-95.8881,36.1984,206.00,54.00,41.00,61.32,22.00,30.17
TUL,2026-03-11 19:53,-95.8881,36.1984,206.00,52.00,39.00,61.05,18.00,30.18
TUL,2026-03-11 20:53,-95.8881,36.1984,206.00,54.00,37.00,52.45,22.00,30.19
TUL,2026-03-11 21:53,-95.8881,36.1984,206.00,53.00,35.00,50.26,18.00,30.23
TUL,2026-03-11 22:53,-95.8881,36.1984,206.00,53.00,34.00,48.29,21.00,30.27
TUL,2026-03-11 23:53,-95.8881,36.1984,206.00,50.00,32.00,49.79,15.00,30.31
TUL,2026-03-12 00:53,-95.8881,36.1984,206.00,48.00,31.00,51.53,10.00,30.35
TUL,2026-03-12 01:53,-95.8881,36.1984,206.00,47.00,31.00,53.50,7.00,30.37
TUL,2026-03-12 02:53,-95.8881,36.1984,206.00,41.00,31.00,67.29,5.00,30.41
TUL,2026-03-12 03:53,-95.8881,36.1984,206.00,39.00,31.00,72.73,6.00,30.44
TUL,2026-03-12 04:53,-95.8881,36.1984,206.00,38.00,28.00,66.92,7.00,30.45
TUL,2026-03-12 05:53,-95.8881,36.1984,206.00,40.00,26.00,56.98,4.00,30.45
TUL,2026-03-12 06:53,-95.8881,36.1984,206.00,40.00,26.00,56.98,4.00,30.45
TUL,2026-03-12 07:53,-95.8881,36.1984,206.00,39.00,25.00,56.84,0.00,30.45
TUL,2026-03-12 08:53,-95.8881,36.1984,206.00,37.00,26.00,64.09,0.00,30.43
TUL,2026-03-12 09:53,-95.8881,36.1984,206.00,36.00,27.00,69.49,3.00,30.41
TUL,2026-03-12 10:53,-95.8881,36.1984,206.00,34.00,26.00,72.20,3.00,30.42
TUL,2026-03-12 11:53,-95.8881,36.1984,206.00,34.00,25.00,69.26,4.00,30.43
TUL,2026-03-12 12:53,-95.8881,36.1984,206.00,35.00,25.00,66.55,0.00,30.43
TUL,2026-03-12 13:53,-95.8881,36.1984,206.00,40.00,30.00,67.16,3.00,30.43
TUL,2026-03-12 14:53,-95.8881,36.1984,206.00,46.00,27.00,47.17,0.00,30.41
TUL,2026-03-12 15:53,-95.8881,36.1984,206.00,51.00,20.00,29.16,4.00,30.38
TUL,2026-03-12 16:53,-95.8881,36.1984,206.00,54.00,18.00,23.97,7.00,30.36
TUL,2026-03-12 17:53,-95.8881,36.1984,206.00,57.00,21.00,24.44,8.00,30.33
TUL,2026-03-12 18:53,-95.8881,36.1984,206.00,58.00,20.00,22.59,8.00,30.27
TUL,2026-03-12 19:53,-95.8881,36.1984,206.00,61.00,22.00,22.10,15.00,30.19
TUL,2026-03-12 20:53,-95.8881,36.1984,206.00,62.00,20.00,19.59,12.00,30.14
TUL,2026-03-12 21:53,-95.8881,36.1984,206.00,63.00,20.00,18.92,17.00,30.08
TUL,2026-03-12 22:53,-95.8881,36.1984,206.00,63.00,20.00,18.92,19.00,30.04
TUL,2026-03-12 23:53,-95.8881,36.1984,206.00,62.00,19.00,18.77,12.00,30.01
TUL,2026-03-13 00:53,-95.8881,36.1984,206.00,59.00,22.00,23.73,9.00,30.01
TUL,2026-03-13 01:53,-95.8881,36.1984,206.00,59.00,21.00,22.75,17.00,30.01
TUL,2026-03-13 02:53,-95.8881,36.1984,206.00,57.00,23.00,26.59,14.00,29.99
TUL,2026-03-13 03:53,-95.8881,36.1984,206.00,56.00,25.00,29.98,19.00,29.97
TUL,2026-03-13 04:53,-95.8881,36.1984,206.00,55.00,26.00,32.41,19.00,29.96
TUL,2026-03-13 05:53,-95.8881,36.1984,206.00,54.00,27.00,35.03,15.00,29.95
TUL,2026-03-13 06:53,-95.8881,36.1984,206.00,53.00,27.00,36.34,14.00,29.93
TUL,2026-03-13 07:53,-95.8881,36.1984,206.00,53.00,28.00,37.87,12.00,29.91
TUL,2026-03-13 08:53,-95.8881,36.1984,206.00,51.00,29.00,42.47,10.00,29.89
TUL,2026-03-13 09:53,-95.8881,36.1984,206.00,52.00,30.00,42.64,11.00,29.89
TUL,2026-03-13 10:53,-95.8881,36.1984,206.00,51.00,31.00,46.07,7.00,29.92
TUL,2026-03-13 11:53,-95.8881,36.1984,206.00,49.00,31.00,49.63,0.00,29.96
TUL,2026-03-13 12:53,-95.8881,36.1984,206.00,46.00,32.00,57.85,0.00,29.99
TUL,2026-03-13 13:53,-95.8881,36.1984,206.00,50.00,35.00,56.15,5.00,30.00
TUL,2026-03-13 14:53,-95.8881,36.1984,206.00,55.00,34.00,44.89,5.00,30.01
TUL,2026-03-13 15:53,-95.8881,36.1984,206.00,59.00,34.00,38.86,0.00,30.02
TUL,2026-03-13 16:53,-95.8881,36.1984,206.00,62.00,34.00,34.93,0.00,30.01
TUL,2026-03-13 17:53,-95.8881,36.1984,206.00,65.00,34.00,31.45,0.00,30.00
TUL,2026-03-13 18:53,-95.8881,36.1984,206.00,68.00,36.00,30.70,7.00,29.98
TUL,2026-03-13 19:53,-95.8881,36.1984,206.00,70.00,37.00,29.82,6.00,29.95
TUL,2026-03-13 20:53,-95.8881,36.1984,206.00,70.00,38.00,31.02,9.00,29.93
TUL,2026-03-13 21:53,-95.8881,36.1984,206.00,71.00,38.00,29.98,4.00,29.92
TUL,2026-03-13 22:53,-95.8881,36.1984,206.00,71.00,38.00,29.98,7.00,29.91
TUL,2026-03-13 23:53,-95.8881,36.1984,206.00,68.00,40.00,35.92,4.00,29.91
TUL,2026-03-14 00:53,-95.8881,36.1984,206.00,67.00,38.00,34.38,3.00,29.91
TUL,2026-03-14 01:53,-95.8881,36.1984,206.00,65.00,38.00,36.85,6.00,29.93
TUL,2026-03-14 02:53,-95.8881,36.1984,206.00,62.00,39.00,42.57,5.00,29.94
TUL,2026-03-14 03:53,-95.8881,36.1984,206.00,60.00,39.00,45.69,6.00,29.95
TUL,2026-03-14 04:53,-95.8881,36.1984,206.00,58.00,39.00,49.08,3.00,29.95
TUL,2026-03-14 05:53,-95.8881,36.1984,206.00,50.00,40.00,68.36,3.00,29.94
TUL,2026-03-14 06:53,-95.8881,36.1984,206.00,51.00,40.00,65.87,0.00,29.92
TUL,2026-03-14 07:53,-95.8881,36.1984,206.00,46.00,40.00,79.43,3.00,29.91
TUL,2026-03-14 08:53,-95.8881,36.1984,206.00,48.00,40.00,73.66,0.00,29.89
TUL,2026-03-14 09:53,-95.8881,36.1984,206.00,44.00,39.00,82.43,4.00,29.89
TUL,2026-03-14 10:53,-95.8881,36.1984,206.00,46.00,40.00,79.43,3.00,29.88
TUL,2026-03-14 11:53,-95.8881,36.1984,206.00,47.00,41.00,79.51,0.00,29.88
TUL,2026-03-14 12:53,-95.8881,36.1984,206.00,46.00,41.00,82.57,0.00,29.89
TUL,2026-03-14 13:53,-95.8881,36.1984,206.00,52.00,43.00,71.28,0.00,29.89
TUL,2026-03-14 14:53,-95.8881,36.1984,206.00,62.00,47.00,57.87,9.00,29.89
TUL,2026-03-14 15:53,-95.8881,36.1984,206.00,65.00,50.00,58.28,13.00,29.87
TUL,2026-03-14 16:53,-95.8881,36.1984,206.00,67.00,50.00,54.38,11.00,29.85
TUL,2026-03-14 17:53,-95.8881,36.1984,206.00,71.00,51.00,49.22,12.00,29.82
TUL,2026-03-14 18:53,-95.8881,36.1984,206.00,73.00,52.00,47.73,11.00,29.79
TUL,2026-03-14 19:53,-95.8881,36.1984,206.00,74.00,51.00,44.48,12.00,29.75
TUL,2026-03-14 20:53,-95.8881,36.1984,206.00,77.00,51.00,40.26,14.00,29.71
TUL,2026-03-14 21:53,-95.8881,36.1984,206.00,77.00,51.00,40.26,13.00,29.68
TUL,2026-03-14 22:53,-95.8881,36.1984,206.00,77.00,52.00,41.77,16.00,29.65
TUL,2026-03-14 23:53,-95.8881,36.1984,206.00,74.00,53.00,47.89,12.00,29.63
TUL,2026-03-15 00:53,-95.8881,36.1984,206.00,73.00,53.00,49.52,14.00,29.61
TUL,2026-03-15 01:53,-95.8881,36.1984,206.00,72.00,53.00,51.22,18.00,29.62
TUL,2026-03-15 02:53,-95.8881,36.1984,206.00,71.00,53.00,52.98,14.00,29.63
TUL,2026-03-15 03:53,-95.8881,36.1984,206.00,70.00,53.00,54.81,16.00,29.59
TUL,2026-03-15 04:53,-95.8881,36.1984,206.00,69.00,52.00,54.67,17.00,29.56
TUL,2026-03-15 05:53,-95.8881,36.1984,206.00,69.00,51.00,52.69,19.00,29.51
TUL,2026-03-15 06:53,-95.8881,36.1984,206.00,69.00,51.00,52.69,24.00,29.47
TUL,2026-03-15 07:53,-95.8881,36.1984,206.00,69.00,52.00,54.67,23.00,29.42
TUL,2026-03-15 08:53,-95.8881,36.1984,206.00,68.00,54.00,60.89,23.00,29.39
TUL,2026-03-15 09:53,-95.8881,36.1984,206.00,68.00,55.00,63.15,24.00,29.37
TUL,2026-03-15 10:53,-95.8881,36.1984,206.00,67.00,56.00,67.78,21.00,29.36
TUL,2026-03-15 11:53,-95.8881,36.1984,206.00,67.00,57.00,70.27,18.00,29.39
TUL,2026-03-15 12:53,-95.8881,36.1984,206.00,66.00,58.00,75.41,18.00,29.41
TUL,2026-03-15 13:53,-95.8881,36.1984,206.00,67.00,59.00,75.50,13.00,29.43
TUL,2026-03-15 14:53,-95.8881,36.1984,206.00,70.00,59.00,68.12,11.00,29.45
TUL,2026-03-15 15:53,-95.8881,36.1984,206.00,68.00,49.00,50.62,24.00,29.48
TUL,2026-03-15 16:53,-95.8881,36.1984,206.00,61.00,38.00,42.41,23.00,29.59
TUL,2026-03-15 17:53,-95.8881,36.1984,206.00,60.00,37.00,42.24,33.00,29.67
TUL,2026-03-15 18:53,-95.8881,36.1984,206.00,56.00,35.00,45.05,31.00,29.73
TUL,2026-03-15 19:53,-95.8881,36.1984,206.00,50.00,29.00,44.08,33.00,29.78
TUL,2026-03-15 20:53,-95.8881,36.1984,206.00,43.00,29.00,57.42,28.00,29.87
TUL,2026-03-15 21:53,-95.8881,36.1984,206.00,42.00,26.00,52.74,21.00,29.92
TUL,2026-03-15 22:53,-95.8881,36.1984,206.00,46.00,23.00,39.93,21.00,29.96
TUL,2026-03-15 23:53,-95.8881,36.1984,206.00,42.00,21.00,42.75,27.00,30.02
TUL,2026-03-16 00:53,-95.8881,36.1984,206.00,40.00,20.00,44.27,25.00,30.06
TUL,2026-03-16 01:53,-95.8881,36.1984,206.00,37.00,19.00,47.71,24.00,30.12
TUL,2026-03-16 02:53,-95.8881,36.1984,206.00,35.00,21.00,56.24,24.00,30.15
TUL,2026-03-16 03:53,-95.8881,36.1984,206.00,33.00,20.00,58.38,22.00,30.18
TUL,2026-03-16 04:53,-95.8881,36.1984,206.00,33.00,19.00,55.94,15.00,30.17
TUL,2026-03-16 05:53,-95.8881,36.1984,206.00,32.00,16.00,51.17,20.00,30.17
TUL,2026-03-16 06:53,-95.8881,36.1984,206.00,30.00,15.00,53.12,14.00,30.19
TUL,2026-03-16 07:53,-95.8881,36.1984,206.00,28.40,14.00,54.28,13.00,30.21
TUL,2026-03-16 08:53,-95.8881,36.1984,206.00,28.40,10.40,46.29,20.00,30.22
TUL,2026-03-16 09:53,-95.8881,36.1984,206.00,26.60,10.40,49.85,14.00,30.24
TUL,2026-03-16 10:53,-95.8881,36.1984,206.00,24.80,8.60,49.55,13.00,30.28
TUL,2026-03-16 11:53,-95.8881,36.1984,206.00,21.20,5.00,48.96,15.00,30.30
TUL,2026-03-16 12:53,-95.8881,36.1984,206.00,20.00,5.00,51.52,15.00,30.33
TUL,2026-03-16 13:53,-95.8881,36.1984,206.00,21.20,1.40,41.46,19.00,30.35
TUL,2026-03-16 14:53,-95.8881,36.1984,206.00,23.00,3.00,41.38,17.00,30.36
TUL,2026-03-16 15:53,-95.8881,36.1984,206.00,26.00,3.00,36.51,14.00,30.36
TUL,2026-03-16 16:53,-95.8881,36.1984,206.00,29.00,4.00,33.79,13.00,30.35
TUL,2026-03-16 17:53,-95.8881,36.1984,206.00,31.00,4.00,31.15,11.00,30.34
TUL,2026-03-16 18:53,-95.8881,36.1984,206.00,34.00,5.00,28.90,19.00,30.33
TUL,2026-03-16 19:53,-95.8881,36.1984,206.00,36.00,4.00,25.49,16.00,30.29
TUL,2026-03-16 20:53,-95.8881,36.1984,206.00,38.00,3.00,22.50,13.00,30.27
TUL,2026-03-16 21:53,-95.8881,36.1984,206.00,39.20,1.40,19.93,15.00,30.27
TUL,2026-03-16 22:53,-95.8881,36.1984,206.00,37.40,1.40,21.38,15.00,30.27
TUL,2026-03-16 23:53,-95.8881,36.1984,206.00,37.40,1.40,21.38,11.00,30.27
TUL,2026-03-17 00:53,-95.8881,36.1984,206.00,33.80,3.20,26.82,6.00,30.28
TUL,2026-03-17 01:53,-95.8881,36.1984,206.00,32.00,3.20,28.83,4.00,30.28
TUL,2026-03-17 02:53,-95.8881,36.1984,206.00,33.80,3.20,26.82,0.00,30.27
TUL,2026-03-17 03:53,-95.8881,36.1984,206.00,30.20,8.60,39.67,4.00,30.27
TUL,2026-03-17 04:53,-95.8881,36.1984,206.00,26.60,10.40,49.85,4.00,30.25
TUL,2026-03-17 05:53,-95.8881,36.1984,206.00,28.40,14.00,54.28,0.00,30.26
TUL,2026-03-17 06:53,-95.8881,36.1984,206.00,30.20,15.80,54.56,4.00,30.27
TUL,2026-03-17 07:53,-95.8881,36.1984,206.00,33.80,10.40,37.19,3.00,30.26
TUL,2026-03-17 08:53,-95.8881,36.1984,206.00,33.80,10.40,37.19,5.00,30.24
TUL,2026-03-17 09:53,-95.8881,36.1984,206.00,32.00,12.20,43.31,0.00,30.24
TUL,2026-03-17 10:53,-95.8881,36.1984,206.00,32.00,12.20,43.31,6.00,30.24
TUL,2026-03-17 11:53,-95.8881,36.1984,206.00,30.20,12.20,46.59,6.00,30.23
TUL,2026-03-17 12:53,-95.8881,36.1984,206.00,32.00,11.00,41.06,8.00,30.23
TUL,2026-03-17 13:53,-95.8881,36.1984,206.00,36.00,11.00,34.99,9.00,30.22
TUL,2026-03-17 14:53,-95.8881,36.1984,206.00,41.00,10.00,27.51,13.00,30.21
TUL,2026-03-17 15:53,-95.8881,36.1984,206.00,44.00,12.00,26.80,13.00,30.20
TUL,2026-03-17 16:53,-95.8881,36.1984,206.00,48.00,13.00,24.07,11.00,30.18
TUL,2026-03-17 17:53,-95.8881,36.1984,206.00,52.00,16.00,23.66,11.00,30.14
TUL,2026-03-17 18:53,-95.8881,36.1984,206.00,57.00,17.00,20.59,14.00,30.08
TUL,2026-03-17 19:53,-95.8881,36.1984,206.00,61.00,20.00,20.30,13.00,30.02
TUL,2026-03-17 20:53,-95.8881,36.1984,206.00,63.00,22.00,20.59,20.00,29.98
TUL,2026-03-17 21:53,-95.8881,36.1984,206.00,62.60,21.20,20.19,13.00,29.97
TUL,2026-03-17 22:53,-95.8881,36.1984,206.00,64.40,21.20,18.96,12.00,29.97
TUL,2026-03-17 23:53,-95.8881,36.1984,206.00,63.00,22.00,20.59,11.00,29.99
TUL,2026-03-18 00:53,-95.8881,36.1984,206.00,59.00,24.80,26.69,12.00,30.00
TUL,2026-03-18 01:53,-95.8881,36.1984,206.00,57.20,24.80,28.47,12.00,30.02
TUL,2026-03-18 02:53,-95.8881,36.1984,206.00,55.40,23.00,28.18,17.00,30.00
TUL,2026-03-18 03:53,-95.8881,36.1984,206.00,55.40,23.00,28.18,14.00,29.99
TUL,2026-03-18 04:53,-95.8881,36.1984,206.00,55.00,23.00,28.59,14.00,30.00
TUL,2026-03-18 05:53,-95.8881,36.1984,206.00,55.00,23.00,28.59,12.00,30.00
TUL,2026-03-18 06:53,-95.8881,36.1984,206.00,55.00,22.00,27.41,9.00,30.00
TUL,2026-03-18 07:53,-95.8881,36.1984,206.00,53.00,22.00,29.49,11.00,29.99
TUL,2026-03-18 08:53,-95.8881,36.1984,206.00,52.00,23.00,31.91,11.00,29.99
TUL,2026-03-18 09:53,-95.8881,36.1984,206.00,51.00,23.00,33.11,10.00,29.96
TUL,2026-03-18 10:53,-95.8881,36.1984,206.00,52.00,24.00,33.28,11.00,29.98
TUL,2026-03-18 11:53,-95.8881,36.1984,206.00,52.00,24.00,33.28,11.00,29.98
TUL,2026-03-18 12:53,-95.8881,36.1984,206.00,51.00,25.00,36.01,10.00,30.00
TUL,2026-03-18 13:53,-95.8881,36.1984,206.00,52.00,26.00,36.17,11.00,30.02
TUL,2026-03-18 14:53,-95.8881,36.1984,206.00,55.00,26.00,32.41,10.00,30.04
TUL,2026-03-18 15:53,-95.8881,36.1984,206.00,58.00,27.00,30.31,10.00,30.06
TUL,2026-03-18 16:53,-95.8881,36.1984,206.00,60.00,26.00,27.07,9.00,30.07
TUL,2026-03-18 17:53,-95.8881,36.1984,206.00,64.00,27.00,24.50,7.00,30.06
TUL,2026-03-18 18:53,-95.8881,36.1984,206.00,68.00,28.00,22.23,6.00,30.06
TUL,2026-03-18 19:53,-95.8881,36.1984,206.00,69.00,29.00,22.38,9.00,30.04
TUL,2026-03-18 20:53,-95.8881,36.1984,206.00,71.00,28.00,20.06,5.00,30.03
TUL,2026-03-18 21:53,-95.8881,36.1984,206.00,74.00,30.00,19.68,6.00,30.02
TUL,2026-03-18 22:53,-95.8881,36.1984,206.00,75.00,31.00,19.82,6.00,30.01
TUL,2026-03-18 23:53,-95.8881,36.1984,206.00,73.00,32.00,22.07,6.00,30.01
TUL,2026-03-19 00:53,-95.8881,36.1984,206.00,69.00,31.00,24.28,5.00,30.02
TUL,2026-03-19 01:53,-95.8881,36.1984,206.00,64.00,35.00,33.89,7.00,30.04
TUL,2026-03-19 02:53,-95.8881,36.1984,206.00,63.00,36.00,36.52,8.00,30.05
TUL,2026-03-19 03:53,-95.8881,36.1984,206.00,64.00,36.00,35.26,10.00,30.05
TUL,2026-03-19 04:53,-95.8881,36.1984,206.00,62.00,40.00,44.26,9.00,30.06
TUL,2026-03-19 05:53,-95.8881,36.1984,206.00,60.00,41.00,49.39,9.00,30.06
TUL,2026-03-19 06:53,-95.8881,36.1984,206.00,57.00,41.00,54.99,7.00,30.05
TUL,2026-03-19 07:53,-95.8881,36.1984,206.00,59.00,42.00,53.20,9.00,30.04
TUL,2026-03-19 08:53,-95.8881,36.1984,206.00,59.00,42.00,53.20,6.00,30.03
TUL,2026-03-19 09:53,-95.8881,36.1984,206.00,58.00,43.00,57.30,9.00,30.01
TUL,2026-03-19 10:53,-95.8881,36.1984,206.00,55.00,42.00,61.46,7.00,30.02
TUL,2026-03-19 11:53,-95.8881,36.1984,206.00,54.00,42.00,63.74,6.00,30.03
TUL,2026-03-19 12:53,-95.8881,36.1984,206.00,54.00,43.00,66.24,5.00,30.05
TUL,2026-03-19 13:53,-95.8881,36.1984,206.00,57.00,44.00,61.72,6.00,30.06
TUL,2026-03-19 14:53,-95.8881,36.1984,206.00,64.00,44.00,48.14,11.00,30.05
TUL,2026-03-19 15:53,-95.8881,36.1984,206.00,68.00,45.00,43.53,4.00,30.06
TUL,2026-03-19 16:53,-95.8881,36.1984,206.00,72.00,47.00,40.97,8.00,30.06
TUL,2026-03-19 17:53,-95.8881,36.1984,206.00,76.00,46.00,34.51,5.00,30.05
TUL,2026-03-19 18:53,-95.8881,36.1984,206.00,79.00,48.00,33.70,M,30.03
TUL,2026-03-19 19:53,-95.8881,36.1984,206.00,83.00,47.00,28.50,8.00,30.00
TUL,2026-03-19 20:53,-95.8881,36.1984,206.00,85.00,47.00,26.73,3.00,29.99
TUL,2026-03-19 21:53,-95.8881,36.1984,206.00,86.00,45.00,24.00,5.00,29.98
TUL,2026-03-19 22:53,-95.8881,36.1984,206.00,85.00,45.00,24.78,5.00,29.96
TUL,2026-03-19 23:53,-95.8881,36.1984,206.00,82.00,46.00,28.34,6.00,29.96
TUL,2026-03-20 00:53,-95.8881,36.1984,206.00,78.00,44.00,29.93,4.00,29.96
TUL,2026-03-20 01:53,-95.8881,36.1984,206.00,72.00,45.00,37.99,4.00,29.98
TUL,2026-03-20 02:53,-95.8881,36.1984,206.00,69.00,46.00,43.69,5.00,29.99
TUL,2026-03-20 03:53,-95.8881,36.1984,206.00,70.00,45.00,40.65,4.00,29.99
TUL,2026-03-20 04:53,-95.8881,36.1984,206.00,62.00,46.00,55.72,3.00,30.00
TUL,2026-03-20 05:53,-95.8881,36.1984,206.00,59.00,46.00,61.99,4.00,30.00
TUL,2026-03-20 06:53,-95.8881,36.1984,206.00,64.00,47.00,53.94,4.00,29.99
TUL,2026-03-20 07:53,-95.8881,36.1984,206.00,60.00,48.00,64.50,4.00,29.98
TUL,2026-03-20 08:53,-95.8881,36.1984,206.00,60.00,48.00,64.50,3.00,29.97
TUL,2026-03-20 09:53,-95.8881,36.1984,206.00,58.00,48.00,69.28,4.00,29.96
TUL,2026-03-20 10:53,-95.8881,36.1984,206.00,57.00,48.00,71.81,0.00,29.96
TUL,2026-03-20 11:53,-95.8881,36.1984,206.00,56.00,48.00,74.46,4.00,29.97
TUL,2026-03-20 12:53,-95.8881,36.1984,206.00,54.00,49.00,83.13,3.00,29.98
TUL,2026-03-20 13:53,-95.8881,36.1984,206.00,62.00,52.00,69.72,7.00,29.98
TUL,2026-03-20 14:53,-95.8881,36.1984,206.00,68.00,53.00,58.70,4.00,29.99
TUL,2026-03-20 15:53,-95.8881,36.1984,206.00,73.00,52.00,47.73,5.00,30.00
TUL,2026-03-20 16:53,-95.8881,36.1984,206.00,77.00,54.00,44.95,5.00,29.99
TUL,2026-03-20 17:53,-95.8881,36.1984,206.00,81.00,54.00,39.43,5.00,29.98
TUL,2026-03-20 18:53,-95.8881,36.1984,206.00,86.00,55.00,34.82,8.00,29.94
TUL,2026-03-20 19:53,-95.8881,36.1984,206.00,90.00,53.00,28.52,11.00,29.90
TUL,2026-03-20 20:53,-95.8881,36.1984,206.00,93.00,51.00,24.14,11.00,29.88
TUL,2026-03-20 21:53,-95.8881,36.1984,206.00,91.00,48.00,22.96,15.00,29.86
TUL,2026-03-20 22:53,-95.8881,36.1984,206.00,91.00,51.00,25.68,10.00,29.84
TUL,2026-03-20 23:53,-95.8881,36.1984,206.00,88.00,51.00,28.22,13.00,29.84
TUL,2026-03-21 00:53,-95.8881,36.1984,206.00,85.00,52.00,32.20,11.00,29.85
TUL,2026-03-21 01:53,-95.8881,36.1984,206.00,80.00,52.00,37.85,9.00,29.87
TUL,2026-03-21 02:53,-95.8881,36.1984,206.00,78.00,52.00,40.42,9.00,29.88
TUL,2026-03-21 03:53,-95.8881,36.1984,206.00,75.00,52.00,44.64,8.00,29.89
TUL,2026-03-21 04:53,-95.8881,36.1984,206.00,74.00,52.00,46.16,6.00,29.89
TUL,2026-03-21 05:53,-95.8881,36.1984,206.00,71.00,53.00,52.98,6.00,29.90
TUL,2026-03-21 06:53,-95.8881,36.1984,206.00,69.00,52.00,54.67,5.00,29.90
TUL,2026-03-21 07:53,-95.8881,36.1984,206.00,67.00,52.00,58.56,7.00,29.90
TUL,2026-03-21 08:53,-95.8881,36.1984,206.00,66.00,52.00,60.62,6.00,29.89
TUL,2026-03-21 09:53,-95.8881,36.1984,206.00,65.00,52.00,62.76,4.00,29.88
TUL,2026-03-21 10:53,-95.8881,36.1984,206.00,63.00,52.00,67.31,6.00,29.87
TUL,2026-03-21 11:53,-95.8881,36.1984,206.00,60.00,52.00,74.84,4.00,29.88
TUL,2026-03-21 12:53,-95.8881,36.1984,206.00,61.00,52.00,72.23,6.00,29.88
TUL,2026-03-21 13:53,-95.8881,36.1984,206.00,66.00,53.00,62.89,4.00,29.89
TUL,2026-03-21 14:53,-95.8881,36.1984,206.00,71.00,55.00,57.00,5.00,29.89
TUL,2026-03-21 15:53,-95.8881,36.1984,206.00,75.00,55.00,49.82,5.00,29.90
TUL,2026-03-21 16:53,-95.8881,36.1984,206.00,80.00,56.00,43.81,3.00,29.89
TUL,2026-03-21 17:53,-95.8881,36.1984,206.00,85.00,55.00,35.94,4.00,29.87
TUL,2026-03-21 18:53,-95.8881,36.1984,206.00,88.00,54.00,31.51,7.00,29.85
TUL,2026-03-21 19:53,-95.8881,36.1984,206.00,91.00,50.00,24.75,M,29.82
TUL,2026-03-21 20:53,-95.8881,36.1984,206.00,93.00,49.00,22.41,6.00,29.79
TUL,2026-03-21 21:53,-95.8881,36.1984,206.00,94.00,44.00,17.99,4.00,29.77
TUL,2026-03-21 22:53,-95.8881,36.1984,206.00,93.00,47.00,20.79,9.00,29.75
TUL,2026-03-21 23:53,-95.8881,36.1984,206.00,89.00,50.00,26.34,11.00,29.75
TUL,2026-03-22 00:53,-95.8881,36.1984,206.00,84.00,51.00,32.05,7.00,29.76
TUL,2026-03-22 01:53,-95.8881,36.1984,206.00,83.00,51.00,33.09,11.00,29.77
TUL,2026-03-22 02:53,-95.8881,36.1984,206.00,80.00,55.00,42.25,11.00,29.78
TUL,2026-03-22 03:53,-95.8881,36.1984,206.00,78.00,55.00,45.11,10.00,29.78
TUL,2026-03-22 04:53,-95.8881,36.1984,206.00,75.00,55.00,49.82,8.00,29.77
TUL,2026-03-22 05:53,-95.8881,36.1984,206.00,74.00,55.00,51.52,12.00,29.75
TUL,2026-03-22 06:53,-95.8881,36.1984,206.00,73.00,56.00,55.24,12.00,29.74
TUL,2026-03-22 07:53,-95.8881,36.1984,206.00,73.00,56.00,55.24,13.00,29.72
TUL,2026-03-22 08:53,-95.8881,36.1984,206.00,71.00,56.00,59.11,12.00,29.70
TUL,2026-03-22 09:53,-95.8881,36.1984,206.00,69.00,55.00,61.02,11.00,29.68
TUL,2026-03-22 10:53,-95.8881,36.1984,206.00,69.00,55.00,61.02,15.00,29.67
TUL,2026-03-22 11:53,-95.8881,36.1984,206.00,69.00,54.00,58.83,12.00,29.66
TUL,2026-03-22 12:53,-95.8881,36.1984,206.00,68.00,53.00,58.70,8.00,29.66
TUL,2026-03-22 13:53,-95.8881,36.1984,206.00,71.00,53.00,52.98,8.00,29.66
TUL,2026-03-22 14:53,-95.8881,36.1984,206.00,76.00,52.00,43.18,16.00,29.67
TUL,2026-03-22 15:53,-95.8881,36.1984,206.00,80.00,51.00,36.48,15.00,29.67
TUL,2026-03-22 16:53,-95.8881,36.1984,206.00,84.00,52.00,33.25,11.00,29.67
TUL,2026-03-22 17:53,-95.8881,36.1984,206.00,88.00,45.00,22.53,13.00,29.67
TUL,2026-03-22 18:53,-95.8881,36.1984,206.00,89.00,43.00,20.22,10.00,29.68
TUL,2026-03-22 19:53,-95.8881,36.1984,206.00,90.00,40.00,17.45,13.00,29.70
TUL,2026-03-22 20:53,-95.8881,36.1984,206.00,89.00,41.00,18.72,19.00,29.74
TUL,2026-03-22 21:53,-95.8881,36.1984,206.00,79.00,51.00,37.69,28.00,29.80
TUL,2026-03-22 22:53,-95.8881,36.1984,206.00,75.00,48.00,38.47,21.00,29.86
TUL,2026-03-22 23:53,-95.8881,36.1984,206.00,67.00,45.00,45.06,20.00,29.93
TUL,2026-03-23 00:53,-95.8881,36.1984,206.00,65.00,43.00,44.74,18.00,29.98
TUL,2026-03-23 01:53,-95.8881,36.1984,206.00,63.00,42.00,46.17,10.00,30.03
TUL,2026-03-23 02:53,-95.8881,36.1984,206.00,62.00,40.00,44.26,12.00,30.07
TUL,2026-03-23 03:53,-95.8881,36.1984,206.00,60.00,39.00,45.69,15.00,30.11
TUL,2026-03-23 04:53,-95.8881,36.1984,206.00,58.00,37.00,45.37,17.00,30.13
TUL,2026-03-23 05:53,-95.8881,36.1984,206.00,56.00,37.00,48.77,14.00,30.15
TUL,2026-03-23 06:53,-95.8881,36.1984,206.00,54.00,36.00,50.41,15.00,30.18
TUL,2026-03-23 07:53,-95.8881,36.1984,206.00,53.00,34.00,48.29,10.00,30.20
TUL,2026-03-23 08:53,-95.8881,36.1984,206.00,51.00,33.00,49.95,12.00,30.21
TUL,2026-03-23 09:53,-95.8881,36.1984,206.00,49.00,34.00,56.00,13.00,30.23
TUL,2026-03-23 10:53,-95.8881,36.1984,206.00,47.00,33.00,58.00,10.00,30.25
TUL,2026-03-23 11:53,-95.8881,36.1984,206.00,45.00,33.00,62.56,7.00,30.27
TUL,2026-03-23 12:53,-95.8881,36.1984,206.00,43.00,33.00,67.53,10.00,30.30
TUL,2026-03-23 13:53,-95.8881,36.1984,206.00,46.00,33.00,60.23,12.00,30.32
TUL,2026-03-23 14:53,-95.8881,36.1984,206.00,48.00,34.00,58.14,11.00,30.34
TUL,2026-03-23 15:53,-95.8881,36.1984,206.00,51.00,34.00,51.99,14.00,30.35
TUL,2026-03-23 16:53,-95.8881,36.1984,206.00,54.00,33.00,44.73,11.00,30.33
TUL,2026-03-23 17:53,-95.8881,36.1984,206.00,58.00,33.00,38.70,14.00,30.31
TUL,2026-03-23 18:53,-95.8881,36.1984,206.00,61.00,34.00,36.19,10.00,30.26
TUL,2026-03-23 19:53,-95.8881,36.1984,206.00,64.00,32.00,30.05,7.00,30.23
TUL,2026-03-23 20:53,-95.8881,36.1984,206.00,66.00,32.00,28.03,11.00,30.21
TUL,2026-03-23 21:53,-95.8881,36.1984,206.00,67.00,33.00,28.19,11.00,30.19
TUL,2026-03-23 22:53,-95.8881,36.1984,206.00,64.00,32.00,30.05,12.00,30.16
TUL,2026-03-23 23:53,-95.8881,36.1984,206.00,63.00,31.00,29.89,8.00,30.17
TUL,2026-03-24 00:53,-95.8881,36.1984,206.00,60.00,32.00,34.60,9.00,30.18
TUL,2026-03-24 01:53,-95.8881,36.1984,206.00,59.00,33.00,37.33,5.00,30.18
TUL,2026-03-24 02:53,-95.8881,36.1984,206.00,58.00,36.00,43.62,7.00,30.19
TUL,2026-03-24 03:53,-95.8881,36.1984,206.00,58.00,34.00,40.28,7.00,30.18
TUL,2026-03-24 04:53,-95.8881,36.1984,206.00,59.00,32.00,35.86,7.00,30.18
TUL,2026-03-24 05:53,-95.8881,36.1984,206.00,58.00,34.00,40.28,5.00,30.17
TUL,2026-03-24 06:53,-95.8881,36.1984,206.00,59.00,33.00,37.33,5.00,30.18
TUL,2026-03-24 07:53,-95.8881,36.1984,206.00,58.00,32.00,37.17,6.00,30.16
TUL,2026-03-24 08:53,-95.8881,36.1984,206.00,59.00,24.00,25.81,10.00,30.16
TUL,2026-03-24 09:53,-95.8881,36.1984,206.00,58.00,23.00,25.65,11.00,30.15
TUL,2026-03-24 10:53,-95.8881,36.1984,206.00,56.00,25.00,29.98,11.00,30.18
TUL,2026-03-24 11:53,-95.8881,36.1984,206.00,56.00,27.00,32.57,12.00,30.17
TUL,2026-03-24 12:53,-95.8881,36.1984,206.00,55.00,28.00,35.20,9.00,30.18
TUL,2026-03-24 13:53,-95.8881,36.1984,206.00,55.00,29.00,36.67,14.00,30.17
TUL,2026-03-24 14:53,-95.8881,36.1984,206.00,59.00,31.00,34.44,13.00,30.17
TUL,2026-03-24 15:53,-95.8881,36.1984,206.00,61.00,31.00,32.07,11.00,30.16
TUL,2026-03-24 16:53,-95.8881,36.1984,206.00,64.00,34.00,32.56,10.00,30.16
TUL,2026-03-24 17:53,-95.8881,36.1984,206.00,66.00,36.00,32.89,11.00,30.14
TUL,2026-03-24 18:53,-95.8881,36.1984,206.00,67.00,37.00,33.05,5.00,30.12
TUL,2026-03-24 19:53,-95.8881,36.1984,206.00,68.00,39.00,34.54,8.00,30.07
TUL,2026-03-24 20:53,-95.8881,36.1984,206.00,69.00,41.00,36.08,8.00,30.06
TUL,2026-03-24 21:53,-95.8881,36.1984,206.00,69.00,41.00,36.08,8.00,30.04
TUL,2026-03-24 22:53,-95.8881,36.1984,206.00,69.00,43.00,38.97,8.00,30.04
TUL,2026-03-24 23:53,-95.8881,36.1984,206.00,67.00,43.00,41.74,8.00,30.03
TUL,2026-03-25 00:53,-95.8881,36.1984,206.00,64.00,42.00,44.58,6.00,30.03
TUL,2026-03-25 01:53,-95.8881,36.1984,206.00,63.00,42.00,46.17,4.00,30.05
TUL,2026-03-25 02:53,-95.8881,36.1984,206.00,58.00,43.00,57.30,6.00,30.05
TUL,2026-03-25 03:53,-95.8881,36.1984,206.00,62.00,43.00,49.70,8.00,30.06
TUL,2026-03-25 04:53,-95.8881,36.1984,206.00,61.00,43.00,51.49,8.00,30.05
TUL,2026-03-25 05:53,-95.8881,36.1984,206.00,59.00,43.00,55.29,8.00,30.04
TUL,2026-03-25 06:53,-95.8881,36.1984,206.00,59.00,44.00,57.44,8.00,30.03
TUL,2026-03-25 07:53,-95.8881,36.1984,206.00,59.00,44.00,57.44,7.00,30.02
TUL,2026-03-25 08:53,-95.8881,36.1984,206.00,58.00,44.00,59.54,7.00,30.01
TUL,2026-03-25 09:53,-95.8881,36.1984,206.00,57.00,44.00,61.72,8.00,30.01
TUL,2026-03-25 10:53,-95.8881,36.1984,206.00,57.00,45.00,64.12,8.00,30.01
TUL,2026-03-25 11:53,-95.8881,36.1984,206.00,55.00,45.00,68.94,6.00,30.01
TUL,2026-03-25 12:53,-95.8881,36.1984,206.00,57.00,46.00,66.60,8.00,30.01
TUL,2026-03-25 13:53,-95.8881,36.1984,206.00,60.00,48.00,64.50,12.00,30.01
TUL,2026-03-25 14:53,-95.8881,36.1984,206.00,66.00,52.00,60.62,14.00,30.00
TUL,2026-03-25 15:53,-95.8881,36.1984,206.00,72.00,55.00,55.10,12.00,30.00
TUL,2026-03-25 16:53,-95.8881,36.1984,206.00,78.00,57.00,48.50,11.00,29.98
TUL,2026-03-25 17:53,-95.8881,36.1984,206.00,84.00,59.00,42.87,15.00,29.96
TUL,2026-03-25 18:53,-95.8881,36.1984,206.00,86.00,58.00,38.80,13.00,29.93
TUL,2026-03-25 19:53,-95.8881,36.1984,206.00,88.00,58.00,36.42,19.00,29.89
TUL,2026-03-25 20:53,-95.8881,36.1984,206.00,89.00,58.00,35.29,15.00,29.87
TUL,2026-03-25 21:53,-95.8881,36.1984,206.00,89.00,59.00,36.58,15.00,29.87
TUL,2026-03-25 22:53,-95.8881,36.1984,206.00,87.00,59.00,38.96,17.00,29.87
TUL,2026-03-25 23:53,-95.8881,36.1984,206.00,85.00,59.00,41.52,15.00,29.88
TUL,2026-03-26 00:53,-95.8881,36.1984,206.00,83.00,59.00,44.27,14.00,29.89
TUL,2026-03-26 01:53,-95.8881,36.1984,206.00,80.00,59.00,48.80,12.00,29.90
TUL,2026-03-26 02:53,-95.8881,36.1984,206.00,78.00,60.00,54.00,13.00,29.91
TUL,2026-03-26 03:53,-95.8881,36.1984,206.00,77.00,60.00,55.81,18.00,29.91
TUL,2026-03-26 04:53,-95.8881,36.1984,206.00,76.00,60.00,57.69,16.00,29.90
TUL,2026-03-26 05:53,-95.8881,36.1984,206.00,75.00,60.00,59.64,15.00,29.89
TUL,2026-03-26 06:53,-95.8881,36.1984,206.00,73.00,60.00,63.78,12.00,29.89
TUL,2026-03-26 07:53,-95.8881,36.1984,206.00,73.00,60.00,63.78,10.00,29.89
TUL,2026-03-26 08:53,-95.8881,36.1984,206.00,71.00,59.00,65.84,10.00,29.88
TUL,2026-03-26 09:53,-95.8881,36.1984,206.00,68.00,59.00,72.95,6.00,29.88
TUL,2026-03-26 10:53,-95.8881,36.1984,206.00,68.00,59.00,72.95,7.00,29.88
TUL,2026-03-26 11:53,-95.8881,36.1984,206.00,67.00,58.00,72.85,8.00,29.88
TUL,2026-03-26 12:53,-95.8881,36.1984,206.00,68.00,59.00,72.95,13.00,29.88
TUL,2026-03-26 13:53,-95.8881,36.1984,206.00,72.00,60.00,65.96,17.00,29.88
TUL,2026-03-26 14:53,-95.8881,36.1984,206.00,75.00,61.00,61.80,16.00,29.87
TUL,2026-03-26 15:53,-95.8881,36.1984,206.00,80.00,61.00,52.40,19.00,29.87
TUL,2026-03-26 16:53,-95.8881,36.1984,206.00,83.00,61.00,47.54,19.00,29.85
TUL,2026-03-26 17:53,-95.8881,36.1984,206.00,87.00,61.00,41.83,16.00,29.82
TUL,2026-03-26 18:53,-95.8881,36.1984,206.00,89.00,61.00,39.28,22.00,29.79
TUL,2026-03-26 19:53,-95.8881,36.1984,206.00,90.00,60.00,36.73,24.00,29.76
TUL,2026-03-26 20:53,-95.8881,36.1984,206.00,90.00,59.00,35.45,27.00,29.75
TUL,2026-03-26 21:53,-95.8881,36.1984,206.00,90.00,59.00,35.45,16.00,29.74
TUL,2026-03-26 22:53,-95.8881,36.1984,206.00,88.00,59.00,37.75,19.00,29.74
TUL,2026-03-26 23:53,-95.8881,36.1984,206.00,85.00,60.00,43.03,17.00,29.74
TUL,2026-03-27 00:53,-95.8881,36.1984,206.00,83.00,59.00,44.27,18.00,29.77
TUL,2026-03-27 01:53,-95.8881,36.1984,206.00,81.00,60.00,48.95,12.00,29.80
TUL,2026-03-27 02:53,-95.8881,36.1984,206.00,79.00,61.00,54.14,12.00,29.82
TUL,2026-03-27 03:53,-95.8881,36.1984,206.00,78.00,61.00,55.95,8.00,29.87
TUL,2026-03-27 04:53,-95.8881,36.1984,206.00,75.00,61.00,61.80,0.00,29.91
TUL,2026-03-27 05:53,-95.8881,36.1984,206.00,73.00,61.00,66.08,6.00,29.90
TUL,2026-03-27 06:53,-95.8881,36.1984,206.00,66.00,60.00,81.00,8.00,29.95
TUL,2026-03-27 07:53,-95.8881,36.1984,206.00,67.00,51.00,56.44,11.00,29.98
TUL,2026-03-27 08:53,-95.8881,36.1984,206.00,66.00,50.00,56.29,14.00,30.01
TUL,2026-03-27 09:53,-95.8881,36.1984,206.00,63.00,48.00,58.01,20.00,30.05
TUL,2026-03-27 10:53,-95.8881,36.1984,206.00,58.00,47.00,66.72,16.00,30.11
TUL,2026-03-27 11:53,-95.8881,36.1984,206.00,55.00,48.00,77.21,20.00,30.19
TUL,2026-03-27 12:53,-95.8881,36.1984,206.00,54.00,46.00,74.26,20.00,30.25
TUL,2026-03-27 13:53,-95.8881,36.1984,206.00,53.00,45.00,74.16,18.00,30.31
TUL,2026-03-27 14:53,-95.8881,36.1984,206.00,51.00,42.00,71.17,19.00,30.37
TUL,2026-03-27 15:53,-95.8881,36.1984,206.00,51.00,41.00,68.48,21.00,30.41
TUL,2026-03-27 16:53,-95.8881,36.1984,206.00,52.00,41.00,65.99,21.00,30.44
TUL,2026-03-27 17:53,-95.8881,36.1984,206.00,54.00,39.00,56.73,21.00,30.45
TUL,2026-03-27 18:53,-95.8881,36.1984,206.00,56.00,32.00,39.95,19.00,30.46
TUL,2026-03-27 19:53,-95.8881,36.1984,206.00,59.00,35.00,40.44,18.00,30.47
TUL,2026-03-27 20:53,-95.8881,36.1984,206.00,61.00,29.00,29.57,20.00,30.46
TUL,2026-03-27 21:53,-95.8881,36.1984,206.00,60.00,25.00,25.97,21.00,30.46
TUL,2026-03-27 22:53,-95.8881,36.1984,206.00,60.00,25.00,25.97,12.00,30.48
TUL,2026-03-27 23:53,-95.8881,36.1984,206.00,58.00,28.00,31.58,14.00,30.50
TUL,2026-03-28 00:53,-95.8881,36.1984,206.00,56.00,28.00,33.94,16.00,30.52
TUL,2026-03-28 01:53,-95.8881,36.1984,206.00,56.00,28.00,33.94,11.00,30.54
TUL,2026-03-28 02:53,-95.8881,36.1984,206.00,55.00,22.00,27.41,14.00,30.56
TUL,2026-03-28 03:53,-95.8881,36.1984,206.00,54.00,24.00,30.92,9.00,30.58
TUL,2026-03-28 04:53,-95.8881,36.1984,206.00,52.00,22.00,30.59,10.00,30.59
TUL,2026-03-28 05:53,-95.8881,36.1984,206.00,50.00,22.00,32.95,11.00,30.59
TUL,2026-03-28 06:53,-95.8881,36.1984,206.00,50.00,21.00,31.58,10.00,30.60
TUL,2026-03-28 07:53,-95.8881,36.1984,206.00,49.00,21.00,32.78,8.00,30.61
TUL,2026-03-28 08:53,-95.8881,36.1984,206.00,48.00,22.00,35.50,6.00,30.60
TUL,2026-03-28 09:53,-95.8881,36.1984,206.00,47.00,21.00,35.33,4.00,30.59
TUL,2026-03-28 10:53,-95.8881,36.1984,206.00,45.00,21.00,38.11,5.00,30.60
TUL,2026-03-28 11:53,-95.8881,36.1984,206.00,44.00,21.00,39.59,5.00,30.60
TUL,2026-03-28 12:53,-95.8881,36.1984,206.00,45.00,23.00,41.48,3.00,30.60
TUL,2026-03-28 13:53,-95.8881,36.1984,206.00,48.20,21.20,34.06,7.00,30.60
TUL,2026-03-28 14:53,-95.8881,36.1984,206.00,52.00,19.00,26.93,11.00,30.60
TUL,2026-03-28 15:53,-95.8881,36.1984,206.00,55.40,19.40,24.19,9.00,30.58
TUL,2026-03-28 16:53,-95.8881,36.1984,206.00,55.40,19.40,24.19,7.00,30.55
TUL,2026-03-28 17:53,-95.8881,36.1984,206.00,59.00,19.40,21.25,13.00,30.51
TUL,2026-03-28 18:53,-95.8881,36.1984,206.00,60.80,19.40,19.93,12.00,30.47
TUL,2026-03-28 19:53,-95.8881,36.1984,206.00,63.00,20.00,18.92,11.00,30.42
TUL,2026-03-28 20:53,-95.8881,36.1984,206.00,63.00,23.00,21.48,11.00,30.38
TUL,2026-03-28 21:53,-95.8881,36.1984,206.00,64.00,22.00,19.88,10.00,30.34
TUL,2026-03-28 22:53,-95.8881,36.1984,206.00,64.00,22.00,19.88,13.00,30.30
TUL,2026-03-28 23:53,-95.8881,36.1984,206.00,62.00,24.00,23.20,12.00,30.29
TUL,2026-03-29 00:53,-95.8881,36.1984,206.00,60.00,26.00,27.07,12.00,30.26
TUL,2026-03-29 01:53,-95.8881,36.1984,206.00,58.00,27.00,30.31,9.00,30.26
TUL,2026-03-29 02:53,-95.8881,36.1984,206.00,56.00,29.00,35.36,9.00,30.25
TUL,2026-03-29 03:53,-95.8881,36.1984,206.00,56.00,30.00,36.84,9.00,30.24
TUL,2026-03-29 04:53,-95.8881,36.1984,206.00,56.00,32.00,39.95,9.00,30.24
TUL,2026-03-29 05:53,-95.8881,36.1984,206.00,55.00,31.00,39.78,11.00,30.23
TUL,2026-03-29 06:53,-95.8881,36.1984,206.00,55.00,31.00,39.78,13.00,30.22
TUL,2026-03-29 07:53,-95.8881,36.1984,206.00,55.00,31.00,39.78,14.00,30.20
TUL,2026-03-29 08:53,-95.8881,36.1984,206.00,55.00,32.00,41.43,13.00,30.17
TUL,2026-03-29 09:53,-95.8881,36.1984,206.00,54.00,33.00,44.73,13.00,30.16
TUL,2026-03-29 10:53,-95.8881,36.1984,206.00,54.00,34.00,46.56,12.00,30.16
TUL,2026-03-29 11:53,-95.8881,36.1984,206.00,54.00,35.00,48.45,12.00,30.17
TUL,2026-03-29 12:53,-95.8881,36.1984,206.00,55.00,36.00,48.61,11.00,30.16
TUL,2026-03-29 13:53,-95.8881,36.1984,206.00,57.00,37.00,47.04,16.00,30.16
TUL,2026-03-29 14:53,-95.8881,36.1984,206.00,61.00,39.00,44.10,18.00,30.13
TUL,2026-03-29 15:53,-95.8881,36.1984,206.00,65.00,41.00,41.42,15.00,30.12
TUL,2026-03-29 16:53,-95.8881,36.1984,206.00,70.00,44.00,39.13,17.00,30.09
TUL,2026-03-29 17:53,-95.8881,36.1984,206.00,74.00,48.00,39.78,17.00,30.06
TUL,2026-03-29 18:53,-95.8881,36.1984,206.00,77.00,49.00,37.37,19.00,30.02
TUL,2026-03-29 19:53,-95.8881,36.1984,206.00,79.00,48.00,33.70,23.00,29.98
TUL,2026-03-29 20:53,-95.8881,36.1984,206.00,80.00,49.00,33.86,24.00,29.95
TUL,2026-03-29 21:53,-95.8881,36.1984,206.00,81.00,49.00,32.78,24.00,29.94
TUL,2026-03-29 22:53,-95.8881,36.1984,206.00,81.00,49.00,32.78,21.00,29.93
TUL,2026-03-29 23:53,-95.8881,36.1984,206.00,79.00,49.00,34.99,18.00,29.93
TUL,2026-03-30 00:53,-95.8881,36.1984,206.00,77.00,49.00,37.37,15.00,29.93
TUL,2026-03-30 01:53,-95.8881,36.1984,206.00,75.00,50.00,41.45,13.00,29.96
TUL,2026-03-30 02:53,-95.8881,36.1984,206.00,74.00,51.00,44.48,14.00,29.98
TUL,2026-03-30 03:53,-95.8881,36.1984,206.00,72.00,52.00,49.37,14.00,29.98
TUL,2026-03-30 04:53,-95.8881,36.1984,206.00,71.00,53.00,52.98,13.00,29.97
TUL,2026-03-30 05:53,-95.8881,36.1984,206.00,70.00,53.00,54.81,14.00,29.97
TUL,2026-03-30 06:53,-95.8881,36.1984,206.00,70.00,53.00,54.81,12.00,29.96
TUL,2026-03-30 07:53,-95.8881,36.1984,206.00,69.00,53.00,56.72,12.00,29.96
TUL,2026-03-30 08:53,-95.8881,36.1984,206.00,68.00,54.00,60.89,11.00,29.96
TUL,2026-03-30 09:53,-95.8881,36.1984,206.00,67.00,54.00,63.02,11.00,29.96
TUL,2026-03-30 10:53,-95.8881,36.1984,206.00,67.00,55.00,65.36,14.00,29.97
TUL,2026-03-30 11:53,-95.8881,36.1984,206.00,67.00,55.00,65.36,14.00,29.98
TUL,2026-03-30 12:53,-95.8881,36.1984,206.00,68.00,56.00,65.48,16.00,29.99
TUL,2026-03-30 13:53,-95.8881,36.1984,206.00,70.00,57.00,63.40,17.00,30.00
TUL,2026-03-30 14:53,-95.8881,36.1984,206.00,73.00,58.00,59.38,23.00,30.00
TUL,2026-03-30 15:53,-95.8881,36.1984,206.00,76.00,59.00,55.67,20.00,30.00
TUL,2026-03-30 16:53,-95.8881,36.1984,206.00,79.00,59.00,50.42,17.00,29.99
TUL,2026-03-30 17:53,-95.8881,36.1984,206.00,80.00,59.00,48.80,19.00,29.96
TUL,2026-03-30 18:53,-95.8881,36.1984,206.00,80.00,60.00,50.57,21.00,29.94
TUL,2026-03-30 19:53,-95.8881,36.1984,206.00,82.00,60.00,47.39,22.00,29.90
TUL,2026-03-30 20:53,-95.8881,36.1984,206.00,82.00,59.00,45.73,22.00,29.88
TUL,2026-03-30 21:53,-95.8881,36.1984,206.00,84.00,59.00,42.87,21.00,29.86
TUL,2026-03-30 22:53,-95.8881,36.1984,206.00,82.00,58.00,44.12,19.00,29.84
TUL,2026-03-30 23:53,-95.8881,36.1984,206.00,81.00,58.00,45.57,20.00,29.84
TUL,2026-03-31 00:53,-95.8881,36.1984,206.00,79.00,58.00,48.65,21.00,29.84
TUL,2026-03-31 01:53,-95.8881,36.1984,206.00,77.00,59.00,53.86,16.00,29.86
TUL,2026-03-31 02:53,-95.8881,36.1984,206.00,75.00,59.00,57.55,20.00,29.89
TUL,2026-03-31 03:53,-95.8881,36.1984,206.00,73.00,58.00,59.38,19.00,29.90
TUL,2026-03-31 04:53,-95.8881,36.1984,206.00,72.00,58.00,61.41,21.00,29.88
TUL,2026-03-31 05:53,-95.8881,36.1984,206.00,72.00,58.00,61.41,26.00,29.85
TUL,2026-03-31 06:53,-95.8881,36.1984,206.00,72.00,58.00,61.41,16.00,29.85
TUL,2026-03-31 07:53,-95.8881,36.1984,206.00,72.00,57.00,59.24,14.00,29.84
TUL,2026-03-31 08:53,-95.8881,36.1984,206.00,73.00,56.00,55.24,9.00,29.86
TUL,2026-03-31 09:53,-95.8881,36.1984,206.00,72.00,56.00,57.14,16.00,29.86
TUL,2026-03-31 10:53,-95.8881,36.1984,206.00,71.00,56.00,59.11,17.00,29.87
TUL,2026-03-31 11:53,-95.8881,36.1984,206.00,70.00,56.00,61.15,15.00,29.88
TUL,2026-03-31 12:53,-95.8881,36.1984,206.00,69.00,56.00,63.27,19.00,29.89
TUL,2026-03-31 13:53,-95.8881,36.1984,206.00,70.00,56.00,61.15,20.00,29.89
TUL,2026-03-31 14:53,-95.8881,36.1984,206.00,73.00,56.00,55.24,20.00,29.88
TUL,2026-03-31 15:53,-95.8881,36.1984,206.00,74.00,59.00,59.51,22.00,29.89
TUL,2026-03-31 16:53,-95.8881,36.1984,206.00,77.00,60.00,55.81,20.00,29.88
TUL,2026-03-31 17:53,-95.8881,36.1984,206.00,79.00,60.00,52.25,16.00,29.91
TUL,2026-03-31 18:53,-95.8881,36.1984,206.00,81.00,60.00,48.95,20.00,29.88
TUL,2026-03-31 19:53,-95.8881,36.1984,206.00,83.00,60.00,45.88,19.00,29.84
TUL,2026-03-31 20:53,-95.8881,36.1984,206.00,83.00,60.00,45.88,18.00,29.82
TUL,2026-03-31 21:53,-95.8881,36.1984,206.00,84.00,59.00,42.87,15.00,29.81
TUL,2026-03-31 22:53,-95.8881,36.1984,206.00,84.00,58.00,41.36,18.00,29.81
TUL,2026-03-31 23:53,-95.8881,36.1984,206.00,82.00,58.00,44.12,18.00,29.83
TUL,2026-04-01 00:53,-95.8881,36.1984,206.00,80.00,57.00,45.42,12.00,29.84
TUL,2026-04-01 01:53,-95.8881,36.1984,206.00,78.00,57.00,48.50,13.00,29.86
TUL,2026-04-01 02:53,-95.8881,36.1984,206.00,77.00,57.00,50.12,13.00,29.89
TUL,2026-04-01 03:53,-95.8881,36.1984,206.00,76.00,56.00,49.97,16.00,29.88
TUL,2026-04-01 04:53,-95.8881,36.1984,206.00,75.00,56.00,51.67,13.00,29.88
TUL,2026-04-01 05:53,-95.8881,36.1984,206.00,74.00,56.00,53.42,10.00,29.87
TUL,2026-04-01 06:53,-95.8881,36.1984,206.00,74.00,57.00,55.39,11.00,29.86
TUL,2026-04-01 07:53,-95.8881,36.1984,206.00,72.00,57.00,59.24,15.00,29.85
TUL,2026-04-01 08:53,-95.8881,36.1984,206.00,72.00,58.00,61.41,12.00,29.85
TUL,2026-04-01 09:53,-95.8881,36.1984,206.00,71.00,59.00,65.84,11.00,29.85
TUL,2026-04-01 10:53,-95.8881,36.1984,206.00,70.00,59.00,68.12,8.00,29.83
TUL,2026-04-01 11:53,-95.8881,36.1984,206.00,68.00,59.00,72.95,4.00,29.87
TUL,2026-04-01 12:53,-95.8881,36.1984,206.00,69.00,61.00,75.69,5.00,29.88
TUL,2026-04-01 13:53,-95.8881,36.1984,206.00,72.00,62.00,70.81,14.00,29.90
TUL,2026-04-01 14:53,-95.8881,36.1984,206.00,72.00,61.00,68.35,14.00,29.90
TUL,2026-04-01 15:53,-95.8881,36.1984,206.00,74.00,62.00,66.20,11.00,29.91
TUL,2026-04-01 16:53,-95.8881,36.1984,206.00,77.00,62.00,59.91,14.00,29.90
TUL,2026-04-01 17:53,-95.8881,36.1984,206.00,76.00,63.00,64.15,15.00,29.89
TUL,2026-04-01 18:53,-95.8881,36.1984,206.00,75.00,63.00,66.32,13.00,29.87
TUL,2026-04-01 19:53,-95.8881,36.1984,206.00,75.00,63.00,66.32,10.00,29.84
TUL,2026-04-01 20:53,-95.8881,36.1984,206.00,76.00,63.00,64.15,8.00,29.81
TUL,2026-04-01 21:53,-95.8881,36.1984,206.00,77.00,63.00,62.06,7.00,29.78
TUL,2026-04-01 22:53,-95.8881,36.1984,206.00,79.00,63.00,58.10,11.00,29.75
TUL,2026-04-01 23:53,-95.8881,36.1984,206.00,78.00,63.00,60.04,18.00,29.72
TUL,2026-04-02 00:53,-95.8881,36.1984,206.00,78.00,62.00,57.97,17.00,29.71
TUL,2026-04-02 01:53,-95.8881,36.1984,206.00,77.00,62.00,59.91,13.00,29.71
TUL,2026-04-02 02:53,-95.8881,36.1984,206.00,77.00,61.00,57.83,12.00,29.72
TUL,2026-04-02 03:53,-95.8881,36.1984,206.00,73.00,63.00,70.91,10.00,29.72
TUL,2026-04-02 04:53,-95.8881,36.1984,206.00,70.00,64.00,81.29,10.00,29.73
TUL,2026-04-02 05:53,-95.8881,36.1984,206.00,69.00,65.00,87.10,6.00,29.71
TUL,2026-04-02 06:53,-95.8881,36.1984,206.00,69.00,66.00,90.18,19.00,29.71
TUL,2026-04-02 07:53,-95.8881,36.1984,206.00,66.00,62.00,86.95,12.00,29.70
TUL,2026-04-02 08:53,-95.8881,36.1984,206.00,65.00,63.00,93.24,12.00,29.69
TUL,2026-04-02 09:53,-95.8881,36.1984,206.00,65.00,63.00,93.24,12.00,29.65
TUL,2026-04-02 10:53,-95.8881,36.1984,206.00,66.00,63.00,90.06,14.00,29.64
TUL,2026-04-02 11:53,-95.8881,36.1984,206.00,66.00,63.00,90.06,13.00,29.65
TUL,2026-04-02 12:53,-95.8881,36.1984,206.00,66.00,61.00,83.93,13.00,29.67
TUL,2026-04-02 13:53,-95.8881,36.1984,206.00,66.00,61.00,83.93,17.00,29.69
TUL,2026-04-02 14:53,-95.8881,36.1984,206.00,68.00,61.00,78.33,17.00,29.71
TUL,2026-04-02 15:53,-95.8881,36.1984,206.00,72.00,62.00,70.81,20.00,29.73
TUL,2026-04-02 16:53,-95.8881,36.1984,206.00,75.00,62.00,64.02,14.00,29.74
TUL,2026-04-02 17:53,-95.8881,36.1984,206.00,79.00,60.00,52.25,15.00,29.73
TUL,2026-04-02 18:53,-95.8881,36.1984,206.00,82.00,57.00,42.56,11.00,29.73
TUL,2026-04-02 19:53,-95.8881,36.1984,206.00,83.00,58.00,42.72,12.00,29.73
TUL,2026-04-02 20:53,-95.8881,36.1984,206.00,85.00,55.00,35.94,19.00,29.71
TUL,2026-04-02 21:53,-95.8881,36.1984,206.00,85.00,55.00,35.94,17.00,29.71
TUL,2026-04-02 22:53,-95.8881,36.1984,206.00,84.00,54.00,35.79,16.00,29.71
TUL,2026-04-02 23:53,-95.8881,36.1984,206.00,84.00,47.00,27.60,12.00,29.72
TUL,2026-04-03 00:53,-95.8881,36.1984,206.00,80.00,60.00,50.57,15.00,29.74
TUL,2026-04-03 01:53,-95.8881,36.1984,206.00,78.00,59.00,52.11,12.00,29.76
TUL,2026-04-03 02:53,-95.8881,36.1984,206.00,76.00,61.00,59.78,14.00,29.79
TUL,2026-04-03 03:53,-95.8881,36.1984,206.00,75.00,63.00,66.32,14.00,29.80
TUL,2026-04-03 04:53,-95.8881,36.1984,206.00,73.00,64.00,73.44,17.00,29.80
TUL,2026-04-03 05:53,-95.8881,36.1984,206.00,73.00,65.00,76.05,15.00,29.82
TUL,2026-04-03 08:53,-95.8881,36.1984,206.00,71.00,64.00,78.57,17.00,29.82
TUL,2026-04-03 11:53,-95.8881,36.1984,206.00,72.00,64.00,75.96,15.00,29.84
TUL,2026-04-03 12:53,-95.8881,36.1984,206.00,72.00,63.00,73.34,18.00,29.87
TUL,2026-04-03 13:53,-95.8881,36.1984,206.00,72.00,63.00,73.34,15.00,29.88
TUL,2026-04-03 14:53,-95.8881,36.1984,206.00,72.00,63.00,73.34,20.00,29.88
TUL,2026-04-03 15:53,-95.8881,36.1984,206.00,73.00,64.00,73.44,21.00,29.88
TUL,2026-04-03 16:53,-95.8881,36.1984,206.00,74.00,64.00,71.02,16.00,29.88
TUL,2026-04-03 17:53,-95.8881,36.1984,206.00,74.00,64.00,71.02,19.00,29.89
TUL,2026-04-03 18:53,-95.8881,36.1984,206.00,73.00,65.00,76.05,15.00,29.89
TUL,2026-04-03 19:53,-95.8881,36.1984,206.00,73.00,66.00,78.74,11.00,29.88
TUL,2026-04-03 20:53,-95.8881,36.1984,206.00,74.00,66.00,76.14,15.00,29.86
TUL,2026-04-03 21:53,-95.8881,36.1984,206.00,78.00,65.00,64.39,16.00,29.84
TUL,2026-04-03 22:53,-95.8881,36.1984,206.00,76.00,66.00,71.23,12.00,29.86
TUL,2026-04-03 23:53,-95.8881,36.1984,206.00,75.00,67.00,76.23,9.00,29.86
TUL,2026-04-04 00:53,-95.8881,36.1984,206.00,75.00,66.00,73.64,13.00,29.86
TUL,2026-04-04 01:53,-95.8881,36.1984,206.00,74.00,67.00,78.82,15.00,29.86
TUL,2026-04-04 02:53,-95.8881,36.1984,206.00,74.00,67.00,78.82,11.00,29.91
TUL,2026-04-04 03:53,-95.8881,36.1984,206.00,66.00,62.00,86.95,19.00,29.93
TUL,2026-04-04 04:53,-95.8881,36.1984,206.00,58.00,54.00,86.51,10.00,30.00
TUL,2026-04-04 05:53,-95.8881,36.1984,206.00,55.00,52.00,89.60,15.00,30.00
TUL,2026-04-04 06:53,-95.8881,36.1984,206.00,54.00,49.00,83.13,11.00,30.03
TUL,2026-04-04 07:53,-95.8881,36.1984,206.00,52.00,50.00,92.86,8.00,30.07
TUL,2026-04-04 08:53,-95.8881,36.1984,206.00,52.00,49.00,89.46,7.00,30.06
TUL,2026-04-04 09:53,-95.8881,36.1984,206.00,52.00,48.00,86.18,0.00,30.08
TUL,2026-04-04 10:53,-95.8881,36.1984,206.00,52.00,49.00,89.46,4.00,30.13
TUL,2026-04-04 11:53,-95.8881,36.1984,206.00,52.00,49.00,89.46,4.00,30.18
TUL,2026-04-04 12:53,-95.8881,36.1984,206.00,52.00,48.00,86.18,6.00,30.21
TUL,2026-04-04 13:53,-95.8881,36.1984,206.00,52.00,44.00,74.06,12.00,30.21
TUL,2026-04-04 14:53,-95.8881,36.1984,206.00,52.00,42.00,68.59,14.00,30.23
TUL,2026-04-04 15:53,-95.8881,36.1984,206.00,54.00,41.00,61.32,16.00,30.24
TUL,2026-04-04 16:53,-95.8881,36.1984,206.00,56.00,42.00,59.26,13.00,30.25
TUL,2026-04-04 17:53,-95.8881,36.1984,206.00,58.00,38.00,47.19,12.00,30.24
TUL,2026-04-04 18:53,-95.8881,36.1984,206.00,60.00,39.00,45.69,13.00,30.23
TUL,2026-04-04 19:53,-95.8881,36.1984,206.00,62.00,36.00,37.83,14.00,30.21
TUL,2026-04-04 20:53,-95.8881,36.1984,206.00,64.00,34.00,32.56,12.00,30.20
TUL,2026-04-04 21:53,-95.8881,36.1984,206.00,64.00,33.00,31.29,10.00,30.20
TUL,2026-04-04 22:53,-95.8881,36.1984,206.00,64.00,34.00,32.56,13.00,30.19
TUL,2026-04-04 23:53,-95.8881,36.1984,206.00,62.00,33.00,33.56,16.00,30.21
TUL,2026-04-05 00:53,-95.8881,36.1984,206.00,57.00,35.00,43.45,10.00,30.24
TUL,2026-04-05 01:53,-95.8881,36.1984,206.00,52.00,35.00,52.14,8.00,30.27
TUL,2026-04-05 02:53,-95.8881,36.1984,206.00,50.00,36.00,58.42,8.00,30.30
TUL,2026-04-05 03:53,-95.8881,36.1984,206.00,49.00,36.00,60.64,6.00,30.31
TUL,2026-04-05 04:53,-95.8881,36.1984,206.00,48.00,36.00,62.96,4.00,30.31
TUL,2026-04-05 05:53,-95.8881,36.1984,206.00,47.00,37.00,68.01,0.00,30.31
TUL,2026-04-05 06:53,-95.8881,36.1984,206.00,47.00,36.00,65.37,0.00,30.32
TUL,2026-04-05 07:53,-95.8881,36.1984,206.00,42.00,37.00,82.29,0.00,30.33
TUL,2026-04-05 08:53,-95.8881,36.1984,206.00,42.00,37.00,82.29,0.00,30.33
TUL,2026-04-05 09:53,-95.8881,36.1984,206.00,41.00,38.00,88.96,0.00,30.34
TUL,2026-04-05 10:53,-95.8881,36.1984,206.00,41.00,38.00,88.96,3.00,30.36
TUL,2026-04-05 11:53,-95.8881,36.1984,206.00,41.00,38.00,88.96,3.00,30.38
TUL,2026-04-05 12:53,-95.8881,36.1984,206.00,44.00,40.00,85.71,3.00,30.41
TUL,2026-04-05 13:53,-95.8881,36.1984,206.00,48.00,40.00,73.66,3.00,30.42
TUL,2026-04-05 14:53,-95.8881,36.1984,206.00,56.00,38.00,50.72,8.00,30.42
TUL,2026-04-05 15:53,-95.8881,36.1984,206.00,60.00,36.00,40.61,7.00,30.43
TUL,2026-04-05 16:53,-95.8881,36.1984,206.00,62.00,38.00,40.93,7.00,30.43
TUL,2026-04-05 17:53,-95.8881,36.1984,206.00,64.00,37.00,36.68,11.00,30.41
TUL,2026-04-05 18:53,-95.8881,36.1984,206.00,66.00,36.00,32.89,11.00,30.39
TUL,2026-04-05 19:53,-95.8881,36.1984,206.00,68.00,35.00,29.50,16.00,30.36
TUL,2026-04-05 20:53,-95.8881,36.1984,206.00,68.00,35.00,29.50,12.00,30.34
TUL,2026-04-05 21:53,-95.8881,36.1984,206.00,68.00,34.00,28.35,11.00,30.33
TUL,2026-04-05 22:53,-95.8881,36.1984,206.00,68.00,33.00,27.23,7.00,30.32
TUL,2026-04-05 23:53,-95.8881,36.1984,206.00,65.00,31.00,27.87,10.00,30.33
TUL,2026-04-06 00:53,-95.8881,36.1984,206.00,61.00,35.00,37.66,4.00,30.33
TUL,2026-04-06 01:53,-95.8881,36.1984,206.00,59.00,34.00,38.86,5.00,30.35
TUL,2026-04-06 02:53,-95.8881,36.1984,206.00,57.00,36.00,45.21,3.00,30.37
TUL,2026-04-06 03:53,-95.8881,36.1984,206.00,55.00,37.00,50.57,0.00,30.37
TUL,2026-04-06 04:53,-95.8881,36.1984,206.00,52.00,38.00,58.71,0.00,30.37
TUL,2026-04-06 05:53,-95.8881,36.1984,206.00,50.00,38.00,63.22,3.00,30.37
TUL,2026-04-06 06:53,-95.8881,36.1984,206.00,50.00,37.00,60.78,0.00,30.36
TUL,2026-04-06 07:53,-95.8881,36.1984,206.00,45.00,42.00,89.15,0.00,30.35
TUL,2026-04-06 08:53,-95.8881,36.1984,206.00,42.00,38.00,85.59,4.00,30.36
TUL,2026-04-06 09:53,-95.8881,36.1984,206.00,44.00,41.00,89.10,0.00,30.35
TUL,2026-04-06 10:53,-95.8881,36.1984,206.00,44.00,38.00,79.27,0.00,30.36
TUL,2026-04-06 11:53,-95.8881,36.1984,206.00,44.00,38.00,79.27,0.00,30.36
TUL,2026-04-06 12:53,-95.8881,36.1984,206.00,44.00,41.00,89.10,3.00,30.37
TUL,2026-04-06 13:53,-95.8881,36.1984,206.00,52.00,44.00,74.06,0.00,30.37
TUL,2026-04-06 14:53,-95.8881,36.1984,206.00,58.00,42.00,55.14,3.00,30.37
TUL,2026-04-06 15:53,-95.8881,36.1984,206.00,62.00,37.00,39.35,3.00,30.38
TUL,2026-04-06 16:53,-95.8881,36.1984,206.00,65.00,36.00,34.05,0.00,30.36
TUL,2026-04-06 17:53,-95.8881,36.1984,206.00,67.00,37.00,33.05,5.00,30.33
TUL,2026-04-06 18:53,-95.8881,36.1984,206.00,70.00,37.00,29.82,6.00,30.30
TUL,2026-04-06 19:53,-95.8881,36.1984,206.00,71.00,35.00,26.63,4.00,30.27
TUL,2026-04-06 20:53,-95.8881,36.1984,206.00,71.00,36.00,27.71,8.00,30.24
TUL,2026-04-06 21:53,-95.8881,36.1984,206.00,71.00,34.00,25.59,9.00,30.22
TUL,2026-04-06 22:53,-95.8881,36.1984,206.00,71.00,35.00,26.63,6.00,30.21
TUL,2026-04-06 23:53,-95.8881,36.1984,206.00,69.00,32.00,25.28,6.00,30.20
TUL,2026-04-07 00:53,-95.8881,36.1984,206.00,66.00,30.00,25.85,5.00,30.19
TUL,2026-04-07 01:53,-95.8881,36.1984,206.00,63.00,33.00,32.40,4.00,30.19
TUL,2026-04-07 02:53,-95.8881,36.1984,206.00,59.00,35.00,40.44,5.00,30.20
TUL,2026-04-07 03:53,-95.8881,36.1984,206.00,60.00,34.00,37.50,0.00,30.19
TUL,2026-04-07 04:53,-95.8881,36.1984,206.00,55.00,36.00,48.61,0.00,30.20
TUL,2026-04-07 05:53,-95.8881,36.1984,206.00,52.00,40.00,63.48,0.00,30.20
TUL,2026-04-07 06:53,-95.8881,36.1984,206.00,53.00,38.00,56.59,0.00,30.20
TUL,2026-04-07 07:53,-95.8881,36.1984,206.00,48.00,41.00,76.58,0.00,30.19
TUL,2026-04-07 08:53,-95.8881,36.1984,206.00,46.00,39.00,76.39,0.00,30.18
TUL,2026-04-07 09:53,-95.8881,36.1984,206.00,49.00,40.00,70.96,0.00,30.18
TUL,2026-04-07 10:53,-95.8881,36.1984,206.00,46.00,40.00,79.43,0.00,30.18
TUL,2026-04-07 11:53,-95.8881,36.1984,206.00,47.00,39.00,73.56,0.00,30.20
TUL,2026-04-07 12:53,-95.8881,36.1984,206.00,47.00,42.00,82.65,4.00,30.23
TUL,2026-04-07 13:53,-95.8881,36.1984,206.00,54.00,44.00,68.82,3.00,30.24
TUL,2026-04-07 14:53,-95.8881,36.1984,206.00,61.00,42.00,49.55,5.00,30.24
TUL,2026-04-07 15:53,-95.8881,36.1984,206.00,66.00,39.00,37.01,12.00,30.24
TUL,2026-04-07 16:53,-95.8881,36.1984,206.00,68.00,39.00,34.54,14.00,30.22
TUL,2026-04-07 17:53,-95.8881,36.1984,206.00,70.00,38.00,31.02,17.00,30.19
TUL,2026-04-07 18:53,-95.8881,36.1984,206.00,72.00,38.00,28.98,15.00,30.16
TUL,2026-04-07 19:53,-95.8881,36.1984,206.00,73.00,38.00,28.02,14.00,30.13
TUL,2026-04-07 20:53,-95.8881,36.1984,206.00,74.00,39.00,28.18,14.00,30.10
TUL,2026-04-07 21:53,-95.8881,36.1984,206.00,73.00,39.00,29.14,11.00,30.09
TUL,2026-04-07 22:53,-95.8881,36.1984,206.00,72.00,38.00,28.98,13.00,30.08
TUL,2026-04-07 23:53,-95.8881,36.1984,206.00,71.00,38.00,29.98,14.00,30.07
TUL,2026-04-08 00:53,-95.8881,36.1984,206.00,68.00,38.00,33.22,10.00,30.08
TUL,2026-04-08 01:53,-95.8881,36.1984,206.00,66.00,39.00,37.01,6.00,30.09
TUL,2026-04-08 02:53,-95.8881,36.1984,206.00,59.00,41.00,51.18,4.00,30.11
TUL,2026-04-08 03:53,-95.8881,36.1984,206.00,55.00,42.00,61.46,6.00,30.12
TUL,2026-04-08 04:53,-95.8881,36.1984,206.00,54.00,42.00,63.74,5.00,30.12
TUL,2026-04-08 05:53,-95.8881,36.1984,206.00,56.00,41.00,57.02,7.00,30.12
TUL,2026-04-08 06:53,-95.8881,36.1984,206.00,55.00,41.00,59.13,5.00,30.13
TUL,2026-04-08 07:53,-95.8881,36.1984,206.00,53.00,43.00,68.71,5.00,30.12
TUL,2026-04-08 08:53,-95.8881,36.1984,206.00,53.00,43.00,68.71,5.00,30.12
TUL,2026-04-08 09:53,-95.8881,36.1984,206.00,56.00,45.00,66.48,7.00,30.11
TUL,2026-04-08 10:53,-95.8881,36.1984,206.00,56.00,44.00,63.99,7.00,30.11
TUL,2026-04-08 11:53,-95.8881,36.1984,206.00,55.00,44.00,66.36,9.00,30.11
TUL,2026-04-08 12:53,-95.8881,36.1984,206.00,56.00,44.00,63.99,9.00,30.12
TUL,2026-04-08 13:53,-95.8881,36.1984,206.00,59.00,45.00,59.68,14.00,30.12
TUL,2026-04-08 14:53,-95.8881,36.1984,206.00,63.00,45.00,51.79,11.00,30.12
TUL,2026-04-08 15:53,-95.8881,36.1984,206.00,68.00,46.00,45.22,14.00,30.12
TUL,2026-04-08 16:53,-95.8881,36.1984,206.00,72.00,46.00,39.45,13.00,30.10
TUL,2026-04-08 17:53,-95.8881,36.1984,206.00,75.00,43.00,31.82,18.00,30.08
TUL,2026-04-08 18:53,-95.8881,36.1984,206.00,76.00,43.00,30.78,15.00,30.06
TUL,2026-04-08 19:53,-95.8881,36.1984,206.00,77.00,42.00,28.65,14.00,30.04
TUL,2026-04-08 20:53,-95.8881,36.1984,206.00,78.00,39.00,24.67,16.00,30.02
TUL,2026-04-08 21:53,-95.8881,36.1984,206.00,77.00,40.00,26.52,11.00,30.01
TUL,2026-04-08 22:53,-95.8881,36.1984,206.00,77.00,40.00,26.52,9.00,30.01
TUL,2026-04-08 23:53,-95.8881,36.1984,206.00,75.00,40.00,28.34,16.00,30.01
TUL,2026-04-09 00:53,-95.8881,36.1984,206.00,73.00,40.00,30.30,12.00,30.02
TUL,2026-04-09 01:53,-95.8881,36.1984,206.00,69.00,42.00,37.50,6.00,30.05
TUL,2026-04-09 02:53,-95.8881,36.1984,206.00,67.00,43.00,41.74,7.00,30.08
TUL,2026-04-09 03:53,-95.8881,36.1984,206.00,65.00,43.00,44.74,6.00,30.09
TUL,2026-04-09 04:53,-95.8881,36.1984,206.00,64.00,43.00,46.33,5.00,30.10
TUL,2026-04-09 05:53,-95.8881,36.1984,206.00,62.00,44.00,51.64,6.00,30.11
TUL,2026-04-09 06:53,-95.8881,36.1984,206.00,63.00,44.00,49.85,8.00,30.09
TUL,2026-04-09 07:53,-95.8881,36.1984,206.00,60.00,44.00,55.43,6.00,30.09
TUL,2026-04-09 08:53,-95.8881,36.1984,206.00,60.00,44.00,55.43,6.00,30.09
TUL,2026-04-09 09:53,-95.8881,36.1984,206.00,57.00,44.00,61.72,5.00,30.10
TUL,2026-04-09 10:53,-95.8881,36.1984,206.00,56.00,44.00,63.99,4.00,30.10
TUL,2026-04-09 11:53,-95.8881,36.1984,206.00,54.00,44.00,68.82,5.00,30.12
TUL,2026-04-09 12:53,-95.8881,36.1984,206.00,59.00,45.00,59.68,5.00,30.13
TUL,2026-04-09 13:53,-95.8881,36.1984,206.00,65.00,45.00,48.29,11.00,30.15
TUL,2026-04-09 14:53,-95.8881,36.1984,206.00,69.00,52.00,54.67,12.00,30.15
TUL,2026-04-09 15:53,-95.8881,36.1984,206.00,71.00,54.00,54.96,13.00,30.15
TUL,2026-04-09 16:53,-95.8881,36.1984,206.00,76.00,57.00,51.81,15.00,30.15
TUL,2026-04-09 17:53,-95.8881,36.1984,206.00,78.00,55.00,45.11,18.00,30.13
TUL,2026-04-09 18:53,-95.8881,36.1984,206.00,78.00,55.00,45.11,16.00,30.11
TUL,2026-04-09 19:53,-95.8881,36.1984,206.00,80.00,56.00,43.81,20.00,30.09
TUL,2026-04-09 20:53,-95.8881,36.1984,206.00,79.00,56.00,45.26,16.00,30.08
TUL,2026-04-09 21:53,-95.8881,36.1984,206.00,79.00,54.00,42.09,17.00,30.07
TUL,2026-04-09 22:53,-95.8881,36.1984,206.00,78.00,52.00,40.42,15.00,30.06
TUL,2026-04-09 23:53,-95.8881,36.1984,206.00,77.00,52.00,41.77,18.00,30.05
TUL,2026-04-10 00:53,-95.8881,36.1984,206.00,75.00,53.00,46.31,14.00,30.04
TUL,2026-04-10 01:53,-95.8881,36.1984,206.00,73.00,53.00,49.52,11.00,30.05
TUL,2026-04-10 02:53,-95.8881,36.1984,206.00,71.00,53.00,52.98,11.00,30.07
TUL,2026-04-10 03:53,-95.8881,36.1984,206.00,70.00,53.00,54.81,11.00,30.09
TUL,2026-04-10 04:53,-95.8881,36.1984,206.00,69.00,53.00,56.72,9.00,30.11
TUL,2026-04-10 05:53,-95.8881,36.1984,206.00,67.00,53.00,60.75,8.00,30.11
TUL,2026-04-10 06:53,-95.8881,36.1984,206.00,66.00,53.00,62.89,10.00,30.10
TUL,2026-04-10 07:53,-95.8881,36.1984,206.00,65.00,53.00,65.12,11.00,30.10
TUL,2026-04-10 08:53,-95.8881,36.1984,206.00,64.00,53.00,67.43,10.00,30.09
TUL,2026-04-10 09:53,-95.8881,36.1984,206.00,64.00,53.00,67.43,9.00,30.10
TUL,2026-04-10 10:53,-95.8881,36.1984,206.00,62.00,54.00,75.03,9.00,30.12
TUL,2026-04-10 11:53,-95.8881,36.1984,206.00,57.00,53.00,86.46,4.00,30.15
TUL,2026-04-10 12:53,-95.8881,36.1984,206.00,63.00,55.00,75.13,5.00,30.16
TUL,2026-04-10 13:53,-95.8881,36.1984,206.00,65.00,56.00,72.64,9.00,30.16
TUL,2026-04-10 14:53,-95.8881,36.1984,206.00,70.00,59.00,68.12,12.00,30.17
TUL,2026-04-10 15:53,-95.8881,36.1984,206.00,73.00,60.00,63.78,15.00,30.18
TUL,2026-04-10 16:53,-95.8881,36.1984,206.00,68.00,64.00,87.05,4.00,30.20
TUL,2026-04-10 17:53,-95.8881,36.1984,206.00,66.00,63.00,90.06,14.00,30.20
TUL,2026-04-10 18:53,-95.8881,36.1984,206.00,63.00,61.00,93.19,7.00,30.20
TUL,2026-04-10 19:53,-95.8881,36.1984,206.00,63.00,62.00,96.54,5.00,30.19
TUL,2026-04-10 20:53,-95.8881,36.1984,206.00,63.00,62.00,96.54,12.00,30.23
TUL,2026-04-10 21:53,-95.8881,36.1984,206.00,64.00,59.00,83.80,16.00,30.14
TUL,2026-04-10 22:53,-95.8881,36.1984,206.00,65.00,58.00,78.08,7.00,30.15
TUL,2026-04-10 23:53,-95.8881,36.1984,206.00,64.00,60.00,86.84,4.00,30.18
TUL,2026-04-11 00:53,-95.8881,36.1984,206.00,63.00,61.00,93.19,5.00,30.19
TUL,2026-04-11 01:53,-95.8881,36.1984,206.00,62.00,61.00,96.53,6.00,30.19
TUL,2026-04-11 02:53,-95.8881,36.1984,206.00,62.00,60.00,93.16,4.00,30.22
TUL,2026-04-11 03:53,-95.8881,36.1984,206.00,61.00,60.00,96.51,4.00,30.23
TUL,2026-04-11 04:53,-95.8881,36.1984,206.00,61.00,59.00,93.13,4.00,30.22
TUL,2026-04-11 05:53,-95.8881,36.1984,206.00,60.00,59.00,96.50,4.00,30.21
TUL,2026-04-11 06:53,-95.8881,36.1984,206.00,58.00,58.00,100.00,3.00,30.21
TUL,2026-04-11 07:53,-95.8881,36.1984,206.00,58.00,58.00,100.00,0.00,30.19
TUL,2026-04-11 08:53,-95.8881,36.1984,206.00,58.00,57.00,96.47,3.00,30.17
TUL,2026-04-11 09:53,-95.8881,36.1984,206.00,58.00,58.00,100.00,0.00,30.18
TUL,2026-04-11 10:53,-95.8881,36.1984,206.00,56.00,56.00,100.00,4.00,30.18
TUL,2026-04-11 11:53,-95.8881,36.1984,206.00,59.00,59.00,100.00,7.00,30.19
TUL,2026-04-11 12:53,-95.8881,36.1984,206.00,61.00,60.00,96.51,6.00,30.20
TUL,2026-04-11 13:53,-95.8881,36.1984,206.00,65.00,61.00,86.89,7.00,30.21
TUL,2026-04-11 14:53,-95.8881,36.1984,206.00,70.00,63.00,78.49,8.00,30.21
TUL,2026-04-11 15:53,-95.8881,36.1984,206.00,73.00,63.00,70.91,12.00,30.22
TUL,2026-04-11 16:53,-95.8881,36.1984,206.00,76.00,64.00,66.43,14.00,30.21
TUL,2026-04-11 17:53,-95.8881,36.1984,206.00,77.00,64.00,64.27,16.00,30.18
TUL,2026-04-11 18:53,-95.8881,36.1984,206.00,75.00,63.00,66.32,20.00,30.16
TUL,2026-04-11 19:53,-95.8881,36.1984,206.00,75.00,63.00,66.32,16.00,30.13
TUL,2026-04-11 20:53,-95.8881,36.1984,206.00,77.00,63.00,62.06,17.00,30.10
TUL,2026-04-11 21:53,-95.8881,36.1984,206.00,79.00,62.00,56.09,19.00,30.07
TUL,2026-04-11 22:53,-95.8881,36.1984,206.00,78.00,61.00,55.95,14.00,30.05
TUL,2026-04-11 23:53,-95.8881,36.1984,206.00,77.00,60.00,55.81,14.00,30.05
TUL,2026-04-12 00:53,-95.8881,36.1984,206.00,75.00,60.00,59.64,12.00,30.04
TUL,2026-04-12 01:53,-95.8881,36.1984,206.00,74.00,60.00,61.67,10.00,30.05
TUL,2026-04-12 02:53,-95.8881,36.1984,206.00,73.00,60.00,63.78,10.00,30.05
TUL,2026-04-12 03:53,-95.8881,36.1984,206.00,72.00,61.00,68.35,11.00,30.05
TUL,2026-04-12 04:53,-95.8881,36.1984,206.00,71.00,61.00,70.70,10.00,30.04
TUL,2026-04-12 05:53,-95.8881,36.1984,206.00,70.00,61.00,73.15,8.00,30.03
TUL,2026-04-12 06:53,-95.8881,36.1984,206.00,70.00,61.00,73.15,11.00,30.01
TUL,2026-04-12 07:53,-95.8881,36.1984,206.00,69.00,61.00,75.69,9.00,29.99
TUL,2026-04-12 08:53,-95.8881,36.1984,206.00,69.00,60.00,73.05,10.00,29.97
TUL,2026-04-12 09:53,-95.8881,36.1984,206.00,69.00,60.00,73.05,13.00,29.97
TUL,2026-04-12 10:53,-95.8881,36.1984,206.00,70.00,60.00,70.59,16.00,29.96
TUL,2026-04-12 11:53,-95.8881,36.1984,206.00,67.00,61.00,81.07,14.00,29.95
TUL,2026-04-12 12:53,-95.8881,36.1984,206.00,67.00,62.00,83.99,15.00,29.95
TUL,2026-04-12 13:53,-95.8881,36.1984,206.00,64.00,62.00,93.22,11.00,29.93
TUL,2026-04-12 14:53,-95.8881,36.1984,206.00,65.00,62.00,90.02,18.00,29.91
TUL,2026-04-12 15:53,-95.8881,36.1984,206.00,67.00,64.00,90.10,18.00,29.91
TUL,2026-04-12 16:53,-95.8881,36.1984,206.00,70.00,65.00,84.18,17.00,29.91
TUL,2026-04-12 17:53,-95.8881,36.1984,206.00,71.00,64.00,78.57,20.00,29.90
TUL,2026-04-12 18:53,-95.8881,36.1984,206.00,73.00,63.00,70.91,14.00,29.90
TUL,2026-04-12 19:53,-95.8881,36.1984,206.00,76.00,64.00,66.43,17.00,29.90
TUL,2026-04-12 20:53,-95.8881,36.1984,206.00,79.00,63.00,58.10,22.00,29.87
TUL,2026-04-12 21:53,-95.8881,36.1984,206.00,81.00,64.00,56.37,16.00,29.85
TUL,2026-04-12 22:53,-95.8881,36.1984,206.00,78.00,65.00,64.39,18.00,29.85
TUL,2026-04-12 23:53,-95.8881,36.1984,206.00,76.00,65.00,68.79,19.00,29.88
TUL,2026-04-13 00:53,-95.8881,36.1984,206.00,73.00,64.00,73.44,20.00,29.88
TUL,2026-04-13 01:53,-95.8881,36.1984,206.00,72.00,64.00,75.96,19.00,29.91
TUL,2026-04-13 02:53,-95.8881,36.1984,206.00,72.00,64.00,75.96,20.00,29.91
TUL,2026-04-13 03:53,-95.8881,36.1984,206.00,72.00,65.00,78.66,15.00,29.93
TUL,2026-04-13 04:53,-95.8881,36.1984,206.00,71.00,65.00,81.37,10.00,29.95
TUL,2026-04-13 05:53,-95.8881,36.1984,206.00,72.00,65.00,78.66,10.00,29.94
TUL,2026-04-13 06:53,-95.8881,36.1984,206.00,72.00,65.00,78.66,16.00,29.94
TUL,2026-04-13 07:53,-95.8881,36.1984,206.00,72.00,65.00,78.66,17.00,29.93
TUL,2026-04-13 08:53,-95.8881,36.1984,206.00,73.00,65.00,76.05,13.00,29.92
TUL,2026-04-13 09:53,-95.8881,36.1984,206.00,72.00,65.00,78.66,14.00,29.92
TUL,2026-04-13 10:53,-95.8881,36.1984,206.00,72.00,65.00,78.66,15.00,29.92
TUL,2026-04-13 11:53,-95.8881,36.1984,206.00,72.00,64.00,75.96,18.00,29.93
TUL,2026-04-13 12:53,-95.8881,36.1984,206.00,71.00,64.00,78.57,16.00,29.95
TUL,2026-04-13 13:53,-95.8881,36.1984,206.00,72.00,64.00,75.96,17.00,29.96
TUL,2026-04-13 14:53,-95.8881,36.1984,206.00,72.00,65.00,78.66,15.00,29.97
TUL,2026-04-13 15:53,-95.8881,36.1984,206.00,75.00,67.00,76.23,15.00,29.96
TUL,2026-04-13 16:53,-95.8881,36.1984,206.00,79.00,68.00,69.12,18.00,29.94
TUL,2026-04-13 17:53,-95.8881,36.1984,206.00,80.00,68.00,66.90,17.00,29.93
TUL,2026-04-13 18:53,-95.8881,36.1984,206.00,82.00,68.00,62.69,13.00,29.91
TUL,2026-04-13 19:53,-95.8881,36.1984,206.00,84.00,67.00,56.78,22.00,29.88
TUL,2026-04-13 20:53,-95.8881,36.1984,206.00,85.00,67.00,54.99,17.00,29.86
TUL,2026-04-13 21:53,-95.8881,36.1984,206.00,83.00,66.00,56.65,18.00,29.84
TUL,2026-04-13 22:53,-95.8881,36.1984,206.00,82.00,67.00,60.57,19.00,29.83
TUL,2026-04-13 23:53,-95.8881,36.1984,206.00,81.00,67.00,62.56,22.00,29.83
TUL,2026-04-14 00:53,-95.8881,36.1984,206.00,79.00,68.00,69.12,16.00,29.84
TUL,2026-04-14 01:53,-95.8881,36.1984,206.00,78.00,67.00,69.01,19.00,29.85
TUL,2026-04-14 02:53,-95.8881,36.1984,206.00,76.00,67.00,73.73,16.00,29.87
TUL,2026-04-14 03:53,-95.8881,36.1984,206.00,76.00,67.00,73.73,18.00,29.87
TUL,2026-04-14 04:53,-95.8881,36.1984,206.00,75.00,67.00,76.23,16.00,29.87
TUL,2026-04-14 05:53,-95.8881,36.1984,206.00,75.00,67.00,76.23,14.00,29.89
TUL,2026-04-14 06:53,-95.8881,36.1984,206.00,75.00,67.00,76.23,13.00,29.88
TUL,2026-04-14 07:53,-95.8881,36.1984,206.00,74.00,68.00,81.58,14.00,29.87
TUL,2026-04-14 08:53,-95.8881,36.1984,206.00,74.00,68.00,81.58,17.00,29.87
TUL,2026-04-14 09:53,-95.8881,36.1984,206.00,75.00,68.00,78.90,15.00,29.87
TUL,2026-04-14 10:53,-95.8881,36.1984,206.00,75.00,68.00,78.90,20.00,29.86
TUL,2026-04-14 11:53,-95.8881,36.1984,206.00,74.00,68.00,81.58,16.00,29.86
TUL,2026-04-14 12:53,-95.8881,36.1984,206.00,75.00,67.00,76.23,21.00,29.88
TUL,2026-04-14 13:53,-95.8881,36.1984,206.00,76.00,68.00,76.32,22.00,29.89
TUL,2026-04-14 14:53,-95.8881,36.1984,206.00,77.00,67.00,71.33,19.00,29.90
TUL,2026-04-14 15:53,-95.8881,36.1984,206.00,79.00,68.00,69.12,21.00,29.90
TUL,2026-04-14 16:53,-95.8881,36.1984,206.00,80.00,68.00,66.90,13.00,29.90
TUL,2026-04-14 17:53,-95.8881,36.1984,206.00,82.00,69.00,64.88,19.00,29.88
TUL,2026-04-14 18:53,-95.8881,36.1984,206.00,82.00,69.00,64.88,17.00,29.86
TUL,2026-04-14 19:53,-95.8881,36.1984,206.00,81.00,68.00,64.76,19.00,29.86
TUL,2026-04-14 20:53,-95.8881,36.1984,206.00,81.00,68.00,64.76,16.00,29.85
TUL,2026-04-14 21:53,-95.8881,36.1984,206.00,79.00,68.00,69.12,23.00,29.84
TUL,2026-04-14 22:53,-95.8881,36.1984,206.00,78.00,67.00,69.01,16.00,29.86
TUL,2026-04-14 23:53,-95.8881,36.1984,206.00,76.00,68.00,76.32,13.00,29.83
TUL,2026-04-15 00:53,-95.8881,36.1984,206.00,75.00,66.00,73.64,19.00,29.85
TUL,2026-04-15 01:53,-95.8881,36.1984,206.00,73.00,68.00,84.37,15.00,29.88
TUL,2026-04-15 02:53,-95.8881,36.1984,206.00,72.00,68.00,87.26,7.00,29.90
TUL,2026-04-15 03:53,-95.8881,36.1984,206.00,67.00,63.00,87.00,6.00,29.92
TUL,2026-04-15 04:53,-95.8881,36.1984,206.00,64.00,62.00,93.22,8.00,29.88
TUL,2026-04-15 05:53,-95.8881,36.1984,206.00,63.00,62.00,96.54,15.00,29.88
TUL,2026-04-15 06:53,-95.8881,36.1984,206.00,64.00,62.00,93.22,7.00,29.87
TUL,2026-04-15 07:53,-95.8881,36.1984,206.00,65.00,63.00,93.24,7.00,29.84
TUL,2026-04-15 08:53,-95.8881,36.1984,206.00,67.00,65.00,93.30,7.00,29.87
TUL,2026-04-15 09:53,-95.8881,36.1984,206.00,67.00,63.00,87.00,16.00,29.81
TUL,2026-04-15 10:53,-95.8881,36.1984,206.00,66.00,62.00,86.95,10.00,29.82
TUL,2026-04-15 11:53,-95.8881,36.1984,206.00,67.00,64.00,90.10,9.00,29.82
TUL,2026-04-15 12:53,-95.8881,36.1984,206.00,69.00,66.00,90.18,12.00,29.82
TUL,2026-04-15 13:53,-95.8881,36.1984,206.00,71.00,66.00,84.24,17.00,29.83
TUL,2026-04-15 14:53,-95.8881,36.1984,206.00,73.00,67.00,81.51,19.00,29.83
TUL,2026-04-15 15:53,-95.8881,36.1984,206.00,75.00,67.00,76.23,14.00,29.84
TUL,2026-04-15 16:53,-95.8881,36.1984,206.00,76.00,68.00,76.32,19.00,29.83
TUL,2026-04-15 17:53,-95.8881,36.1984,206.00,77.00,68.00,73.83,13.00,29.83
TUL,2026-04-15 18:53,-95.8881,36.1984,206.00,77.00,68.00,73.83,15.00,29.82
TUL,2026-04-15 19:53,-95.8881,36.1984,206.00,76.00,67.00,73.73,18.00,29.81
TUL,2026-04-15 20:53,-95.8881,36.1984,206.00,78.00,68.00,71.43,17.00,29.79
TUL,2026-04-15 21:53,-95.8881,36.1984,206.00,80.00,68.00,66.90,22.00,29.78
TUL,2026-04-15 22:53,-95.8881,36.1984,206.00,76.00,64.00,66.43,20.00,29.78
TUL,2026-04-15 23:53,-95.8881,36.1984,206.00,74.00,66.00,76.14,19.00,29.80
TUL,2026-04-16 00:53,-95.8881,36.1984,206.00,73.00,66.00,78.74,13.00,29.80
TUL,2026-04-16 01:53,-95.8881,36.1984,206.00,73.00,66.00,78.74,14.00,29.77
TUL,2026-04-16 02:53,-95.8881,36.1984,206.00,72.00,66.00,81.44,10.00,29.81
TUL,2026-04-16 03:53,-95.8881,36.1984,206.00,71.00,66.00,84.24,6.00,29.82
TUL,2026-04-16 04:53,-95.8881,36.1984,206.00,71.00,65.00,81.37,7.00,29.88
TUL,2026-04-16 05:53,-95.8881,36.1984,206.00,66.00,55.00,67.66,4.00,29.90
TUL,2026-04-16 06:53,-95.8881,36.1984,206.00,66.00,58.00,75.41,8.00,29.89
TUL,2026-04-16 07:53,-95.8881,36.1984,206.00,63.00,59.00,86.79,10.00,29.88
TUL,2026-04-16 08:53,-95.8881,36.1984,206.00,65.00,59.00,80.92,8.00,29.88
TUL,2026-04-16 09:53,-95.8881,36.1984,206.00,65.00,61.00,86.89,11.00,29.89
TUL,2026-04-16 10:53,-95.8881,36.1984,206.00,64.00,62.00,93.22,6.00,29.89
TUL,2026-04-16 11:53,-95.8881,36.1984,206.00,65.00,62.00,90.02,8.00,29.89
TUL,2026-04-16 12:53,-95.8881,36.1984,206.00,66.00,63.00,90.06,7.00,29.90
TUL,2026-04-16 13:53,-95.8881,36.1984,206.00,67.00,64.00,90.10,9.00,29.92
TUL,2026-04-16 14:53,-95.8881,36.1984,206.00,68.00,65.00,90.14,11.00,29.92
TUL,2026-04-16 15:53,-95.8881,36.1984,206.00,71.00,66.00,84.24,8.00,29.92
TUL,2026-04-16 16:53,-95.8881,36.1984,206.00,75.00,67.00,76.23,12.00,29.91
TUL,2026-04-16 17:53,-95.8881,36.1984,206.00,77.00,67.00,71.33,13.00,29.89
TUL,2026-04-16 18:53,-95.8881,36.1984,206.00,77.00,66.00,68.90,16.00,29.88
TUL,2026-04-16 19:53,-95.8881,36.1984,206.00,77.00,66.00,68.90,14.00,29.87
TUL,2026-04-16 20:53,-95.8881,36.1984,206.00,79.00,66.00,64.51,14.00,29.85
TUL,2026-04-16 21:53,-95.8881,36.1984,206.00,82.00,67.00,60.57,12.00,29.83
TUL,2026-04-16 22:53,-95.8881,36.1984,206.00,82.00,65.00,56.51,12.00,29.82
TUL,2026-04-16 23:53,-95.8881,36.1984,206.00,81.00,63.00,54.43,16.00,29.81
TUL,2026-04-17 00:53,-95.8881,36.1984,206.00,79.00,63.00,58.10,8.00,29.81
TUL,2026-04-17 01:53,-95.8881,36.1984,206.00,77.00,68.00,73.83,14.00,29.82
TUL,2026-04-17 02:53,-95.8881,36.1984,206.00,76.00,68.00,76.32,16.00,29.84
TUL,2026-04-17 03:53,-95.8881,36.1984,206.00,75.00,68.00,78.90,12.00,29.84
TUL,2026-04-17 04:53,-95.8881,36.1984,206.00,74.00,67.00,78.82,12.00,29.83
TUL,2026-04-17 05:53,-95.8881,36.1984,206.00,73.00,67.00,81.51,9.00,29.83
TUL,2026-04-17 06:53,-95.8881,36.1984,206.00,73.00,66.00,78.74,16.00,29.82
TUL,2026-04-17 07:53,-95.8881,36.1984,206.00,72.00,65.00,78.66,15.00,29.80
TUL,2026-04-17 08:53,-95.8881,36.1984,206.00,72.00,65.00,78.66,12.00,29.80
TUL,2026-04-17 09:53,-95.8881,36.1984,206.00,72.00,65.00,78.66,16.00,29.80
TUL,2026-04-17 10:53,-95.8881,36.1984,206.00,71.00,65.00,81.37,14.00,29.80
TUL,2026-04-17 11:53,-95.8881,36.1984,206.00,71.00,65.00,81.37,16.00,29.80
TUL,2026-04-17 12:53,-95.8881,36.1984,206.00,71.00,65.00,81.37,14.00,29.82
TUL,2026-04-17 13:53,-95.8881,36.1984,206.00,74.00,65.00,73.54,15.00,29.82
TUL,2026-04-17 14:53,-95.8881,36.1984,206.00,76.00,65.00,68.79,19.00,29.81
TUL,2026-04-17 15:53,-95.8881,36.1984,206.00,77.00,65.00,66.55,20.00,29.80
TUL,2026-04-17 16:53,-95.8881,36.1984,206.00,79.00,66.00,64.51,21.00,29.78
TUL,2026-04-17 17:53,-95.8881,36.1984,206.00,78.00,66.00,66.67,15.00,29.78
TUL,2026-04-17 18:53,-95.8881,36.1984,206.00,78.00,66.00,66.67,18.00,29.76
TUL,2026-04-17 19:53,-95.8881,36.1984,206.00,78.00,65.00,64.39,21.00,29.75
TUL,2026-04-17 20:53,-95.8881,36.1984,206.00,76.00,64.00,66.43,17.00,29.71
TUL,2026-04-17 21:53,-95.8881,36.1984,206.00,76.00,64.00,66.43,26.00,29.69
TUL,2026-04-17 22:53,-95.8881,36.1984,206.00,76.00,65.00,68.79,24.00,29.67
TUL,2026-04-17 23:53,-95.8881,36.1984,206.00,74.00,65.00,73.54,25.00,29.64
TUL,2026-04-18 00:53,-95.8881,36.1984,206.00,73.00,65.00,76.05,28.00,29.64
TUL,2026-04-18 01:53,-95.8881,36.1984,206.00,74.00,65.00,73.54,5.00,29.71
TUL,2026-04-18 02:53,-95.8881,36.1984,206.00,69.00,61.00,75.69,12.00,29.73
TUL,2026-04-18 03:53,-95.8881,36.1984,206.00,59.00,57.00,93.07,19.00,29.83
TUL,2026-04-18 04:53,-95.8881,36.1984,206.00,56.00,55.00,96.44,20.00,29.88
TUL,2026-04-18 05:53,-95.8881,36.1984,206.00,53.00,51.00,92.89,18.00,29.91
TUL,2026-04-18 06:53,-95.8881,36.1984,206.00,50.00,49.00,96.34,16.00,29.96
TUL,2026-04-18 07:53,-95.8881,36.1984,206.00,49.00,48.00,96.32,10.00,29.97
TUL,2026-04-18 08:53,-95.8881,36.1984,206.00,49.00,43.00,79.68,10.00,29.98
TUL,2026-04-18 09:53,-95.8881,36.1984,206.00,48.00,39.00,70.85,10.00,30.01
TUL,2026-04-18 10:53,-95.8881,36.1984,206.00,48.00,37.00,65.50,16.00,30.04
TUL,2026-04-18 11:53,-95.8881,36.1984,206.00,47.00,34.00,60.37,13.00,30.08
TUL,2026-04-18 12:53,-95.8881,36.1984,206.00,47.00,33.00,58.00,13.00,30.11
TUL,2026-04-18 13:53,-95.8881,36.1984,206.00,49.00,33.00,53.80,14.00,30.15
TUL,2026-04-18 14:53,-95.8881,36.1984,206.00,51.00,31.00,46.07,14.00,30.18
TUL,2026-04-18 15:53,-95.8881,36.1984,206.00,54.00,28.00,36.51,17.00,30.21
TUL,2026-04-18 16:53,-95.8881,36.1984,206.00,56.00,29.00,35.36,17.00,30.24
TUL,2026-04-18 17:53,-95.8881,36.1984,206.00,58.00,33.00,38.70,16.00,30.26
TUL,2026-04-18 18:53,-95.8881,36.1984,206.00,60.00,34.00,37.50,10.00,30.26
TUL,2026-04-18 19:53,-95.8881,36.1984,206.00,61.00,34.00,36.19,14.00,30.25
TUL,2026-04-18 20:53,-95.8881,36.1984,206.00,62.00,32.00,32.24,11.00,30.24
TUL,2026-04-18 21:53,-95.8881,36.1984,206.00,63.00,32.00,31.12,10.00,30.22
TUL,2026-04-18 22:53,-95.8881,36.1984,206.00,62.00,31.00,30.96,6.00,30.24
TUL,2026-04-18 23:53,-95.8881,36.1984,206.00,61.00,31.00,32.07,6.00,30.23
TUL,2026-04-19 00:53,-95.8881,36.1984,206.00,57.00,33.00,40.11,3.00,30.24
TUL,2026-04-19 01:53,-95.8881,36.1984,206.00,53.00,38.00,56.59,4.00,30.25
TUL,2026-04-19 02:53,-95.8881,36.1984,206.00,51.00,37.00,58.57,5.00,30.28
TUL,2026-04-19 03:53,-95.8881,36.1984,206.00,49.00,39.00,68.24,5.00,30.29
TUL,2026-04-19 04:53,-95.8881,36.1984,206.00,51.00,37.00,58.57,5.00,30.30
TUL,2026-04-19 05:53,-95.8881,36.1984,206.00,49.00,37.00,63.09,5.00,30.30
TUL,2026-04-19 06:53,-95.8881,36.1984,206.00,47.00,37.00,68.01,4.00,30.30
TUL,2026-04-19 07:53,-95.8881,36.1984,206.00,48.00,37.00,65.50,4.00,30.30
TUL,2026-04-19 08:53,-95.8881,36.1984,206.00,47.00,36.00,65.37,3.00,30.30
TUL,2026-04-19 09:53,-95.8881,36.1984,206.00,46.00,37.00,70.62,4.00,30.31
TUL,2026-04-19 10:53,-95.8881,36.1984,206.00,46.00,36.00,67.89,5.00,30.31
TUL,2026-04-19 11:53,-95.8881,36.1984,206.00,45.00,36.00,70.51,5.00,30.31
TUL,2026-04-19 12:53,-95.8881,36.1984,206.00,49.00,38.00,65.62,4.00,30.33
TUL,2026-04-19 13:53,-95.8881,36.1984,206.00,55.00,37.00,50.57,4.00,30.34
TUL,2026-04-19 14:53,-95.8881,36.1984,206.00,61.00,37.00,40.77,6.00,30.33
TUL,2026-04-19 15:53,-95.8881,36.1984,206.00,64.00,36.00,35.26,13.00,30.34
TUL,2026-04-19 16:53,-95.8881,36.1984,206.00,67.00,34.00,29.34,10.00,30.34
TUL,2026-04-19 17:53,-95.8881,36.1984,206.00,70.00,35.00,27.55,9.00,30.31
TUL,2026-04-19 18:53,-95.8881,36.1984,206.00,71.00,36.00,27.71,12.00,30.29
TUL,2026-04-19 19:53,-95.8881,36.1984,206.00,73.00,37.00,26.94,11.00,30.27
TUL,2026-04-19 20:53,-95.8881,36.1984,206.00,73.00,33.00,22.98,8.00,30.24
TUL,2026-04-19 21:53,-95.8881,36.1984,206.00,73.00,33.00,22.98,9.00,30.21
TUL,2026-04-19 22:53,-95.8881,36.1984,206.00,73.00,34.00,23.92,8.00,30.20
TUL,2026-04-19 23:53,-95.8881,36.1984,206.00,72.00,33.00,23.76,6.00,30.20
TUL,2026-04-20 00:53,-95.8881,36.1984,206.00,67.00,38.00,34.38,9.00,30.21
TUL,2026-04-20 01:53,-95.8881,36.1984,206.00,65.00,38.00,36.85,6.00,30.22
TUL,2026-04-20 02:53,-95.8881,36.1984,206.00,63.00,38.00,39.52,7.00,30.24
TUL,2026-04-20 03:53,-95.8881,36.1984,206.00,60.00,40.00,47.51,7.00,30.25
TUL,2026-04-20 04:53,-95.8881,36.1984,206.00,60.00,39.00,45.69,8.00,30.24
TUL,2026-04-20 05:53,-95.8881,36.1984,206.00,60.00,38.00,43.94,11.00,30.24
TUL,2026-04-20 06:53,-95.8881,36.1984,206.00,58.00,38.00,47.19,11.00,30.24
TUL,2026-04-20 07:53,-95.8881,36.1984,206.00,58.00,37.00,45.37,10.00,30.24
TUL,2026-04-20 08:53,-95.8881,36.1984,206.00,53.00,39.00,58.85,8.00,30.24
TUL,2026-04-20 09:53,-95.8881,36.1984,206.00,52.00,39.00,61.05,6.00,30.25
TUL,2026-04-20 10:53,-95.8881,36.1984,206.00,53.00,38.00,56.59,7.00,30.26
TUL,2026-04-20 11:53,-95.8881,36.1984,206.00,52.00,38.00,58.71,7.00,30.26
TUL,2026-04-20 12:53,-95.8881,36.1984,206.00,54.00,41.00,61.32,6.00,30.28
TUL,2026-04-20 13:53,-95.8881,36.1984,206.00,60.00,41.00,49.39,9.00,30.28
TUL,2026-04-20 14:53,-95.8881,36.1984,206.00,64.00,40.00,41.26,12.00,30.29
TUL,2026-04-20 15:53,-95.8881,36.1984,206.00,68.00,40.00,35.92,16.00,30.29
TUL,2026-04-20 16:53,-95.8881,36.1984,206.00,69.00,40.00,34.70,15.00,30.28
TUL,2026-04-20 17:53,-95.8881,36.1984,206.00,71.00,41.00,33.70,15.00,30.26
TUL,2026-04-20 18:53,-95.8881,36.1984,206.00,72.00,42.00,33.86,8.00,30.23
TUL,2026-04-20 19:53,-95.8881,36.1984,206.00,74.00,41.00,30.46,11.00,30.20
TUL,2026-04-20 20:53,-95.8881,36.1984,206.00,74.00,43.00,32.90,16.00,30.18
TUL,2026-04-20 21:53,-95.8881,36.1984,206.00,74.00,44.00,34.19,15.00,30.16
TUL,2026-04-20 22:53,-95.8881,36.1984,206.00,72.00,42.00,33.86,14.00,30.15
TUL,2026-04-20 23:53,-95.8881,36.1984,206.00,70.00,42.00,36.24,11.00,30.14
TUL,2026-04-21 00:53,-95.8881,36.1984,206.00,67.00,42.00,40.17,8.00,30.14
TUL,2026-04-21 01:53,-95.8881,36.1984,206.00,65.00,43.00,44.74,9.00,30.15
TUL,2026-04-21 02:53,-95.8881,36.1984,206.00,63.00,45.00,51.79,7.00,30.17
TUL,2026-04-21 03:53,-95.8881,36.1984,206.00,61.00,45.00,55.58,8.00,30.18
TUL,2026-04-21 04:53,-95.8881,36.1984,206.00,62.00,43.00,49.70,11.00,30.18
TUL,2026-04-21 05:53,-95.8881,36.1984,206.00,60.00,43.00,53.35,10.00,30.18
TUL,2026-04-21 06:53,-95.8881,36.1984,206.00,58.00,43.00,57.30,9.00,30.18
TUL,2026-04-21 07:53,-95.8881,36.1984,206.00,57.00,43.00,59.40,9.00,30.16
TUL,2026-04-21 08:53,-95.8881,36.1984,206.00,56.00,44.00,63.99,9.00,30.15
TUL,2026-04-21 09:53,-95.8881,36.1984,206.00,55.00,44.00,66.36,4.00,30.14
TUL,2026-04-21 10:53,-95.8881,36.1984,206.00,55.00,44.00,66.36,4.00,30.14
TUL,2026-04-21 11:53,-95.8881,36.1984,206.00,53.00,45.00,74.16,6.00,30.14
TUL,2026-04-21 12:53,-95.8881,36.1984,206.00,57.00,46.00,66.60,7.00,30.15
TUL,2026-04-21 13:53,-95.8881,36.1984,206.00,62.00,47.00,57.87,10.00,30.15
TUL,2026-04-21 14:53,-95.8881,36.1984,206.00,65.00,48.00,54.09,16.00,30.15
TUL,2026-04-21 15:53,-95.8881,36.1984,206.00,68.00,51.00,54.53,15.00,30.16
TUL,2026-04-21 16:53,-95.8881,36.1984,206.00,68.00,54.00,60.89,15.00,30.16
TUL,2026-04-21 17:53,-95.8881,36.1984,206.00,67.00,57.00,70.27,17.00,30.15
TUL,2026-04-21 18:53,-95.8881,36.1984,206.00,66.00,57.00,72.74,16.00,30.14
TUL,2026-04-21 19:53,-95.8881,36.1984,206.00,67.00,57.00,70.27,16.00,30.14
TUL,2026-04-21 20:53,-95.8881,36.1984,206.00,65.00,56.00,72.64,15.00,30.12
TUL,2026-04-21 21:53,-95.8881,36.1984,206.00,62.00,55.00,77.82,20.00,30.13
TUL,2026-04-21 22:53,-95.8881,36.1984,206.00,63.00,55.00,75.13,19.00,30.12
TUL,2026-04-21 23:53,-95.8881,36.1984,206.00,63.00,55.00,75.13,14.00,30.11
TUL,2026-04-22 00:53,-95.8881,36.1984,206.00,62.00,55.00,77.82,16.00,30.11
TUL,2026-04-22 01:53,-95.8881,36.1984,206.00,62.00,55.00,77.82,12.00,30.12
TUL,2026-04-22 02:53,-95.8881,36.1984,206.00,61.00,54.00,77.73,12.00,30.13
TUL,2026-04-22 03:53,-95.8881,36.1984,206.00,60.00,54.00,80.54,12.00,30.12
TUL,2026-04-22 04:53,-95.8881,36.1984,206.00,60.00,54.00,80.54,12.00,30.11
TUL,2026-04-22 05:53,-95.8881,36.1984,206.00,59.00,55.00,86.57,8.00,30.11
TUL,2026-04-22 06:53,-95.8881,36.1984,206.00,58.00,55.00,89.73,6.00,30.11
TUL,2026-04-22 07:53,-95.8881,36.1984,206.00,58.00,55.00,89.73,11.00,30.09
TUL,2026-04-22 08:53,-95.8881,36.1984,206.00,57.00,54.00,89.68,13.00,30.08
TUL,2026-04-22 09:53,-95.8881,36.1984,206.00,57.00,55.00,93.01,9.00,30.08
TUL,2026-04-22 10:53,-95.8881,36.1984,206.00,58.00,55.00,89.73,7.00,30.08
TUL,2026-04-22 11:53,-95.8881,36.1984,206.00,58.00,55.00,89.73,8.00,30.08
TUL,2026-04-22 12:53,-95.8881,36.1984,206.00,59.00,56.00,89.77,8.00,30.08
TUL,2026-04-22 13:53,-95.8881,36.1984,206.00,60.00,56.00,86.62,10.00,30.08
TUL,2026-04-22 14:53,-95.8881,36.1984,206.00,61.00,57.00,86.68,12.00,30.08
TUL,2026-04-22 15:53,-95.8881,36.1984,206.00,62.00,57.00,83.67,11.00,30.08
TUL,2026-04-22 16:53,-95.8881,36.1984,206.00,65.00,58.00,78.08,11.00,30.07
TUL,2026-04-22 17:53,-95.8881,36.1984,206.00,67.00,59.00,75.50,10.00,30.04
TUL,2026-04-22 18:53,-95.8881,36.1984,206.00,68.00,60.00,75.59,14.00,30.02
TUL,2026-04-22 19:53,-95.8881,36.1984,206.00,70.00,61.00,73.15,12.00,29.99
TUL,2026-04-22 20:53,-95.8881,36.1984,206.00,70.00,61.00,73.15,12.00,29.97
TUL,2026-04-22 21:53,-95.8881,36.1984,206.00,69.00,61.00,75.69,13.00,29.94
TUL,2026-04-22 22:53,-95.8881,36.1984,206.00,69.00,62.00,78.41,10.00,29.92
TUL,2026-04-22 23:53,-95.8881,36.1984,206.00,70.00,62.00,75.78,11.00,29.90
TUL,2026-04-23 00:53,-95.8881,36.1984,206.00,70.00,62.00,75.78,10.00,29.88
TUL,2026-04-23 01:53,-95.8881,36.1984,206.00,69.00,61.00,75.69,10.00,29.88
TUL,2026-04-23 02:53,-95.8881,36.1984,206.00,69.00,61.00,75.69,11.00,29.89
TUL,2026-04-23 03:53,-95.8881,36.1984,206.00,69.00,62.00,78.41,9.00,29.88
TUL,2026-04-23 04:53,-95.8881,36.1984,206.00,69.00,62.00,78.41,15.00,29.86
TUL,2026-04-23 05:53,-95.8881,36.1984,206.00,69.00,62.00,78.41,13.00,29.85
TUL,2026-04-23 06:53,-95.8881,36.1984,206.00,68.00,62.00,81.15,13.00,29.82
TUL,2026-04-23 07:53,-95.8881,36.1984,206.00,67.00,62.00,83.99,11.00,29.81
TUL,2026-04-23 08:53,-95.8881,36.1984,206.00,67.00,62.00,83.99,10.00,29.80
TUL,2026-04-23 09:53,-95.8881,36.1984,206.00,67.00,63.00,87.00,10.00,29.80
TUL,2026-04-23 10:53,-95.8881,36.1984,206.00,68.00,63.00,84.05,10.00,29.78
TUL,2026-04-23 11:53,-95.8881,36.1984,206.00,69.00,63.00,81.22,17.00,29.78
TUL,2026-04-23 12:53,-95.8881,36.1984,206.00,69.00,63.00,81.22,19.00,29.77
TUL,2026-04-23 13:53,-95.8881,36.1984,206.00,70.00,64.00,81.29,18.00,29.76
TUL,2026-04-23 14:53,-95.8881,36.1984,206.00,71.00,64.00,78.57,21.00,29.76
TUL,2026-04-23 15:53,-95.8881,36.1984,206.00,72.00,64.00,75.96,20.00,29.76
TUL,2026-04-23 16:53,-95.8881,36.1984,206.00,73.00,64.00,73.44,25.00,29.74
TUL,2026-04-23 17:53,-95.8881,36.1984,206.00,74.00,64.00,71.02,16.00,29.71
TUL,2026-04-23 18:53,-95.8881,36.1984,206.00,74.00,64.00,71.02,18.00,29.69
TUL,2026-04-23 19:53,-95.8881,36.1984,206.00,75.00,65.00,71.12,20.00,29.67
TUL,2026-04-23 20:53,-95.8881,36.1984,206.00,76.00,65.00,68.79,20.00,29.65
TUL,2026-04-23 21:53,-95.8881,36.1984,206.00,77.00,65.00,66.55,20.00,29.63
TUL,2026-04-23 22:53,-95.8881,36.1984,206.00,78.00,65.00,64.39,23.00,29.62
TUL,2026-04-23 23:53,-95.8881,36.1984,206.00,76.00,64.00,66.43,27.00,29.60
TUL,2026-04-24 00:53,-95.8881,36.1984,206.00,74.00,64.00,71.02,25.00,29.59
TUL,2026-04-24 01:53,-95.8881,36.1984,206.00,74.00,64.00,71.02,21.00,29.59
TUL,2026-04-24 02:53,-95.8881,36.1984,206.00,73.00,64.00,73.44,18.00,29.62
TUL,2026-04-24 03:53,-95.8881,36.1984,206.00,74.00,64.00,71.02,25.00,29.61
TUL,2026-04-24 04:53,-95.8881,36.1984,206.00,74.00,64.00,71.02,8.00,29.64
TUL,2026-04-24 05:53,-95.8881,36.1984,206.00,66.00,57.00,72.74,26.00,29.70
TUL,2026-04-24 06:53,-95.8881,36.1984,206.00,59.00,59.00,100.00,7.00,29.66
TUL,2026-04-24 07:53,-95.8881,36.1984,206.00,59.00,59.00,100.00,3.00,29.67
TUL,2026-04-24 08:53,-95.8881,36.1984,206.00,60.00,59.00,96.50,12.00,29.64
TUL,2026-04-24 09:53,-95.8881,36.1984,206.00,60.00,58.00,93.10,8.00,29.66
TUL,2026-04-24 10:53,-95.8881,36.1984,206.00,59.00,58.00,96.48,0.00,29.68
TUL,2026-04-24 11:53,-95.8881,36.1984,206.00,60.00,59.00,96.50,4.00,29.71
TUL,2026-04-24 12:53,-95.8881,36.1984,206.00,60.00,59.00,96.50,6.00,29.71
TUL,2026-04-24 13:53,-95.8881,36.1984,206.00,63.00,61.00,93.19,6.00,29.74
TUL,2026-04-24 14:53,-95.8881,36.1984,206.00,66.00,62.00,86.95,4.00,29.75
TUL,2026-04-24 15:53,-95.8881,36.1984,206.00,68.00,62.00,81.15,3.00,29.77
TUL,2026-04-24 16:53,-95.8881,36.1984,206.00,68.00,62.00,81.15,5.00,29.78
TUL,2026-04-24 17:53,-95.8881,36.1984,206.00,70.00,62.00,75.78,6.00,29.78
TUL,2026-04-24 18:53,-95.8881,36.1984,206.00,71.00,63.00,75.87,6.00,29.77
TUL,2026-04-24 19:53,-95.8881,36.1984,206.00,72.00,63.00,73.34,8.00,29.76
TUL,2026-04-24 20:53,-95.8881,36.1984,206.00,73.00,63.00,70.91,8.00,29.73
TUL,2026-04-24 21:53,-95.8881,36.1984,206.00,74.00,62.00,66.20,12.00,29.73
TUL,2026-04-24 22:53,-95.8881,36.1984,206.00,74.00,61.00,63.90,12.00,29.73
TUL,2026-04-24 23:53,-95.8881,36.1984,206.00,73.00,61.00,66.08,8.00,29.74
TUL,2026-04-25 00:53,-95.8881,36.1984,206.00,70.00,60.00,70.59,6.00,29.75
TUL,2026-04-25 01:53,-95.8881,36.1984,206.00,68.00,60.00,75.59,0.00,29.77
TUL,2026-04-25 02:53,-95.8881,36.1984,206.00,67.00,60.00,78.24,5.00,29.78
TUL,2026-04-25 03:53,-95.8881,36.1984,206.00,64.00,60.00,86.84,4.00,29.79
TUL,2026-04-25 04:53,-95.8881,36.1984,206.00,60.00,58.00,93.10,0.00,29.79
TUL,2026-04-25 05:53,-95.8881,36.1984,206.00,61.00,59.00,93.13,3.00,29.81
TUL,2026-04-25 06:53,-95.8881,36.1984,206.00,61.00,59.00,93.13,3.00,29.80
TUL,2026-04-25 07:53,-95.8881,36.1984,206.00,60.00,59.00,96.50,4.00,29.78
TUL,2026-04-25 08:53,-95.8881,36.1984,206.00,59.00,58.00,96.48,4.00,29.78
TUL,2026-04-25 09:53,-95.8881,36.1984,206.00,60.00,60.00,100.00,9.00,29.77
TUL,2026-04-25 10:53,-95.8881,36.1984,206.00,60.00,60.00,100.00,6.00,29.78
TUL,2026-04-25 11:53,-95.8881,36.1984,206.00,61.00,59.00,93.13,5.00,29.80
TUL,2026-04-25 12:53,-95.8881,36.1984,206.00,61.00,59.00,93.13,8.00,29.80
TUL,2026-04-25 13:53,-95.8881,36.1984,206.00,62.00,59.00,89.89,10.00,29.81
TUL,2026-04-25 14:53,-95.8881,36.1984,206.00,64.00,59.00,83.80,9.00,29.81
TUL,2026-04-25 15:53,-95.8881,36.1984,206.00,66.00,59.00,78.16,8.00,29.81
TUL,2026-04-25 16:53,-95.8881,36.1984,206.00,69.00,60.00,73.05,10.00,29.79
TUL,2026-04-25 17:53,-95.8881,36.1984,206.00,72.00,62.00,70.81,13.00,29.76
TUL,2026-04-25 18:53,-95.8881,36.1984,206.00,74.00,62.00,66.20,10.00,29.75
TUL,2026-04-25 19:53,-95.8881,36.1984,206.00,75.00,63.00,66.32,11.00,29.73
TUL,2026-04-25 20:53,-95.8881,36.1984,206.00,75.00,64.00,68.68,9.00,29.71
TUL,2026-04-25 21:53,-95.8881,36.1984,206.00,72.00,65.00,78.66,10.00,29.71
TUL,2026-04-25 22:53,-95.8881,36.1984,206.00,73.00,65.00,76.05,12.00,29.68
TUL,2026-04-25 23:53,-95.8881,36.1984,206.00,73.00,65.00,76.05,8.00,29.67
TUL,2026-04-26 00:53,-95.8881,36.1984,206.00,72.00,65.00,78.66,3.00,29.72
TUL,2026-04-26 01:53,-95.8881,36.1984,206.00,70.00,66.00,87.16,6.00,29.76
TUL,2026-04-26 02:53,-95.8881,36.1984,206.00,67.00,64.00,90.10,9.00,29.77
TUL,2026-04-26 03:53,-95.8881,36.1984,206.00,65.00,63.00,93.24,13.00,29.77
TUL,2026-04-26 04:53,-95.8881,36.1984,206.00,62.00,58.00,86.73,9.00,29.78
TUL,2026-04-26 05:53,-95.8881,36.1984,206.00,61.00,58.00,89.85,5.00,29.79
TUL,2026-04-26 06:53,-95.8881,36.1984,206.00,61.00,57.00,86.68,9.00,29.78
TUL,2026-04-26 07:53,-95.8881,36.1984,206.00,61.00,57.00,86.68,7.00,29.78
TUL,2026-04-26 08:53,-95.8881,36.1984,206.00,61.00,58.00,89.85,7.00,29.75
TUL,2026-04-26 09:53,-95.8881,36.1984,206.00,61.00,59.00,93.13,7.00,29.75
TUL,2026-04-26 10:53,-95.8881,36.1984,206.00,62.00,59.00,89.89,7.00,29.77
TUL,2026-04-26 11:53,-95.8881,36.1984,206.00,62.00,60.00,93.16,4.00,29.78
TUL,2026-04-26 12:53,-95.8881,36.1984,206.00,63.00,61.00,93.19,4.00,29.79
TUL,2026-04-26 13:53,-95.8881,36.1984,206.00,65.00,61.00,86.89,4.00,29.80
TUL,2026-04-26 14:53,-95.8881,36.1984,206.00,68.00,63.00,84.05,9.00,29.79
TUL,2026-04-26 15:53,-95.8881,36.1984,206.00,70.00,63.00,78.49,8.00,29.79
TUL,2026-04-26 16:53,-95.8881,36.1984,206.00,72.00,63.00,73.34,9.00,29.78
TUL,2026-04-26 17:53,-95.8881,36.1984,206.00,76.00,64.00,66.43,15.00,29.75
TUL,2026-04-26 18:53,-95.8881,36.1984,206.00,79.00,66.00,64.51,14.00,29.71
TUL,2026-04-26 19:53,-95.8881,36.1984,206.00,81.00,67.00,62.56,16.00,29.68
TUL,2026-04-26 20:53,-95.8881,36.1984,206.00,81.00,67.00,62.56,14.00,29.65
TUL,2026-04-26 21:53,-95.8881,36.1984,206.00,82.00,69.00,64.88,13.00,29.62
TUL,2026-04-26 22:53,-95.8881,36.1984,206.00,81.00,70.00,69.34,12.00,29.62
TUL,2026-04-26 23:53,-95.8881,36.1984,206.00,80.00,70.00,71.64,12.00,29.62
TUL,2026-04-27 00:53,-95.8881,36.1984,206.00,79.00,70.00,74.02,16.00,29.62
TUL,2026-04-27 01:53,-95.8881,36.1984,206.00,78.00,70.00,76.49,10.00,29.62
TUL,2026-04-27 02:53,-95.8881,36.1984,206.00,76.00,69.00,78.98,9.00,29.65
TUL,2026-04-27 03:53,-95.8881,36.1984,206.00,77.00,69.00,76.41,12.00,29.64
TUL,2026-04-27 04:53,-95.8881,36.1984,206.00,75.00,69.00,81.65,12.00,29.64
TUL,2026-04-27 05:53,-95.8881,36.1984,206.00,75.00,68.00,78.90,12.00,29.64
TUL,2026-04-27 06:53,-95.8881,36.1984,206.00,75.00,69.00,81.65,14.00,29.61
TUL,2026-04-27 07:53,-95.8881,36.1984,206.00,75.00,69.00,81.65,13.00,29.58
TUL,2026-04-27 08:53,-95.8881,36.1984,206.00,76.00,69.00,78.98,13.00,29.58
TUL,2026-04-27 09:53,-95.8881,36.1984,206.00,77.00,69.00,76.41,19.00,29.56
TUL,2026-04-27 10:53,-95.8881,36.1984,206.00,77.00,69.00,76.41,21.00,29.57
TUL,2026-04-27 11:53,-95.8881,36.1984,206.00,77.00,69.00,76.41,23.00,29.57
TUL,2026-04-27 12:53,-95.8881,36.1984,206.00,77.00,69.00,76.41,18.00,29.59
TUL,2026-04-27 13:53,-95.8881,36.1984,206.00,78.00,70.00,76.49,21.00,29.61
TUL,2026-04-27 14:53,-95.8881,36.1984,206.00,80.00,69.00,69.23,15.00,29.62
TUL,2026-04-27 15:53,-95.8881,36.1984,206.00,82.00,68.00,62.69,9.00,29.63
TUL,2026-04-27 16:53,-95.8881,36.1984,206.00,84.00,66.00,54.85,10.00,29.65
TUL,2026-04-27 17:53,-95.8881,36.1984,206.00,86.00,64.00,47.99,12.00,29.65
TUL,2026-04-27 18:53,-95.8881,36.1984,206.00,87.00,61.00,41.83,18.00,29.66
TUL,2026-04-27 19:53,-95.8881,36.1984,206.00,87.00,62.00,43.34,14.00,29.67
TUL,2026-04-27 20:53,-95.8881,36.1984,206.00,86.00,58.00,38.80,13.00,29.69
TUL,2026-04-27 21:53,-95.8881,36.1984,206.00,84.00,57.00,39.90,15.00,29.70
TUL,2026-04-27 22:53,-95.8881,36.1984,206.00,82.00,57.00,42.56,13.00,29.73
TUL,2026-04-27 23:53,-95.8881,36.1984,206.00,80.00,57.00,45.42,10.00,29.76
TUL,2026-04-28 00:53,-95.8881,36.1984,206.00,74.00,57.00,55.39,3.00,29.79
TUL,2026-04-28 01:53,-95.8881,36.1984,206.00,71.00,60.00,68.23,10.00,29.83
TUL,2026-04-28 02:53,-95.8881,36.1984,206.00,70.00,59.00,68.12,10.00,29.86
TUL,2026-04-28 03:53,-95.8881,36.1984,206.00,70.00,57.00,63.40,12.00,29.90
TUL,2026-04-28 04:53,-95.8881,36.1984,206.00,66.00,55.00,67.66,6.00,29.93
TUL,2026-04-28 05:53,-95.8881,36.1984,206.00,63.00,55.00,75.13,8.00,29.92
TUL,2026-04-28 06:53,-95.8881,36.1984,206.00,63.00,54.00,72.44,10.00,29.93
TUL,2026-04-28 07:53,-95.8881,36.1984,206.00,61.00,54.00,77.73,7.00,29.92
TUL,2026-04-28 08:53,-95.8881,36.1984,206.00,59.00,52.00,77.56,10.00,29.92
TUL,2026-04-28 09:53,-95.8881,36.1984,206.00,59.00,51.00,74.75,8.00,29.93
TUL,2026-04-28 10:53,-95.8881,36.1984,206.00,59.00,50.00,72.02,7.00,29.94
TUL,2026-04-28 11:53,-95.8881,36.1984,206.00,58.00,50.00,74.65,9.00,29.96
TUL,2026-04-28 12:53,-95.8881,36.1984,206.00,58.00,50.00,74.65,11.00,29.95
TUL,2026-04-28 13:53,-95.8881,36.1984,206.00,59.00,50.00,72.02,7.00,29.93
TUL,2026-04-28 14:53,-95.8881,36.1984,206.00,60.00,51.00,72.13,8.00,29.94
TUL,2026-04-28 15:53,-95.8881,36.1984,206.00,61.00,52.00,72.23,7.00,29.95
TUL,2026-04-28 16:53,-95.8881,36.1984,206.00,61.00,52.00,72.23,10.00,29.92
TUL,2026-04-28 17:53,-95.8881,36.1984,206.00,61.00,53.00,74.94,10.00,29.89
TUL,2026-04-28 18:53,-95.8881,36.1984,206.00,61.00,53.00,74.94,11.00,29.89
TUL,2026-04-28 19:53,-95.8881,36.1984,206.00,58.00,55.00,89.73,12.00,29.90
TUL,2026-04-28 20:53,-95.8881,36.1984,206.00,60.00,55.00,83.54,7.00,29.89
TUL,2026-04-28 21:53,-95.8881,36.1984,206.00,60.00,54.00,80.54,11.00,29.89
TUL,2026-04-28 22:53,-95.8881,36.1984,206.00,60.00,54.00,80.54,9.00,29.89
TUL,2026-04-28 23:53,-95.8881,36.1984,206.00,60.00,54.00,80.54,9.00,29.92
TUL,2026-04-29 00:53,-95.8881,36.1984,206.00,60.00,54.00,80.54,7.00,29.95
TUL,2026-04-29 01:53,-95.8881,36.1984,206.00,56.00,53.00,89.64,6.00,29.99
TUL,2026-04-29 02:53,-95.8881,36.1984,206.00,57.00,53.00,86.46,6.00,30.02
TUL,2026-04-29 03:53,-95.8881,36.1984,206.00,53.00,51.00,92.89,4.00,30.03
TUL,2026-04-29 04:53,-95.8881,36.1984,206.00,53.00,50.00,89.51,8.00,30.02
TUL,2026-04-29 05:53,-95.8881,36.1984,206.00,54.00,50.00,86.29,8.00,30.01
TUL,2026-04-29 06:53,-95.8881,36.1984,206.00,52.00,49.00,89.46,4.00,30.03
TUL,2026-04-29 07:53,-95.8881,36.1984,206.00,50.00,48.00,92.80,6.00,30.04
TUL,2026-04-29 08:53,-95.8881,36.1984,206.00,50.00,48.00,92.80,7.00,30.06
TUL,2026-04-29 09:53,-95.8881,36.1984,206.00,50.00,47.00,89.37,8.00,30.09
TUL,2026-04-29 10:53,-95.8881,36.1984,206.00,49.00,47.00,92.77,8.00,30.10
TUL,2026-04-29 11:53,-95.8881,36.1984,206.00,48.00,45.00,89.28,9.00,30.11
TUL,2026-04-29 12:53,-95.8881,36.1984,206.00,50.00,44.00,79.76,11.00,30.12
TUL,2026-04-29 13:53,-95.8881,36.1984,206.00,52.00,44.00,74.06,16.00,30.11
TUL,2026-04-29 14:53,-95.8881,36.1984,206.00,56.00,44.00,63.99,14.00,30.11
TUL,2026-04-29 15:53,-95.8881,36.1984,206.00,60.00,45.00,57.59,9.00,30.11
TUL,2026-04-29 16:53,-95.8881,36.1984,206.00,61.00,45.00,55.58,9.00,30.10
TUL,2026-04-29 17:53,-95.8881,36.1984,206.00,63.00,44.00,49.85,11.00,30.08
TUL,2026-04-29 18:53,-95.8881,36.1984,206.00,65.00,46.00,50.16,11.00,30.06
TUL,2026-04-29 19:53,-95.8881,36.1984,206.00,65.00,45.00,48.29,11.00,30.05
TUL,2026-04-29 20:53,-95.8881,36.1984,206.00,66.00,46.00,48.45,12.00,30.03
TUL,2026-04-29 21:53,-95.8881,36.1984,206.00,67.00,46.00,46.80,13.00,30.00
TUL,2026-04-29 22:53,-95.8881,36.1984,206.00,65.00,46.00,50.16,11.00,30.01
TUL,2026-04-29 23:53,-95.8881,36.1984,206.00,63.00,46.00,53.79,12.00,30.02
TUL,2026-04-30 00:53,-95.8881,36.1984,206.00,62.00,46.00,55.72,10.00,30.03
TUL,2026-04-30 01:53,-95.8881,36.1984,206.00,60.00,46.00,59.81,6.00,30.05
TUL,2026-04-30 02:53,-95.8881,36.1984,206.00,58.00,46.00,64.25,9.00,30.07
TUL,2026-04-30 03:53,-95.8881,36.1984,206.00,57.00,45.00,64.12,4.00,30.07
TUL,2026-04-30 04:53,-95.8881,36.1984,206.00,55.00,45.00,68.94,5.00,30.08
TUL,2026-04-30 05:53,-95.8881,36.1984,206.00,53.00,44.00,71.39,4.00,30.07
TUL,2026-04-30 06:53,-95.8881,36.1984,206.00,52.00,44.00,74.06,5.00,30.08
TUL,2026-04-30 07:53,-95.8881,36.1984,206.00,54.00,43.00,66.24,9.00,30.06
TUL,2026-04-30 08:53,-95.8881,36.1984,206.00,52.00,43.00,71.28,5.00,30.07
TUL,2026-04-30 09:53,-95.8881,36.1984,206.00,52.00,43.00,71.28,6.00,30.07
TUL,2026-04-30 10:53,-95.8881,36.1984,206.00,51.00,43.00,73.96,5.00,30.08
TUL,2026-04-30 11:53,-95.8881,36.1984,206.00,48.00,42.00,79.59,0.00,30.08
TUL,2026-04-30 12:53,-95.8881,36.1984,206.00,52.00,44.00,74.06,4.00,30.08
TUL,2026-04-30 13:53,-95.8881,36.1984,206.00,55.00,44.00,66.36,5.00,30.10
TUL,2026-04-30 14:53,-95.8881,36.1984,206.00,57.00,45.00,64.12,5.00,30.09
TUL,2026-04-30 15:53,-95.8881,36.1984,206.00,58.00,46.00,64.25,5.00,30.11
TUL,2026-04-30 16:53,-95.8881,36.1984,206.00,60.00,46.00,59.81,3.00,30.10
TUL,2026-04-30 17:53,-95.8881,36.1984,206.00,64.00,45.00,50.01,0.00,30.08
TUL,2026-04-30 18:53,-95.8881,36.1984,206.00,66.00,41.00,40.01,6.00,30.05
TUL,2026-04-30 19:53,-95.8881,36.1984,206.00,66.00,45.00,46.64,7.00,30.04
TUL,2026-04-30 20:53,-95.8881,36.1984,206.00,68.00,43.00,40.33,9.00,30.01
TUL,2026-04-30 21:53,-95.8881,36.1984,206.00,69.00,43.00,38.97,7.00,30.00
TUL,2026-04-30 22:53,-95.8881,36.1984,206.00,69.00,42.00,37.50,9.00,29.99
TUL,2026-04-30 23:53,-95.8881,36.1984,206.00,66.00,41.00,40.01,6.00,30.00
TUL,2026-05-01 00:53,-95.8881,36.1984,206.00,64.00,43.00,46.33,5.00,30.02
TUL,2026-05-01 01:53,-95.8881,36.1984,206.00,61.00,43.00,51.49,3.00,30.04
TUL,2026-05-01 02:53,-95.8881,36.1984,206.00,58.00,44.00,59.54,3.00,30.06
TUL,2026-05-01 03:53,-95.8881,36.1984,206.00,54.00,46.00,74.26,0.00,30.07
TUL,2026-05-01 04:53,-95.8881,36.1984,206.00,54.00,47.00,77.12,4.00,30.07
TUL,2026-05-01 05:53,-95.8881,36.1984,206.00,52.00,47.00,82.99,4.00,30.07
TUL,2026-05-01 06:53,-95.8881,36.1984,206.00,52.00,46.00,79.92,0.00,30.07
TUL,2026-05-01 07:53,-95.8881,36.1984,206.00,49.00,45.00,86.00,5.00,30.07
TUL,2026-05-01 08:53,-95.8881,36.1984,206.00,48.00,45.00,89.28,4.00,30.07
TUL,2026-05-01 09:53,-95.8881,36.1984,206.00,48.00,45.00,89.28,5.00,30.08
TUL,2026-05-01 10:53,-95.8881,36.1984,206.00,50.00,46.00,86.06,5.00,30.07
TUL,2026-05-01 11:53,-95.8881,36.1984,206.00,48.00,46.00,92.74,3.00,30.09
TUL,2026-05-01 12:53,-95.8881,36.1984,206.00,52.00,48.00,86.18,5.00,30.11
TUL,2026-05-01 13:53,-95.8881,36.1984,206.00,57.00,47.00,69.16,4.00,30.10
TUL,2026-05-01 14:53,-95.8881,36.1984,206.00,61.00,45.00,55.58,6.00,30.11
TUL,2026-05-01 15:53,-95.8881,36.1984,206.00,64.00,43.00,46.33,6.00,30.12
TUL,2026-05-01 16:53,-95.8881,36.1984,206.00,66.00,43.00,43.21,8.00,30.12
TUL,2026-05-01 17:53,-95.8881,36.1984,206.00,66.00,41.00,40.01,9.00,30.12
TUL,2026-05-01 18:53,-95.8881,36.1984,206.00,67.00,41.00,38.65,10.00,30.10
TUL,2026-05-01 19:53,-95.8881,36.1984,206.00,69.00,40.00,34.70,10.00,30.08
TUL,2026-05-01 20:53,-95.8881,36.1984,206.00,69.00,35.00,28.51,9.00,30.04
TUL,2026-05-01 21:53,-95.8881,36.1984,206.00,68.00,36.00,30.70,11.00,30.03
TUL,2026-05-01 22:53,-95.8881,36.1984,206.00,66.00,35.00,31.61,5.00,30.04
TUL,2026-05-01 23:53,-95.8881,36.1984,206.00,66.00,34.00,30.37,5.00,30.04
TUL,2026-05-02 00:53,-95.8881,36.1984,206.00,63.00,36.00,36.52,3.00,30.05
TUL,2026-05-02 01:53,-95.8881,36.1984,206.00,61.00,38.00,42.41,3.00,30.07
TUL,2026-05-02 02:53,-95.8881,36.1984,206.00,57.00,39.00,50.88,5.00,30.09
TUL,2026-05-02 03:53,-95.8881,36.1984,206.00,56.00,40.00,54.85,4.00,30.10
TUL,2026-05-02 04:53,-95.8881,36.1984,206.00,53.00,40.00,61.19,0.00,30.09
TUL,2026-05-02 05:53,-95.8881,36.1984,206.00,51.00,42.00,71.17,0.00,30.10
TUL,2026-05-02 06:53,-95.8881,36.1984,206.00,50.00,46.00,86.06,0.00,30.10
TUL,2026-05-02 07:53,-95.8881,36.1984,206.00,51.00,45.00,79.84,5.00,30.11
TUL,2026-05-02 08:53,-95.8881,36.1984,206.00,52.00,44.00,74.06,5.00,30.12
TUL,2026-05-02 09:53,-95.8881,36.1984,206.00,52.00,45.00,76.94,3.00,30.12
TUL,2026-05-02 10:53,-95.8881,36.1984,206.00,51.00,44.00,76.85,4.00,30.12
TUL,2026-05-02 11:53,-95.8881,36.1984,206.00,52.00,45.00,76.94,4.00,30.13
TUL,2026-05-02 12:53,-95.8881,36.1984,206.00,55.00,47.00,74.36,4.00,30.16
TUL,2026-05-02 13:53,-95.8881,36.1984,206.00,59.00,45.00,59.68,6.00,30.18
TUL,2026-05-02 14:53,-95.8881,36.1984,206.00,61.00,42.00,49.55,7.00,30.19
TUL,2026-05-02 15:53,-95.8881,36.1984,206.00,64.00,42.00,44.58,7.00,30.18
TUL,2026-05-02 16:53,-95.8881,36.1984,206.00,66.00,42.00,41.58,6.00,30.19
TUL,2026-05-02 17:53,-95.8881,36.1984,206.00,68.00,43.00,40.33,5.00,30.18
TUL,2026-05-02 18:53,-95.8881,36.1984,206.00,69.00,41.00,36.08,10.00,30.15
TUL,2026-05-02 19:53,-95.8881,36.1984,206.00,70.00,39.00,32.26,6.00,30.14
TUL,2026-05-02 20:53,-95.8881,36.1984,206.00,71.00,38.00,29.98,M,30.13
TUL,2026-05-02 21:53,-95.8881,36.1984,206.00,70.00,39.00,32.26,4.00,30.11
TUL,2026-05-02 22:53,-95.8881,36.1984,206.00,70.00,36.00,28.67,0.00,30.10
TUL,2026-05-02 23:53,-95.8881,36.1984,206.00,69.00,39.00,33.38,6.00,30.09
TUL,2026-05-03 00:53,-95.8881,36.1984,206.00,64.00,40.00,41.26,6.00,30.09
TUL,2026-05-03 01:53,-95.8881,36.1984,206.00,64.00,38.00,38.16,4.00,30.10
TUL,2026-05-03 02:53,-95.8881,36.1984,206.00,56.00,41.00,57.02,4.00,30.11
TUL,2026-05-03 03:53,-95.8881,36.1984,206.00,57.00,40.00,52.90,5.00,30.12
TUL,2026-05-03 04:53,-95.8881,36.1984,206.00,54.00,40.00,58.99,4.00,30.12
TUL,2026-05-03 05:53,-95.8881,36.1984,206.00,54.00,39.00,56.73,4.00,30.12
TUL,2026-05-03 06:53,-95.8881,36.1984,206.00,53.00,39.00,58.85,4.00,30.12
TUL,2026-05-03 07:53,-95.8881,36.1984,206.00,54.00,40.00,58.99,9.00,30.10
TUL,2026-05-03 08:53,-95.8881,36.1984,206.00,52.00,41.00,65.99,7.00,30.09
TUL,2026-05-03 09:53,-95.8881,36.1984,206.00,53.00,40.00,61.19,7.00,30.08
TUL,2026-05-03 10:53,-95.8881,36.1984,206.00,50.00,40.00,68.36,5.00,30.06
TUL,2026-05-03 11:53,-95.8881,36.1984,206.00,49.00,41.00,73.76,5.00,30.05
TUL,2026-05-03 12:53,-95.8881,36.1984,206.00,57.00,43.00,59.40,8.00,30.05
TUL,2026-05-03 13:53,-95.8881,36.1984,206.00,63.00,44.00,49.85,15.00,30.05
TUL,2026-05-03 14:53,-95.8881,36.1984,206.00,67.00,47.00,48.60,12.00,30.04
TUL,2026-05-03 15:53,-95.8881,36.1984,206.00,72.00,50.00,45.84,11.00,30.03
TUL,2026-05-03 16:53,-95.8881,36.1984,206.00,74.00,52.00,46.16,10.00,30.02
TUL,2026-05-03 17:53,-95.8881,36.1984,206.00,79.00,54.00,42.09,11.00,30.00
TUL,2026-05-03 18:53,-95.8881,36.1984,206.00,81.00,52.00,36.64,10.00,29.96
TUL,2026-05-03 19:53,-95.8881,36.1984,206.00,83.00,50.00,31.89,14.00,29.94
TUL,2026-05-03 20:53,-95.8881,36.1984,206.00,84.00,40.00,21.11,11.00,29.90
TUL,2026-05-03 21:53,-95.8881,36.1984,206.00,85.00,41.00,21.25,12.00,29.87
TUL,2026-05-03 22:53,-95.8881,36.1984,206.00,85.00,41.00,21.25,11.00,29.86
TUL,2026-05-03 23:53,-95.8881,36.1984,206.00,82.00,40.00,22.51,16.00,29.86
TUL,2026-05-04 00:53,-95.8881,36.1984,206.00,79.00,44.00,28.97,10.00,29.86
TUL,2026-05-04 01:53,-95.8881,36.1984,206.00,76.00,45.00,33.22,10.00,29.86
TUL,2026-05-04 02:53,-95.8881,36.1984,206.00,75.00,45.00,34.35,14.00,29.87
TUL,2026-05-04 03:53,-95.8881,36.1984,206.00,73.00,45.00,36.73,13.00,29.87
TUL,2026-05-04 04:53,-95.8881,36.1984,206.00,72.00,45.00,37.99,14.00,29.87
TUL,2026-05-04 05:53,-95.8881,36.1984,206.00,70.00,45.00,40.65,13.00,29.85
TUL,2026-05-04 06:53,-95.8881,36.1984,206.00,69.00,45.00,42.06,17.00,29.83
TUL,2026-05-04 07:53,-95.8881,36.1984,206.00,68.00,45.00,43.53,17.00,29.81
TUL,2026-05-04 08:53,-95.8881,36.1984,206.00,67.00,46.00,46.80,15.00,29.80
TUL,2026-05-04 09:53,-95.8881,36.1984,206.00,66.00,47.00,50.31,16.00,29.79
TUL,2026-05-04 10:53,-95.8881,36.1984,206.00,64.00,47.00,53.94,15.00,29.78
TUL,2026-05-04 11:53,-95.8881,36.1984,206.00,64.00,48.00,56.01,13.00,29.78
TUL,2026-05-04 12:53,-95.8881,36.1984,206.00,65.00,49.00,56.15,14.00,29.78
TUL,2026-05-04 13:53,-95.8881,36.1984,206.00,68.00,50.00,52.54,18.00,29.77
TUL,2026-05-04 14:53,-95.8881,36.1984,206.00,72.00,51.00,47.58,17.00,29.76
TUL,2026-05-04 15:53,-95.8881,36.1984,206.00,76.00,53.00,44.80,17.00,29.73
TUL,2026-05-04 16:53,-95.8881,36.1984,206.00,79.00,55.00,43.65,22.00,29.73
TUL,2026-05-04 17:53,-95.8881,36.1984,206.00,80.00,56.00,43.81,21.00,29.71
TUL,2026-05-04 18:53,-95.8881,36.1984,206.00,81.00,58.00,45.57,21.00,29.69
TUL,2026-05-04 19:53,-95.8881,36.1984,206.00,82.00,58.00,44.12,19.00,29.67
TUL,2026-05-04 20:53,-95.8881,36.1984,206.00,81.00,58.00,45.57,20.00,29.65
TUL,2026-05-04 21:53,-95.8881,36.1984,206.00,80.00,58.00,47.08,17.00,29.64
TUL,2026-05-04 22:53,-95.8881,36.1984,206.00,79.00,58.00,48.65,15.00,29.64
TUL,2026-05-04 23:53,-95.8881,36.1984,206.00,78.00,58.00,50.27,16.00,29.64
TUL,2026-05-05 00:53,-95.8881,36.1984,206.00,76.00,57.00,51.81,11.00,29.63
TUL,2026-05-05 01:53,-95.8881,36.1984,206.00,74.00,56.00,53.42,12.00,29.63
TUL,2026-05-05 02:53,-95.8881,36.1984,206.00,72.00,56.00,57.14,11.00,29.64
TUL,2026-05-05 03:53,-95.8881,36.1984,206.00,71.00,57.00,61.28,13.00,29.61
TUL,2026-05-05 04:53,-95.8881,36.1984,206.00,70.00,58.00,65.72,9.00,29.60
TUL,2026-05-05 05:53,-95.8881,36.1984,206.00,70.00,58.00,65.72,5.00,29.63
TUL,2026-05-05 06:53,-95.8881,36.1984,206.00,68.00,59.00,72.95,9.00,29.63
TUL,2026-05-05 07:53,-95.8881,36.1984,206.00,68.00,59.00,72.95,13.00,29.60
TUL,2026-05-05 08:53,-95.8881,36.1984,206.00,66.00,59.00,78.16,12.00,29.59
TUL,2026-05-05 09:53,-95.8881,36.1984,206.00,65.00,59.00,80.92,10.00,29.59
TUL,2026-05-05 10:53,-95.8881,36.1984,206.00,66.00,60.00,81.00,8.00,29.62
TUL,2026-05-05 11:53,-95.8881,36.1984,206.00,66.00,59.00,78.16,11.00,29.63
TUL,2026-05-05 12:53,-95.8881,36.1984,206.00,66.00,60.00,81.00,10.00,29.64
TUL,2026-05-05 13:53,-95.8881,36.1984,206.00,68.00,60.00,75.59,7.00,29.64
TUL,2026-05-05 14:53,-95.8881,36.1984,206.00,63.00,57.00,80.77,14.00,29.67
TUL,2026-05-05 15:53,-95.8881,36.1984,206.00,58.00,52.00,80.39,16.00,29.69
TUL,2026-05-05 16:53,-95.8881,36.1984,206.00,56.00,50.00,80.23,13.00,29.72
TUL,2026-05-05 17:53,-95.8881,36.1984,206.00,56.00,49.00,77.30,16.00,29.74
TUL,2026-05-05 18:53,-95.8881,36.1984,206.00,56.00,46.00,69.05,22.00,29.75
TUL,2026-05-05 19:53,-95.8881,36.1984,206.00,55.00,46.00,71.60,12.00,29.77
TUL,2026-05-05 20:53,-95.8881,36.1984,206.00,55.00,44.00,66.36,12.00,29.78
TUL,2026-05-05 21:53,-95.8881,36.1984,206.00,55.00,42.00,61.46,17.00,29.79
TUL,2026-05-05 22:53,-95.8881,36.1984,206.00,53.00,42.00,66.11,14.00,29.81
TUL,2026-05-05 23:53,-95.8881,36.1984,206.00,53.00,42.00,66.11,12.00,29.83
TUL,2026-05-06 00:53,-95.8881,36.1984,206.00,52.00,42.00,68.59,10.00,29.84
TUL,2026-05-06 01:53,-95.8881,36.1984,206.00,52.00,42.00,68.59,11.00,29.87
TUL,2026-05-06 02:53,-95.8881,36.1984,206.00,51.00,42.00,71.17,10.00,29.91
TUL,2026-05-06 03:53,-95.8881,36.1984,206.00,51.00,40.00,65.87,11.00,29.93
TUL,2026-05-06 04:53,-95.8881,36.1984,206.00,51.00,39.00,63.35,11.00,29.92
TUL,2026-05-06 05:53,-95.8881,36.1984,206.00,51.00,40.00,65.87,9.00,29.93
TUL,2026-05-06 06:53,-95.8881,36.1984,206.00,51.00,40.00,65.87,10.00,29.92
TUL,2026-05-06 07:53,-95.8881,36.1984,206.00,50.00,41.00,71.06,6.00,29.93
TUL,2026-05-06 08:53,-95.8881,36.1984,206.00,49.00,42.00,76.67,10.00,29.95
TUL,2026-05-06 09:53,-95.8881,36.1984,206.00,49.00,42.00,76.67,9.00,29.99
TUL,2026-05-06 10:53,-95.8881,36.1984,206.00,49.00,42.00,76.67,12.00,30.01
TUL,2026-05-06 11:53,-95.8881,36.1984,206.00,49.00,42.00,76.67,13.00,30.02
TUL,2026-05-06 12:53,-95.8881,36.1984,206.00,50.00,42.00,73.86,7.00,30.04
TUL,2026-05-06 13:53,-95.8881,36.1984,206.00,52.00,40.00,63.48,9.00,30.05
TUL,2026-05-06 14:53,-95.8881,36.1984,206.00,55.00,40.00,56.87,12.00,30.03
TUL,2026-05-06 15:53,-95.8881,36.1984,206.00,59.00,41.00,51.18,11.00,30.07
TUL,2026-05-06 16:53,-95.8881,36.1984,206.00,62.00,42.00,47.82,9.00,30.08
TUL,2026-05-06 17:53,-95.8881,36.1984,206.00,62.00,42.00,47.82,14.00,30.05
TUL,2026-05-06 18:53,-95.8881,36.1984,206.00,63.00,42.00,46.17,9.00,30.04
TUL,2026-05-06 19:53,-95.8881,36.1984,206.00,64.00,42.00,44.58,11.00,30.02
TUL,2026-05-06 20:53,-95.8881,36.1984,206.00,64.00,40.00,41.26,13.00,30.00
TUL,2026-05-06 21:53,-95.8881,36.1984,206.00,64.00,40.00,41.26,12.00,29.99
TUL,2026-05-06 22:53,-95.8881,36.1984,206.00,64.00,39.00,39.68,10.00,30.00
TUL,2026-05-06 23:53,-95.8881,36.1984,206.00,64.00,38.00,38.16,7.00,30.02
TUL,2026-05-07 00:53,-95.8881,36.1984,206.00,61.00,38.00,42.41,9.00,30.04
TUL,2026-05-07 01:53,-95.8881,36.1984,206.00,54.00,40.00,58.99,7.00,30.06
TUL,2026-05-07 02:53,-95.8881,36.1984,206.00,55.00,39.00,54.70,6.00,30.07
TUL,2026-05-07 03:53,-95.8881,36.1984,206.00,51.00,40.00,65.87,4.00,30.09
TUL,2026-05-07 04:53,-95.8881,36.1984,206.00,48.00,41.00,76.58,4.00,30.10
TUL,2026-05-07 05:53,-95.8881,36.1984,206.00,49.00,41.00,73.76,3.00,30.09
TUL,2026-05-07 06:53,-95.8881,36.1984,206.00,46.00,42.00,85.83,0.00,30.10
TUL,2026-05-07 07:53,-95.8881,36.1984,206.00,45.00,40.00,82.50,3.00,30.10
TUL,2026-05-07 08:53,-95.8881,36.1984,206.00,46.00,40.00,79.43,0.00,30.08
TUL,2026-05-07 09:53,-95.8881,36.1984,206.00,42.00,39.00,89.01,3.00,30.09
TUL,2026-05-07 10:53,-95.8881,36.1984,206.00,47.00,40.00,76.49,3.00,30.09
TUL,2026-05-07 11:53,-95.8881,36.1984,206.00,46.00,43.00,89.19,0.00,30.10
TUL,2026-05-07 12:53,-95.8881,36.1984,206.00,52.00,43.00,71.28,0.00,30.12
TUL,2026-05-07 13:53,-95.8881,36.1984,206.00,57.00,40.00,52.90,5.00,30.12
TUL,2026-05-07 14:53,-95.8881,36.1984,206.00,62.00,38.00,40.93,7.00,30.12
TUL,2026-05-07 15:53,-95.8881,36.1984,206.00,64.00,39.00,39.68,4.00,30.10
TUL,2026-05-07 16:53,-95.8881,36.1984,206.00,66.00,39.00,37.01,9.00,30.08
TUL,2026-05-07 17:53,-95.8881,36.1984,206.00,67.00,40.00,37.17,4.00,30.05
TUL,2026-05-07 18:53,-95.8881,36.1984,206.00,70.00,41.00,34.87,9.00,30.03
TUL,2026-05-07 19:53,-95.8881,36.1984,206.00,70.00,41.00,34.87,6.00,30.00
TUL,2026-05-07 20:53,-95.8881,36.1984,206.00,72.00,42.00,33.86,9.00,29.98
TUL,2026-05-07 21:53,-95.8881,36.1984,206.00,73.00,40.00,30.30,6.00,29.95
TUL,2026-05-07 22:53,-95.8881,36.1984,206.00,73.00,39.00,29.14,7.00,29.94
TUL,2026-05-07 23:53,-95.8881,36.1984,206.00,72.00,39.00,30.14,7.00,29.93
TUL,2026-05-08 00:53,-95.8881,36.1984,206.00,69.00,42.00,37.50,8.00,29.92
TUL,2026-05-08 01:53,-95.8881,36.1984,206.00,66.00,42.00,41.58,8.00,29.94
TUL,2026-05-08 02:53,-95.8881,36.1984,206.00,62.00,43.00,49.70,6.00,29.95
TUL,2026-05-08 03:53,-95.8881,36.1984,206.00,63.00,44.00,49.85,8.00,29.95
TUL,2026-05-08 04:53,-95.8881,36.1984,206.00,61.00,45.00,55.58,8.00,29.94
TUL,2026-05-08 05:53,-95.8881,36.1984,206.00,60.00,44.00,55.43,10.00,29.94
TUL,2026-05-08 06:53,-95.8881,36.1984,206.00,61.00,44.00,53.50,12.00,29.93
TUL,2026-05-08 07:53,-95.8881,36.1984,206.00,59.00,44.00,57.44,10.00,29.91
TUL,2026-05-08 08:53,-95.8881,36.1984,206.00,59.00,45.00,59.68,12.00,29.89
TUL,2026-05-08 09:53,-95.8881,36.1984,206.00,59.00,47.00,64.37,11.00,29.89
TUL,2026-05-08 10:53,-95.8881,36.1984,206.00,56.00,48.00,74.46,6.00,29.92
TUL,2026-05-08 11:53,-95.8881,36.1984,206.00,54.00,48.00,80.08,4.00,29.93
TUL,2026-05-08 12:53,-95.8881,36.1984,206.00,60.00,51.00,72.13,10.00,29.94
TUL,2026-05-08 13:53,-95.8881,36.1984,206.00,65.00,51.00,60.49,13.00,29.94
TUL,2026-05-08 14:53,-95.8881,36.1984,206.00,69.00,52.00,54.67,15.00,29.92
TUL,2026-05-08 15:53,-95.8881,36.1984,206.00,72.00,53.00,51.22,13.00,29.89
TUL,2026-05-08 16:53,-95.8881,36.1984,206.00,75.00,53.00,46.31,10.00,29.87
TUL,2026-05-08 17:53,-95.8881,36.1984,206.00,77.00,53.00,43.34,16.00,29.83
TUL,2026-05-08 18:53,-95.8881,36.1984,206.00,78.00,53.00,41.93,10.00,29.81
TUL,2026-05-08 19:53,-95.8881,36.1984,206.00,80.00,54.00,40.73,10.00,29.79
TUL,2026-05-08 20:53,-95.8881,36.1984,206.00,81.00,57.00,43.96,13.00,29.76
TUL,2026-05-08 21:53,-95.8881,36.1984,206.00,82.00,57.00,42.56,9.00,29.72
TUL,2026-05-08 22:53,-95.8881,36.1984,206.00,68.00,57.00,67.89,31.00,29.73
TUL,2026-05-08 23:53,-95.8881,36.1984,206.00,64.00,62.00,93.22,6.00,29.80
TUL,2026-05-09 00:53,-95.8881,36.1984,206.00,65.00,62.00,90.02,10.00,29.76
TUL,2026-05-09 01:53,-95.8881,36.1984,206.00,65.00,61.00,86.89,5.00,29.80
TUL,2026-05-09 02:53,-95.8881,36.1984,206.00,63.00,60.00,89.94,8.00,29.83
TUL,2026-05-09 03:53,-95.8881,36.1984,206.00,63.00,60.00,89.94,3.00,29.86
TUL,2026-05-09 04:53,-95.8881,36.1984,206.00,62.00,59.00,89.89,3.00,29.86
TUL,2026-05-09 05:53,-95.8881,36.1984,206.00,58.00,57.00,96.47,3.00,29.86
TUL,2026-05-09 06:53,-95.8881,36.1984,206.00,58.00,58.00,100.00,0.00,29.86
TUL,2026-05-09 07:53,-95.8881,36.1984,206.00,58.00,57.00,96.47,3.00,29.85
TUL,2026-05-09 08:53,-95.8881,36.1984,206.00,56.00,56.00,100.00,0.00,29.84
TUL,2026-05-09 09:53,-95.8881,36.1984,206.00,52.00,52.00,100.00,3.00,29.84
TUL,2026-05-09 10:53,-95.8881,36.1984,206.00,53.00,53.00,100.00,0.00,29.84
TUL,2026-05-09 11:53,-95.8881,36.1984,206.00,53.00,53.00,100.00,0.00,29.84
TUL,2026-05-09 12:53,-95.8881,36.1984,206.00,56.00,56.00,100.00,0.00,29.86
TUL,2026-05-09 13:53,-95.8881,36.1984,206.00,60.00,60.00,100.00,0.00,29.87
TUL,2026-05-09 14:53,-95.8881,36.1984,206.00,68.00,63.00,84.05,4.00,29.88
TUL,2026-05-09 15:53,-95.8881,36.1984,206.00,73.00,62.00,68.46,3.00,29.88
TUL,2026-05-09 16:53,-95.8881,36.1984,206.00,77.00,60.00,55.81,4.00,29.88
TUL,2026-05-09 17:53,-95.8881,36.1984,206.00,81.00,51.00,35.31,7.00,29.87
TUL,2026-05-09 18:53,-95.8881,36.1984,206.00,82.00,47.00,29.44,6.00,29.85
TUL,2026-05-09 19:53,-95.8881,36.1984,206.00,83.00,45.00,26.42,4.00,29.84
TUL,2026-05-09 20:53,-95.8881,36.1984,206.00,83.00,47.00,28.50,5.00,29.82
TUL,2026-05-09 21:53,-95.8881,36.1984,206.00,83.00,43.00,24.48,5.00,29.80
TUL,2026-05-09 22:53,-95.8881,36.1984,206.00,82.00,49.00,31.73,8.00,29.79
TUL,2026-05-09 23:53,-95.8881,36.1984,206.00,80.00,49.00,33.86,8.00,29.79
TUL,2026-05-10 00:53,-95.8881,36.1984,206.00,74.00,54.00,49.67,5.00,29.79
TUL,2026-05-10 01:53,-95.8881,36.1984,206.00,74.00,52.00,46.16,4.00,29.82
TUL,2026-05-10 02:53,-95.8881,36.1984,206.00,68.00,56.00,65.48,3.00,29.88
TUL,2026-05-10 03:53,-95.8881,36.1984,206.00,67.00,57.00,70.27,3.00,29.87
TUL,2026-05-10 04:53,-95.8881,36.1984,206.00,65.00,58.00,78.08,6.00,29.93
TUL,2026-05-10 05:53,-95.8881,36.1984,206.00,67.00,57.00,70.27,0.00,29.93
TUL,2026-05-10 06:53,-95.8881,36.1984,206.00,70.00,55.00,58.97,16.00,29.86
TUL,2026-05-10 07:53,-95.8881,36.1984,206.00,69.00,54.00,58.83,3.00,29.86
TUL,2026-05-10 08:53,-95.8881,36.1984,206.00,65.00,55.00,70.05,3.00,29.89
TUL,2026-05-10 09:53,-95.8881,36.1984,206.00,66.00,55.00,67.66,4.00,29.91
TUL,2026-05-10 10:53,-95.8881,36.1984,206.00,63.00,55.00,75.13,0.00,29.93
TUL,2026-05-10 11:53,-95.8881,36.1984,206.00,60.00,57.00,89.81,4.00,29.95
TUL,2026-05-10 12:53,-95.8881,36.1984,206.00,64.00,56.00,75.22,3.00,30.02
TUL,2026-05-10 13:53,-95.8881,36.1984,206.00,63.00,58.00,83.73,8.00,30.03
TUL,2026-05-10 14:53,-95.8881,36.1984,206.00,63.00,55.00,75.13,9.00,30.02
TUL,2026-05-10 15:53,-95.8881,36.1984,206.00,64.00,54.00,69.94,12.00,30.05
TUL,2026-05-10 16:53,-95.8881,36.1984,206.00,63.00,51.00,64.87,12.00,30.12
TUL,2026-05-10 17:53,-95.8881,36.1984,206.00,62.00,54.00,75.03,9.00,30.11
TUL,2026-05-10 18:53,-95.8881,36.1984,206.00,63.00,52.00,67.31,7.00,30.12
TUL,2026-05-10 19:53,-95.8881,36.1984,206.00,65.00,52.00,62.76,8.00,30.12
TUL,2026-05-10 20:53,-95.8881,36.1984,206.00,65.00,53.00,65.12,5.00,30.13
TUL,2026-05-10 21:53,-95.8881,36.1984,206.00,65.00,54.00,67.55,11.00,30.13
TUL,2026-05-10 22:53,-95.8881,36.1984,206.00,64.00,49.00,58.15,9.00,30.12
TUL,2026-05-10 23:53,-95.8881,36.1984,206.00,66.00,45.00,46.64,9.00,30.13
TUL,2026-05-11 00:53,-95.8881,36.1984,206.00,65.00,46.00,50.16,9.00,30.14
TUL,2026-05-11 01:53,-95.8881,36.1984,206.00,63.00,44.00,49.85,7.00,30.18
TUL,2026-05-11 02:53,-95.8881,36.1984,206.00,59.00,45.00,59.68,3.00,30.20
TUL,2026-05-11 03:53,-95.8881,36.1984,206.00,56.00,45.00,66.48,0.00,30.21
TUL,2026-05-11 04:53,-95.8881,36.1984,206.00,53.00,46.00,77.03,5.00,30.21
TUL,2026-05-11 05:53,-95.8881,36.1984,206.00,53.00,45.00,74.16,4.00,30.22
TUL,2026-05-11 06:53,-95.8881,36.1984,206.00,50.00,45.00,82.86,4.00,30.19
TUL,2026-05-11 07:53,-95.8881,36.1984,206.00,49.00,45.00,86.00,4.00,30.21
TUL,2026-05-11 08:53,-95.8881,36.1984,206.00,48.00,45.00,89.28,3.00,30.22
TUL,2026-05-11 09:53,-95.8881,36.1984,206.00,48.00,43.00,82.72,5.00,30.24
TUL,2026-05-11 10:53,-95.8881,36.1984,206.00,47.00,42.00,82.65,3.00,30.25
TUL,2026-05-11 11:53,-95.8881,36.1984,206.00,46.00,42.00,85.83,5.00,30.24
TUL,2026-05-11 12:53,-95.8881,36.1984,206.00,52.00,45.00,76.94,4.00,30.27
TUL,2026-05-11 13:53,-95.8881,36.1984,206.00,58.00,47.00,66.72,3.00,30.27
TUL,2026-05-11 14:53,-95.8881,36.1984,206.00,64.00,46.00,51.94,3.00,30.28
TUL,2026-05-11 15:53,-95.8881,36.1984,206.00,67.00,47.00,48.60,0.00,30.27
TUL,2026-05-11 16:53,-95.8881,36.1984,206.00,71.00,45.00,39.29,4.00,30.26
TUL,2026-05-11 17:53,-95.8881,36.1984,206.00,74.00,43.00,32.90,5.00,30.23
TUL,2026-05-11 18:53,-95.8881,36.1984,206.00,76.00,42.00,29.62,3.00,30.22
TUL,2026-05-11 19:53,-95.8881,36.1984,206.00,78.00,46.00,32.30,10.00,30.20
TUL,2026-05-11 20:53,-95.8881,36.1984,206.00,79.00,45.00,30.09,5.00,30.18
TUL,2026-05-11 21:53,-95.8881,36.1984,206.00,78.00,47.00,33.54,7.00,30.16
TUL,2026-05-11 22:53,-95.8881,36.1984,206.00,77.00,46.00,33.38,0.00,30.15
TUL,2026-05-11 23:53,-95.8881,36.1984,206.00,76.00,48.00,37.21,3.00,30.14
TUL,2026-05-12 00:53,-95.8881,36.1984,206.00,72.00,50.00,45.84,5.00,30.13
TUL,2026-05-12 01:53,-95.8881,36.1984,206.00,68.00,49.00,50.62,3.00,30.14
TUL,2026-05-12 02:53,-95.8881,36.1984,206.00,68.00,49.00,50.62,0.00,30.15
TUL,2026-05-12 03:53,-95.8881,36.1984,206.00,63.00,49.00,60.22,0.00,30.16
TUL,2026-05-12 04:53,-95.8881,36.1984,206.00,65.00,50.00,58.28,4.00,30.17
TUL,2026-05-12 05:53,-95.8881,36.1984,206.00,58.00,50.00,74.65,3.00,30.17
TUL,2026-05-12 06:53,-95.8881,36.1984,206.00,59.00,51.00,74.75,4.00,30.16
TUL,2026-05-12 07:53,-95.8881,36.1984,206.00,59.00,51.00,74.75,4.00,30.14
TUL,2026-05-12 08:53,-95.8881,36.1984,206.00,53.00,49.00,86.23,5.00,30.14
TUL,2026-05-12 09:53,-95.8881,36.1984,206.00,56.00,48.00,74.46,0.00,30.15
TUL,2026-05-12 10:53,-95.8881,36.1984,206.00,57.00,50.00,77.39,7.00,30.15
TUL,2026-05-12 11:53,-95.8881,36.1984,206.00,58.00,50.00,74.65,7.00,30.16
TUL,2026-05-12 12:53,-95.8881,36.1984,206.00,62.00,50.00,64.75,8.00,30.16
TUL,2026-05-12 13:53,-95.8881,36.1984,206.00,68.00,46.00,45.22,13.00,30.16
TUL,2026-05-12 14:53,-95.8881,36.1984,206.00,71.00,46.00,40.81,14.00,30.16
TUL,2026-05-12 15:53,-95.8881,36.1984,206.00,74.00,49.00,41.29,11.00,30.15
TUL,2026-05-12 16:53,-95.8881,36.1984,206.00,77.00,53.00,43.34,11.00,30.13
TUL,2026-05-12 17:53,-95.8881,36.1984,206.00,78.00,53.00,41.93,15.00,30.11
TUL,2026-05-12 18:53,-95.8881,36.1984,206.00,79.00,52.00,39.11,14.00,30.08
TUL,2026-05-12 19:53,-95.8881,36.1984,206.00,81.00,52.00,36.64,11.00,30.06
TUL,2026-05-12 20:53,-95.8881,36.1984,206.00,81.00,52.00,36.64,13.00,30.03
TUL,2026-05-12 21:53,-95.8881,36.1984,206.00,82.00,53.00,36.80,11.00,30.01
TUL,2026-05-12 22:53,-95.8881,36.1984,206.00,81.00,52.00,36.64,12.00,30.00
TUL,2026-05-12 23:53,-95.8881,36.1984,206.00,80.00,53.00,39.27,11.00,30.00
TUL,2026-05-13 00:53,-95.8881,36.1984,206.00,77.00,53.00,43.34,7.00,30.02
TUL,2026-05-13 01:53,-95.8881,36.1984,206.00,76.00,53.00,44.80,9.00,30.01
TUL,2026-05-13 02:53,-95.8881,36.1984,206.00,73.00,54.00,51.37,7.00,30.03
TUL,2026-05-13 03:53,-95.8881,36.1984,206.00,73.00,54.00,51.37,10.00,30.04
TUL,2026-05-13 04:53,-95.8881,36.1984,206.00,71.00,54.00,54.96,7.00,30.04
TUL,2026-05-13 05:53,-95.8881,36.1984,206.00,70.00,54.00,56.86,6.00,30.05
TUL,2026-05-13 06:53,-95.8881,36.1984,206.00,68.00,54.00,60.89,0.00,30.06
TUL,2026-05-13 07:53,-95.8881,36.1984,206.00,64.00,55.00,72.54,0.00,30.06
TUL,2026-05-13 08:53,-95.8881,36.1984,206.00,64.00,55.00,72.54,0.00,30.07
TUL,2026-05-13 09:53,-95.8881,36.1984,206.00,65.00,57.00,75.32,0.00,30.07
TUL,2026-05-13 10:53,-95.8881,36.1984,206.00,68.00,56.00,65.48,0.00,30.08
TUL,2026-05-13 11:53,-95.8881,36.1984,206.00,64.00,59.00,83.80,9.00,30.11
TUL,2026-05-13 12:53,-95.8881,36.1984,206.00,67.00,58.00,72.85,0.00,30.13
TUL,2026-05-13 13:53,-95.8881,36.1984,206.00,71.00,59.00,65.84,7.00,30.14
TUL,2026-05-13 14:53,-95.8881,36.1984,206.00,75.00,55.00,49.82,10.00,30.15
TUL,2026-05-13 15:53,-95.8881,36.1984,206.00,78.00,46.00,32.30,11.00,30.15
TUL,2026-05-13 16:53,-95.8881,36.1984,206.00,80.00,45.00,29.12,13.00,30.15
TUL,2026-05-13 17:53,-95.8881,36.1984,206.00,81.00,47.00,30.41,9.00,30.12
TUL,2026-05-13 18:53,-95.8881,36.1984,206.00,82.00,45.00,27.29,7.00,30.11
TUL,2026-05-13 19:53,-95.8881,36.1984,206.00,83.00,46.00,27.44,7.00,30.10
TUL,2026-05-13 20:53,-95.8881,36.1984,206.00,83.00,45.00,26.42,6.00,30.07
TUL,2026-05-13 21:53,-95.8881,36.1984,206.00,83.00,47.00,28.50,7.00,30.05
TUL,2026-05-13 22:53,-95.8881,36.1984,206.00,82.00,46.00,28.34,7.00,30.03
TUL,2026-05-13 23:53,-95.8881,36.1984,206.00,80.00,45.00,29.12,7.00,30.02
TUL,2026-05-14 00:53,-95.8881,36.1984,206.00,77.00,46.00,33.38,6.00,30.02
TUL,2026-05-14 01:53,-95.8881,36.1984,206.00,72.00,46.00,39.45,4.00,30.04
TUL,2026-05-14 02:53,-95.8881,36.1984,206.00,71.00,46.00,40.81,4.00,30.05
TUL,2026-05-14 03:53,-95.8881,36.1984,206.00,68.00,46.00,45.22,5.00,30.05
TUL,2026-05-14 04:53,-95.8881,36.1984,206.00,65.00,46.00,50.16,4.00,30.05
TUL,2026-05-14 05:53,-95.8881,36.1984,206.00,65.00,46.00,50.16,7.00,30.04
TUL,2026-05-14 06:53,-95.8881,36.1984,206.00,63.00,45.00,51.79,6.00,30.03
TUL,2026-05-14 07:53,-95.8881,36.1984,206.00,63.00,45.00,51.79,5.00,30.01
TUL,2026-05-14 08:53,-95.8881,36.1984,206.00,64.00,44.00,48.14,6.00,30.01
TUL,2026-05-14 09:53,-95.8881,36.1984,206.00,63.00,45.00,51.79,5.00,30.01
TUL,2026-05-14 10:53,-95.8881,36.1984,206.00,61.00,44.00,53.50,6.00,30.00
TUL,2026-05-14 11:53,-95.8881,36.1984,206.00,61.00,45.00,55.58,7.00,30.01
TUL,2026-05-14 12:53,-95.8881,36.1984,206.00,63.00,47.00,55.87,8.00,30.01
TUL,2026-05-14 13:53,-95.8881,36.1984,206.00,69.00,45.00,42.06,13.00,30.01
TUL,2026-05-14 14:53,-95.8881,36.1984,206.00,73.00,44.00,35.35,17.00,30.02
TUL,2026-05-14 15:53,-95.8881,36.1984,206.00,75.00,45.00,34.35,16.00,30.00
TUL,2026-05-14 16:53,-95.8881,36.1984,206.00,78.00,50.00,37.53,17.00,29.97
TUL,2026-05-14 17:53,-95.8881,36.1984,206.00,81.00,54.00,39.43,17.00,29.94
TUL,2026-05-14 18:53,-95.8881,36.1984,206.00,83.00,56.00,39.74,16.00,29.90
TUL,2026-05-14 19:53,-95.8881,36.1984,206.00,83.00,57.00,41.21,17.00,29.87
TUL,2026-05-14 20:53,-95.8881,36.1984,206.00,84.00,58.00,41.36,21.00,29.84
TUL,2026-05-14 21:53,-95.8881,36.1984,206.00,84.00,59.00,42.87,18.00,29.82
TUL,2026-05-14 22:53,-95.8881,36.1984,206.00,82.00,58.00,44.12,19.00,29.80
TUL,2026-05-14 23:53,-95.8881,36.1984,206.00,81.00,59.00,47.24,14.00,29.79
TUL,2026-05-15 00:53,-95.8881,36.1984,206.00,80.00,59.00,48.80,16.00,29.80
TUL,2026-05-15 01:53,-95.8881,36.1984,206.00,78.00,58.00,50.27,12.00,29.81
TUL,2026-05-15 02:53,-95.8881,36.1984,206.00,77.00,58.00,51.96,14.00,29.82
TUL,2026-05-15 03:53,-95.8881,36.1984,206.00,74.00,59.00,59.51,5.00,29.85
TUL,2026-05-15 04:53,-95.8881,36.1984,206.00,73.00,58.00,59.38,10.00,29.83
TUL,2026-05-15 05:53,-95.8881,36.1984,206.00,73.00,58.00,59.38,10.00,29.82
TUL,2026-05-15 06:53,-95.8881,36.1984,206.00,72.00,59.00,63.65,10.00,29.80
TUL,2026-05-15 07:53,-95.8881,36.1984,206.00,72.00,59.00,63.65,11.00,29.78
TUL,2026-05-15 08:53,-95.8881,36.1984,206.00,72.00,60.00,65.96,11.00,29.76
TUL,2026-05-15 09:53,-95.8881,36.1984,206.00,71.00,61.00,70.70,8.00,29.75
TUL,2026-05-15 10:53,-95.8881,36.1984,206.00,71.00,61.00,70.70,12.00,29.75
TUL,2026-05-15 11:53,-95.8881,36.1984,206.00,72.00,62.00,70.81,7.00,29.78
TUL,2026-05-15 12:53,-95.8881,36.1984,206.00,73.00,62.00,68.46,15.00,29.77
TUL,2026-05-15 13:53,-95.8881,36.1984,206.00,72.00,63.00,73.34,3.00,29.83
TUL,2026-05-15 14:53,-95.8881,36.1984,206.00,73.00,63.00,70.91,12.00,29.80
TUL,2026-05-15 15:53,-95.8881,36.1984,206.00,76.00,63.00,64.15,11.00,29.81
TUL,2026-05-15 16:53,-95.8881,36.1984,206.00,78.00,62.00,57.97,13.00,29.80
TUL,2026-05-15 17:53,-95.8881,36.1984,206.00,79.00,62.00,56.09,15.00,29.79
TUL,2026-05-15 18:53,-95.8881,36.1984,206.00,81.00,63.00,54.43,20.00,29.78
TUL,2026-05-15 19:53,-95.8881,36.1984,206.00,77.00,64.00,64.27,21.00,29.74
TUL,2026-05-15 20:53,-95.8881,36.1984,206.00,78.00,65.00,64.39,18.00,29.73
TUL,2026-05-15 21:53,-95.8881,36.1984,206.00,78.00,66.00,66.67,17.00,29.74
TUL,2026-05-15 22:53,-95.8881,36.1984,206.00,80.00,67.00,64.63,18.00,29.73
TUL,2026-05-15 23:53,-95.8881,36.1984,206.00,79.00,65.00,62.31,14.00,29.74
TUL,2026-05-16 00:53,-95.8881,36.1984,206.00,77.00,65.00,66.55,12.00,29.74
TUL,2026-05-16 01:53,-95.8881,36.1984,206.00,75.00,65.00,71.12,11.00,29.74
TUL,2026-05-16 02:53,-95.8881,36.1984,206.00,76.00,64.00,66.43,11.00,29.74
TUL,2026-05-16 03:53,-95.8881,36.1984,206.00,76.00,64.00,66.43,7.00,29.80
TUL,2026-05-16 04:53,-95.8881,36.1984,206.00,77.00,65.00,66.55,20.00,29.74
TUL,2026-05-16 05:53,-95.8881,36.1984,206.00,78.00,63.00,60.04,27.00,29.70
TUL,2026-05-16 06:53,-95.8881,36.1984,206.00,79.00,62.00,56.09,24.00,29.69
TUL,2026-05-16 07:53,-95.8881,36.1984,206.00,77.00,65.00,66.55,20.00,29.72
TUL,2026-05-16 08:53,-95.8881,36.1984,206.00,76.00,66.00,71.23,25.00,29.67
TUL,2026-05-16 09:53,-95.8881,36.1984,206.00,76.00,66.00,71.23,8.00,29.76
TUL,2026-05-16 10:53,-95.8881,36.1984,206.00,77.00,66.00,68.90,18.00,29.74
TUL,2026-05-16 11:53,-95.8881,36.1984,206.00,77.00,66.20,69.38,26.00,29.76
TUL,2026-05-16 12:53,-95.8881,36.1984,206.00,76.00,67.00,73.73,17.00,29.79
TUL,2026-05-16 13:53,-95.8881,36.1984,206.00,78.00,67.00,69.01,19.00,29.81
TUL,2026-05-16 14:53,-95.8881,36.1984,206.00,80.00,65.00,60.30,18.00,29.83
TUL,2026-05-16 15:53,-95.8881,36.1984,206.00,82.00,65.00,56.51,19.00,29.83
TUL,2026-05-16 16:53,-95.8881,36.1984,206.00,84.00,65.00,52.98,18.00,29.84
TUL,2026-05-16 17:53,-95.8881,36.1984,206.00,84.00,64.00,51.16,17.00,29.83
TUL,2026-05-16 18:53,-95.8881,36.1984,206.00,86.00,64.00,47.99,18.00,29.80
TUL,2026-05-16 19:53,-95.8881,36.1984,206.00,86.00,63.00,46.34,18.00,29.78
TUL,2026-05-16 20:53,-95.8881,36.1984,206.00,85.00,65.00,51.31,18.00,29.76
TUL,2026-05-16 21:53,-95.8881,36.1984,206.00,86.00,66.00,51.46,20.00,29.74
TUL,2026-05-16 22:53,-95.8881,36.1984,206.00,86.00,65.00,49.70,18.00,29.73
TUL,2026-05-16 23:53,-95.8881,36.1984,206.00,85.00,64.00,49.55,18.00,29.72
TUL,2026-05-17 00:53,-95.8881,36.1984,206.00,83.00,64.00,52.84,18.00,29.72
TUL,2026-05-17 01:53,-95.8881,36.1984,206.00,81.00,64.00,56.37,18.00,29.72
TUL,2026-05-17 02:53,-95.8881,36.1984,206.00,80.00,64.00,58.24,16.00,29.71
TUL,2026-05-17 03:53,-95.8881,36.1984,206.00,78.00,64.00,62.18,16.00,29.72
TUL,2026-05-17 04:53,-95.8881,36.1984,206.00,77.00,64.00,64.27,15.00,29.71
TUL,2026-05-17 05:53,-95.8881,36.1984,206.00,76.00,64.00,66.43,11.00,29.72
TUL,2026-05-17 06:53,-95.8881,36.1984,206.00,76.00,64.00,66.43,9.00,29.73
TUL,2026-05-17 07:53,-95.8881,36.1984,206.00,74.00,64.00,71.02,9.00,29.74
TUL,2026-05-17 08:53,-95.8881,36.1984,206.00,73.00,64.00,73.44,9.00,29.75
TUL,2026-05-17 09:53,-95.8881,36.1984,206.00,73.00,65.00,76.05,13.00,29.74
TUL,2026-05-17 10:53,-95.8881,36.1984,206.00,74.00,66.00,76.14,18.00,29.74
TUL,2026-05-17 11:53,-95.8881,36.1984,206.00,74.00,66.00,76.14,19.00,29.74
TUL,2026-05-17 12:53,-95.8881,36.1984,206.00,75.00,67.00,76.23,16.00,29.75
TUL,2026-05-17 13:53,-95.8881,36.1984,206.00,77.00,67.00,71.33,18.00,29.75
TUL,2026-05-17 14:53,-95.8881,36.1984,206.00,78.00,67.00,69.01,19.00,29.77
TUL,2026-05-17 15:53,-95.8881,36.1984,206.00,79.00,68.00,69.12,23.00,29.76
TUL,2026-05-17 16:53,-95.8881,36.1984,206.00,80.00,68.00,66.90,19.00,29.77
TUL,2026-05-17 17:53,-95.8881,36.1984,206.00,81.00,69.00,67.01,19.00,29.75
TUL,2026-05-17 18:53,-95.8881,36.1984,206.00,84.00,70.00,62.94,18.00,29.72
TUL,2026-05-17 19:53,-95.8881,36.1984,206.00,84.00,70.00,62.94,19.00,29.72
TUL,2026-05-17 20:53,-95.8881,36.1984,206.00,88.00,70.00,55.41,24.00,29.69
TUL,2026-05-17 21:53,-95.8881,36.1984,206.00,88.00,70.00,55.41,23.00,29.68
TUL,2026-05-17 22:53,-95.8881,36.1984,206.00,87.00,70.00,57.19,19.00,29.68
TUL,2026-05-17 23:53,-95.8881,36.1984,206.00,86.00,70.00,59.04,17.00,29.67
TUL,2026-05-18 00:53,-95.8881,36.1984,206.00,85.00,70.00,60.95,23.00,29.66
TUL,2026-05-18 01:53,-95.8881,36.1984,206.00,83.00,70.00,65.00,22.00,29.68
TUL,2026-05-18 02:53,-95.8881,36.1984,206.00,83.00,69.00,62.81,25.00,29.71
TUL,2026-05-18 03:53,-95.8881,36.1984,206.00,82.00,68.00,62.69,18.00,29.71
TUL,2026-05-18 06:53,-95.8881,36.1984,206.00,79.00,67.00,66.78,22.00,29.71
TUL,2026-05-18 07:53,-95.8881,36.1984,206.00,79.00,69.00,71.54,20.00,29.73
TUL,2026-05-18 08:53,-95.8881,36.1984,206.00,79.00,69.00,71.54,16.00,29.74
TUL,2026-05-18 09:53,-95.8881,36.1984,206.00,79.00,70.00,74.02,14.00,29.75
TUL,2026-05-18 10:53,-95.8881,36.1984,206.00,78.00,70.00,76.49,14.00,29.76
TUL,2026-05-18 11:53,-95.8881,36.1984,206.00,79.00,71.00,76.58,14.00,29.78
TUL,2026-05-18 12:53,-95.8881,36.1984,206.00,79.00,71.00,76.58,14.00,29.80
TUL,2026-05-18 13:53,-95.8881,36.1984,206.00,80.00,71.00,74.12,19.00,29.80
TUL,2026-05-18 14:53,-95.8881,36.1984,206.00,82.00,71.00,69.45,19.00,29.80
TUL,2026-05-18 15:53,-95.8881,36.1984,206.00,81.00,71.00,71.74,15.00,29.81
TUL,2026-05-18 16:53,-95.8881,36.1984,206.00,82.00,72.00,71.84,14.00,29.81
TUL,2026-05-18 17:53,-95.8881,36.1984,206.00,86.00,72.00,63.19,18.00,29.79
TUL,2026-05-18 18:53,-95.8881,36.1984,206.00,87.00,71.00,59.17,22.00,29.78
TUL,2026-05-18 19:53,-95.8881,36.1984,206.00,88.00,70.00,55.41,23.00,29.76
TUL,2026-05-18 20:53,-95.8881,36.1984,206.00,88.00,68.00,51.75,21.00,29.75
TUL,2026-05-18 21:53,-95.8881,36.1984,206.00,87.00,68.00,53.41,23.00,29.74
TUL,2026-05-18 22:53,-95.8881,36.1984,206.00,88.00,68.00,51.75,24.00,29.73
TUL,2026-05-18 23:53,-95.8881,36.1984,206.00,86.00,68.00,55.13,25.00,29.72
TUL,2026-05-19 00:53,-95.8881,36.1984,206.00,84.00,68.00,58.77,17.00,29.73
TUL,2026-05-19 01:53,-95.8881,36.1984,206.00,83.00,67.00,58.64,17.00,29.74
TUL,2026-05-19 02:53,-95.8881,36.1984,206.00,82.00,67.00,60.57,14.00,29.77
TUL,2026-05-19 03:53,-95.8881,36.1984,206.00,81.00,68.00,64.76,16.00,29.80
TUL,2026-05-19 04:53,-95.8881,36.1984,206.00,80.00,68.00,66.90,14.00,29.82
TUL,2026-05-19 05:53,-95.8881,36.1984,206.00,79.00,69.00,71.54,14.00,29.80
TUL,2026-05-19 06:53,-95.8881,36.1984,206.00,79.00,69.00,71.54,15.00,29.81
TUL,2026-05-19 07:53,-95.8881,36.1984,206.00,78.00,70.00,76.49,15.00,29.81
TUL,2026-05-19 08:53,-95.8881,36.1984,206.00,79.00,70.00,74.02,13.00,29.87
TUL,2026-05-19 09:53,-95.8881,36.1984,206.00,79.00,71.00,76.58,9.00,29.88
TUL,2026-05-19 10:53,-95.8881,36.1984,206.00,75.00,73.00,93.52,8.00,29.88
TUL,2026-05-19 11:53,-95.8881,36.1984,206.00,75.00,69.00,81.65,17.00,29.95
TUL,2026-05-19 12:53,-95.8881,36.1984,206.00,60.00,59.00,96.50,9.00,30.02
TUL,2026-05-19 13:53,-95.8881,36.1984,206.00,59.00,57.00,93.07,14.00,30.01
TUL,2026-05-19 14:53,-95.8881,36.1984,206.00,59.00,56.00,89.77,8.00,30.10
TUL,2026-05-19 15:53,-95.8881,36.1984,206.00,57.00,56.00,96.45,10.00,30.09
TUL,2026-05-19 16:53,-95.8881,36.1984,206.00,57.00,56.00,96.45,13.00,30.08
TUL,2026-05-19 17:53,-95.8881,36.1984,206.00,58.00,55.00,89.73,10.00,30.06
TUL,2026-05-19 18:53,-95.8881,36.1984,206.00,58.00,54.00,86.51,7.00,30.15
TUL,2026-05-19 19:53,-95.8881,36.1984,206.00,57.00,56.00,96.45,9.00,30.12
TUL,2026-05-19 20:53,-95.8881,36.1984,206.00,58.00,56.00,93.04,12.00,30.10
TUL,2026-05-19 21:53,-95.8881,36.1984,206.00,58.00,56.00,93.04,11.00,30.11
TUL,2026-05-19 22:53,-95.8881,36.1984,206.00,58.00,55.00,89.73,11.00,30.10
TUL,2026-05-19 23:53,-95.8881,36.1984,206.00,58.00,55.00,89.73,9.00,30.11
TUL,2026-05-20 00:53,-95.8881,36.1984,206.00,57.00,55.00,93.01,8.00,30.12
TUL,2026-05-20 01:53,-95.8881,36.1984,206.00,57.00,54.00,89.68,9.00,30.12
TUL,2026-05-20 02:53,-95.8881,36.1984,206.00,57.00,54.00,89.68,7.00,30.15
TUL,2026-05-20 03:53,-95.8881,36.1984,206.00,57.00,55.00,93.01,8.00,30.16
TUL,2026-05-20 04:53,-95.8881,36.1984,206.00,57.00,55.00,93.01,9.00,30.17
TUL,2026-05-20 05:53,-95.8881,36.1984,206.00,57.00,55.00,93.01,6.00,30.17
TUL,2026-05-20 06:53,-95.8881,36.1984,206.00,57.00,55.00,93.01,7.00,30.17
TUL,2026-05-20 07:53,-95.8881,36.1984,206.00,57.00,55.00,93.01,8.00,30.16
TUL,2026-05-20 08:53,-95.8881,36.1984,206.00,57.00,55.00,93.01,9.00,30.16
TUL,2026-05-20 09:53,-95.8881,36.1984,206.00,56.00,55.00,96.44,8.00,30.17
TUL,2026-05-20 10:53,-95.8881,36.1984,206.00,56.00,54.00,92.98,8.00,30.17
TUL,2026-05-20 11:53,-95.8881,36.1984,206.00,57.00,54.00,89.68,9.00,30.17
TUL,2026-05-20 12:53,-95.8881,36.1984,206.00,57.00,54.00,89.68,5.00,30.18
TUL,2026-05-20 13:53,-95.8881,36.1984,206.00,58.00,54.00,86.51,8.00,30.18
TUL,2026-05-20 14:53,-95.8881,36.1984,206.00,59.00,54.00,83.47,11.00,30.18
TUL,2026-05-20 15:53,-95.8881,36.1984,206.00,60.00,55.00,83.54,8.00,30.18
TUL,2026-05-20 16:53,-95.8881,36.1984,206.00,60.00,55.00,83.54,9.00,30.18
TUL,2026-05-20 17:53,-95.8881,36.1984,206.00,60.00,55.00,83.54,9.00,30.18
TUL,2026-05-20 18:53,-95.8881,36.1984,206.00,61.00,56.00,83.60,7.00,30.15
TUL,2026-05-20 19:53,-95.8881,36.1984,206.00,62.00,56.00,80.70,9.00,30.13
TUL,2026-05-20 20:53,-95.8881,36.1984,206.00,63.00,56.00,77.91,6.00,30.10
TUL,2026-05-20 21:53,-95.8881,36.1984,206.00,63.00,57.00,80.77,7.00,30.08
TUL,2026-05-20 22:53,-95.8881,36.1984,206.00,62.00,57.00,83.67,8.00,30.10
TUL,2026-05-20 23:53,-95.8881,36.1984,206.00,62.00,56.00,80.70,7.00,30.10
TUL,2026-05-21 00:53,-95.8881,36.1984,206.00,62.00,57.00,83.67,5.00,30.10
TUL,2026-05-21 01:53,-95.8881,36.1984,206.00,62.00,57.00,83.67,6.00,30.12
TUL,2026-05-21 02:53,-95.8881,36.1984,206.00,61.00,57.00,86.68,7.00,30.14
TUL,2026-05-21 03:53,-95.8881,36.1984,206.00,60.00,57.00,89.81,6.00,30.14
TUL,2026-05-21 04:53,-95.8881,36.1984,206.00,60.00,56.00,86.62,6.00,30.11
TUL,2026-05-21 05:53,-95.8881,36.1984,206.00,60.00,56.00,86.62,5.00,30.10
TUL,2026-05-21 06:53,-95.8881,36.1984,206.00,60.00,56.00,86.62,4.00,30.09
TUL,2026-05-21 07:53,-95.8881,36.1984,206.00,58.00,56.00,93.04,5.00,30.08
TUL,2026-05-21 08:53,-95.8881,36.1984,206.00,57.00,56.00,96.45,6.00,30.09
TUL,2026-05-21 09:53,-95.8881,36.1984,206.00,57.00,56.00,96.45,5.00,30.09
TUL,2026-05-21 10:53,-95.8881,36.1984,206.00,58.00,56.00,93.04,6.00,30.08
TUL,2026-05-21 11:53,-95.8881,36.1984,206.00,59.00,57.00,93.07,5.00,30.08
TUL,2026-05-21 12:53,-95.8881,36.1984,206.00,60.00,58.00,93.10,0.00,30.09
TUL,2026-05-21 13:53,-95.8881,36.1984,206.00,60.00,59.00,96.50,3.00,30.08
TUL,2026-05-21 14:53,-95.8881,36.1984,206.00,63.00,61.00,93.19,4.00,30.09
TUL,2026-05-21 15:53,-95.8881,36.1984,206.00,64.00,62.00,93.22,4.00,30.08
TUL,2026-05-21 16:53,-95.8881,36.1984,206.00,64.00,63.00,96.56,5.00,30.06
TUL,2026-05-21 17:53,-95.8881,36.1984,206.00,66.00,64.00,93.27,4.00,30.06
TUL,2026-05-21 18:53,-95.8881,36.1984,206.00,65.00,63.00,93.24,6.00,30.04
TUL,2026-05-21 19:53,-95.8881,36.1984,206.00,65.00,63.00,93.24,6.00,30.03
TUL,2026-05-21 20:53,-95.8881,36.1984,206.00,63.00,63.00,100.00,8.00,30.02
TUL,2026-05-21 21:53,-95.8881,36.1984,206.00,64.00,63.00,96.56,6.00,30.00
TUL,2026-05-21 22:53,-95.8881,36.1984,206.00,64.00,63.00,96.56,4.00,29.99
TUL,2026-05-21 23:53,-95.8881,36.1984,206.00,64.00,63.00,96.56,6.00,29.98
TUL,2026-05-22 00:53,-95.8881,36.1984,206.00,64.00,63.00,96.56,7.00,29.96
TUL,2026-05-22 01:53,-95.8881,36.1984,206.00,63.00,62.00,96.54,6.00,29.95
TUL,2026-05-22 02:53,-95.8881,36.1984,206.00,64.00,61.00,89.98,6.00,29.94
TUL,2026-05-22 03:53,-95.8881,36.1984,206.00,64.00,61.00,89.98,4.00,29.94
TUL,2026-05-22 04:53,-95.8881,36.1984,206.00,64.00,61.00,89.98,0.00,29.93
TUL,2026-05-22 05:53,-95.8881,36.1984,206.00,64.00,62.00,93.22,0.00,29.92
TUL,2026-05-22 06:53,-95.8881,36.1984,206.00,63.00,62.00,96.54,9.00,29.91
TUL,2026-05-22 07:53,-95.8881,36.1984,206.00,63.00,63.00,100.00,6.00,29.88
TUL,2026-05-22 08:53,-95.8881,36.1984,206.00,64.00,64.00,100.00,7.00,29.86
TUL,2026-05-22 09:53,-95.8881,36.1984,206.00,64.00,64.00,100.00,7.00,29.87
TUL,2026-05-22 10:53,-95.8881,36.1984,206.00,64.00,64.00,100.00,4.00,29.88
TUL,2026-05-22 11:53,-95.8881,36.1984,206.00,64.00,64.00,100.00,5.00,29.89
TUL,2026-05-22 12:53,-95.8881,36.1984,206.00,65.00,65.00,100.00,4.00,29.89
TUL,2026-05-22 13:53,-95.8881,36.1984,206.00,66.00,65.00,96.59,3.00,29.89
TUL,2026-05-22 14:53,-95.8881,36.1984,206.00,68.00,65.00,90.14,0.00,29.90
TUL,2026-05-22 15:53,-95.8881,36.1984,206.00,69.00,65.00,87.10,0.00,29.91
TUL,2026-05-22 16:53,-95.8881,36.1984,206.00,69.00,65.00,87.10,0.00,29.90
TUL,2026-05-22 17:53,-95.8881,36.1984,206.00,72.00,65.00,78.66,3.00,29.90
TUL,2026-05-22 18:53,-95.8881,36.1984,206.00,73.00,65.00,76.05,3.00,29.87
TUL,2026-05-22 19:53,-95.8881,36.1984,206.00,78.00,66.00,66.67,3.00,29.86
TUL,2026-05-22 20:53,-95.8881,36.1984,206.00,78.00,64.00,62.18,0.00,29.85
TUL,2026-05-22 21:53,-95.8881,36.1984,206.00,79.00,65.00,62.31,4.00,29.85
TUL,2026-05-22 22:53,-95.8881,36.1984,206.00,79.00,66.00,64.51,6.00,29.84
TUL,2026-05-22 23:53,-95.8881,36.1984,206.00,78.00,66.00,66.67,6.00,29.85
TUL,2026-05-23 00:53,-95.8881,36.1984,206.00,75.00,66.00,73.64,5.00,29.85
TUL,2026-05-23 01:53,-95.8881,36.1984,206.00,73.00,65.00,76.05,3.00,29.87
TUL,2026-05-23 02:53,-95.8881,36.1984,206.00,69.00,65.00,87.10,0.00,29.88
TUL,2026-05-23 03:53,-95.8881,36.1984,206.00,70.00,65.00,84.18,3.00,29.91
TUL,2026-05-23 04:53,-95.8881,36.1984,206.00,67.00,64.00,90.10,5.00,29.92
TUL,2026-05-23 05:53,-95.8881,36.1984,206.00,68.00,65.00,90.14,0.00,29.92
TUL,2026-05-23 06:53,-95.8881,36.1984,206.00,65.00,63.00,93.24,3.00,29.92
TUL,2026-05-23 07:53,-95.8881,36.1984,206.00,65.00,63.00,93.24,0.00,29.93
TUL,2026-05-23 08:53,-95.8881,36.1984,206.00,64.00,63.00,96.56,5.00,29.91
TUL,2026-05-23 09:53,-95.8881,36.1984,206.00,64.00,63.00,96.56,4.00,29.91
TUL,2026-05-23 10:53,-95.8881,36.1984,206.00,66.00,65.00,96.59,4.00,29.94
TUL,2026-05-23 11:53,-95.8881,36.1984,206.00,67.00,65.00,93.30,3.00,29.97
TUL,2026-05-23 12:53,-95.8881,36.1984,206.00,67.00,65.00,93.30,3.00,29.98
TUL,2026-05-23 13:53,-95.8881,36.1984,206.00,67.00,65.00,93.30,20.00,30.00
TUL,2026-05-23 14:53,-95.8881,36.1984,206.00,65.00,63.00,93.24,11.00,30.01
TUL,2026-05-23 15:53,-95.8881,36.1984,206.00,65.00,63.00,93.24,8.00,30.02
TUL,2026-05-23 16:53,-95.8881,36.1984,206.00,67.00,65.00,93.30,5.00,30.02
TUL,2026-05-23 17:53,-95.8881,36.1984,206.00,69.00,63.00,81.22,6.00,29.99
TUL,2026-05-23 18:53,-95.8881,36.1984,206.00,73.00,64.00,73.44,5.00,29.99
TUL,2026-05-23 19:53,-95.8881,36.1984,206.00,75.00,63.00,66.32,4.00,29.98
TUL,2026-05-23 20:53,-95.8881,36.1984,206.00,73.00,66.00,78.74,11.00,29.98
TUL,2026-05-23 21:53,-95.8881,36.1984,206.00,74.00,62.00,66.20,7.00,29.98
TUL,2026-05-23 22:53,-95.8881,36.1984,206.00,76.00,63.00,64.15,8.00,29.97
TUL,2026-05-23 23:53,-95.8881,36.1984,206.00,74.00,63.00,68.57,5.00,29.97
TUL,2026-05-24 00:53,-95.8881,36.1984,206.00,71.00,62.00,73.24,6.00,29.98
TUL,2026-05-24 01:53,-95.8881,36.1984,206.00,68.00,64.00,87.05,4.00,30.00
TUL,2026-05-24 02:53,-95.8881,36.1984,206.00,67.00,62.00,83.99,3.00,30.01
TUL,2026-05-24 03:53,-95.8881,36.1984,206.00,64.00,62.00,93.22,5.00,30.03
TUL,2026-05-24 04:53,-95.8881,36.1984,206.00,63.00,61.00,93.19,0.00,30.03
TUL,2026-05-24 05:53,-95.8881,36.1984,206.00,61.00,59.00,93.13,3.00,30.04
TUL,2026-05-24 06:53,-95.8881,36.1984,206.00,63.00,60.00,89.94,3.00,30.03
TUL,2026-05-24 07:53,-95.8881,36.1984,206.00,60.00,59.00,96.50,3.00,30.03
TUL,2026-05-24 08:53,-95.8881,36.1984,206.00,60.00,59.00,96.50,0.00,30.03
TUL,2026-05-24 09:53,-95.8881,36.1984,206.00,57.00,57.00,100.00,3.00,30.04
TUL,2026-05-24 10:53,-95.8881,36.1984,206.00,57.00,56.00,96.45,4.00,30.04
TUL,2026-05-24 11:53,-95.8881,36.1984,206.00,58.00,58.00,100.00,0.00,30.06
TUL,2026-05-24 12:53,-95.8881,36.1984,206.00,60.00,59.00,96.50,3.00,30.07
TUL,2026-05-24 13:53,-95.8881,36.1984,206.00,64.00,61.00,89.98,0.00,30.09
TUL,2026-05-24 14:53,-95.8881,36.1984,206.00,70.00,63.00,78.49,6.00,30.09
TUL,2026-05-24 15:53,-95.8881,36.1984,206.00,73.00,64.00,73.44,0.00,30.09
TUL,2026-05-24 16:53,-95.8881,36.1984,206.00,77.00,64.00,64.27,5.00,30.08
TUL,2026-05-24 17:53,-95.8881,36.1984,206.00,79.00,63.00,58.10,6.00,30.07
TUL,2026-05-24 18:53,-95.8881,36.1984,206.00,81.00,60.00,48.95,7.00,30.06
TUL,2026-05-24 19:53,-95.8881,36.1984,206.00,82.00,61.00,49.10,3.00,30.05
TUL,2026-05-24 20:53,-95.8881,36.1984,206.00,83.00,64.00,52.84,6.00,30.04
TUL,2026-05-24 21:53,-95.8881,36.1984,206.00,81.00,62.00,52.55,6.00,30.03
TUL,2026-05-24 22:53,-95.8881,36.1984,206.00,81.00,61.00,50.72,7.00,30.02
TUL,2026-05-24 23:53,-95.8881,36.1984,206.00,79.00,61.00,54.14,5.00,30.02
TUL,2026-05-25 00:53,-95.8881,36.1984,206.00,77.00,62.00,59.91,5.00,30.02
TUL,2026-05-25 01:53,-95.8881,36.1984,206.00,74.00,61.00,63.90,3.00,30.04
TUL,2026-05-25 02:53,-95.8881,36.1984,206.00,68.00,62.00,81.15,4.00,30.04
TUL,2026-05-25 03:53,-95.8881,36.1984,206.00,69.00,61.00,75.69,0.00,30.06
TUL,2026-05-25 04:53,-95.8881,36.1984,206.00,67.00,61.00,81.07,0.00,30.06
TUL,2026-05-25 05:53,-95.8881,36.1984,206.00,65.00,62.00,90.02,0.00,30.05
TUL,2026-05-25 06:53,-95.8881,36.1984,206.00,62.00,61.00,96.53,3.00,30.04
TUL,2026-05-25 07:53,-95.8881,36.1984,206.00,61.00,60.00,96.51,3.00,30.03
TUL,2026-05-25 08:53,-95.8881,36.1984,206.00,61.00,60.00,96.51,4.00,30.02
TUL,2026-05-25 09:53,-95.8881,36.1984,206.00,60.00,59.00,96.50,3.00,30.04
TUL,2026-05-25 10:53,-95.8881,36.1984,206.00,60.00,59.00,96.50,0.00,30.04
TUL,2026-05-25 11:53,-95.8881,36.1984,206.00,61.00,60.00,96.51,3.00,30.06
TUL,2026-05-25 12:53,-95.8881,36.1984,206.00,65.00,62.00,90.02,3.00,30.07
TUL,2026-05-25 13:53,-95.8881,36.1984,206.00,71.00,64.00,78.57,0.00,30.08
TUL,2026-05-25 14:53,-95.8881,36.1984,206.00,76.00,65.00,68.79,4.00,30.07
TUL,2026-05-25 15:53,-95.8881,36.1984,206.00,79.00,65.00,62.31,4.00,30.06
TUL,2026-05-25 16:53,-95.8881,36.1984,206.00,83.00,66.00,56.65,M,30.05
TUL,2026-05-25 17:53,-95.8881,36.1984,206.00,82.00,62.00,50.87,3.00,30.03
TUL,2026-05-25 18:53,-95.8881,36.1984,206.00,85.00,63.00,47.84,8.00,30.01
TUL,2026-05-25 19:53,-95.8881,36.1984,206.00,86.00,61.00,43.19,5.00,30.00
TUL,2026-05-25 20:53,-95.8881,36.1984,206.00,86.00,59.00,40.22,0.00,29.98
TUL,2026-05-25 21:53,-95.8881,36.1984,206.00,85.00,61.00,44.58,7.00,29.96
TUL,2026-05-25 22:53,-95.8881,36.1984,206.00,87.00,62.00,43.34,7.00,29.94
TUL,2026-05-25 23:53,-95.8881,36.1984,206.00,85.00,61.00,44.58,7.00,29.93
TUL,2026-05-26 00:53,-95.8881,36.1984,206.00,80.00,64.00,58.24,5.00,29.94
TUL,2026-05-26 01:53,-95.8881,36.1984,206.00,76.00,63.00,64.15,5.00,29.93
TUL,2026-05-26 02:53,-95.8881,36.1984,206.00,73.00,64.00,73.44,4.00,29.94
TUL,2026-05-26 03:53,-95.8881,36.1984,206.00,73.00,64.00,73.44,4.00,29.96
TUL,2026-05-26 04:53,-95.8881,36.1984,206.00,72.00,64.00,75.96,3.00,29.97
TUL,2026-05-26 05:53,-95.8881,36.1984,206.00,70.00,64.00,81.29,3.00,29.96
TUL,2026-05-26 06:53,-95.8881,36.1984,206.00,69.00,64.00,84.12,4.00,29.95
TUL,2026-05-26 07:53,-95.8881,36.1984,206.00,68.00,64.00,87.05,3.00,29.94
TUL,2026-05-26 08:53,-95.8881,36.1984,206.00,68.00,63.00,84.05,3.00,29.95
TUL,2026-05-26 09:53,-95.8881,36.1984,206.00,64.00,62.00,93.22,4.00,29.95
TUL,2026-05-26 10:53,-95.8881,36.1984,206.00,65.00,62.00,90.02,0.00,29.96
TUL,2026-05-26 11:53,-95.8881,36.1984,206.00,67.00,63.00,87.00,3.00,29.97
TUL,2026-05-26 12:53,-95.8881,36.1984,206.00,68.00,63.00,84.05,3.00,29.97
TUL,2026-05-26 13:53,-95.8881,36.1984,206.00,73.00,65.00,76.05,7.00,29.98
TUL,2026-05-26 14:53,-95.8881,36.1984,206.00,76.00,66.00,71.23,5.00,29.97
TUL,2026-05-26 15:53,-95.8881,36.1984,206.00,79.00,64.00,60.17,5.00,29.97
TUL,2026-05-26 16:53,-95.8881,36.1984,206.00,80.00,64.00,58.24,6.00,29.97
TUL,2026-05-26 17:53,-95.8881,36.1984,206.00,80.00,67.00,64.63,6.00,29.95
TUL,2026-05-26 18:53,-95.8881,36.1984,206.00,82.00,64.00,54.57,7.00,29.93
TUL,2026-05-26 19:53,-95.8881,36.1984,206.00,81.00,63.00,54.43,5.00,29.90
TUL,2026-05-26 20:53,-95.8881,36.1984,206.00,83.00,65.00,54.71,10.00,29.88
TUL,2026-05-26 21:53,-95.8881,36.1984,206.00,83.00,63.00,51.02,9.00,29.87
TUL,2026-05-26 22:53,-95.8881,36.1984,206.00,82.00,63.00,52.69,11.00,29.86
TUL,2026-05-26 23:53,-95.8881,36.1984,206.00,81.00,63.00,54.43,7.00,29.86
TUL,2026-05-27 00:53,-95.8881,36.1984,206.00,78.00,64.00,62.18,5.00,29.87
TUL,2026-05-27 01:53,-95.8881,36.1984,206.00,74.00,64.00,71.02,5.00,29.87
TUL,2026-05-27 02:53,-95.8881,36.1984,206.00,74.00,65.00,73.54,6.00,29.89
TUL,2026-05-27 03:53,-95.8881,36.1984,206.00,72.00,65.00,78.66,7.00,29.89
TUL,2026-05-27 04:53,-95.8881,36.1984,206.00,69.00,64.00,84.12,6.00,29.89
TUL,2026-05-27 05:53,-95.8881,36.1984,206.00,69.00,64.00,84.12,3.00,29.88
TUL,2026-05-27 06:53,-95.8881,36.1984,206.00,67.00,63.00,87.00,3.00,29.88
TUL,2026-05-27 07:53,-95.8881,36.1984,206.00,68.00,64.00,87.05,5.00,29.88
TUL,2026-05-27 08:53,-95.8881,36.1984,206.00,67.00,64.00,90.10,3.00,29.89
TUL,2026-05-27 09:53,-95.8881,36.1984,206.00,65.00,64.00,96.57,0.00,29.89
TUL,2026-05-27 10:53,-95.8881,36.1984,206.00,66.00,64.00,93.27,3.00,29.88
TUL,2026-05-27 11:53,-95.8881,36.1984,206.00,67.00,65.00,93.30,3.00,29.92
TUL,2026-05-27 12:53,-95.8881,36.1984,206.00,70.00,66.00,87.16,6.00,29.93
TUL,2026-05-27 13:53,-95.8881,36.1984,206.00,73.00,68.00,84.37,3.00,29.93
TUL,2026-05-27 14:53,-95.8881,36.1984,206.00,77.00,68.00,73.83,4.00,29.94
TUL,2026-05-27 15:53,-95.8881,36.1984,206.00,79.00,68.00,69.12,7.00,29.95
TUL,2026-05-27 16:53,-95.8881,36.1984,206.00,80.00,68.00,66.90,5.00,29.95
TUL,2026-05-27 17:53,-95.8881,36.1984,206.00,83.00,68.00,60.70,10.00,29.93
TUL,2026-05-27 18:53,-95.8881,36.1984,206.00,84.00,67.00,56.78,7.00,29.91
TUL,2026-05-27 19:53,-95.8881,36.1984,206.00,84.00,68.00,58.77,9.00,29.89
TUL,2026-05-27 20:53,-95.8881,36.1984,206.00,82.00,67.00,60.57,5.00,29.87
TUL,2026-05-27 21:53,-95.8881,36.1984,206.00,82.00,68.00,62.69,11.00,29.87
TUL,2026-05-27 22:53,-95.8881,36.1984,206.00,79.00,67.00,66.78,4.00,29.88
TUL,2026-05-27 23:53,-95.8881,36.1984,206.00,72.00,70.00,93.44,6.00,29.89
TUL,2026-05-28 00:53,-95.8881,36.1984,206.00,72.00,63.00,73.34,5.00,29.88
TUL,2026-05-28 01:53,-95.8881,36.1984,206.00,71.00,68.00,90.26,4.00,29.90
TUL,2026-05-28 02:53,-95.8881,36.1984,206.00,71.00,69.00,93.41,5.00,29.91
TUL,2026-05-28 03:53,-95.8881,36.1984,206.00,70.00,68.00,93.38,4.00,29.92
TUL,2026-05-28 04:53,-95.8881,36.1984,206.00,71.00,68.00,90.26,4.00,29.92
TUL,2026-05-28 05:53,-95.8881,36.1984,206.00,71.00,68.00,90.26,5.00,29.90
TUL,2026-05-28 06:53,-95.8881,36.1984,206.00,71.00,68.00,90.26,4.00,29.89
TUL,2026-05-28 07:53,-95.8881,36.1984,206.00,71.00,69.00,93.41,4.00,29.89
TUL,2026-05-28 08:53,-95.8881,36.1984,206.00,70.00,68.00,93.38,4.00,29.88
TUL,2026-05-28 09:53,-95.8881,36.1984,206.00,71.00,68.00,90.26,4.00,29.88
TUL,2026-05-28 10:53,-95.8881,36.1984,206.00,70.00,68.00,93.38,3.00,29.89
TUL,2026-05-28 11:53,-95.8881,36.1984,206.00,70.00,69.00,96.64,4.00,29.91
TUL,2026-05-28 12:53,-95.8881,36.1984,206.00,71.00,69.00,93.41,6.00,29.92
TUL,2026-05-28 13:53,-95.8881,36.1984,206.00,72.00,69.00,90.30,6.00,29.93
TUL,2026-05-28 14:53,-95.8881,36.1984,206.00,72.00,70.00,93.44,7.00,29.92
TUL,2026-05-28 15:53,-95.8881,36.1984,206.00,71.00,69.00,93.41,13.00,29.91
TUL,2026-05-28 16:53,-95.8881,36.1984,206.00,74.00,71.00,90.38,11.00,29.92
TUL,2026-05-28 17:53,-95.8881,36.1984,206.00,73.00,71.00,93.47,8.00,29.93
TUL,2026-05-28 18:53,-95.8881,36.1984,206.00,79.00,70.00,74.02,10.00,29.92
TUL,2026-05-28 19:53,-95.8881,36.1984,206.00,81.00,69.00,67.01,6.00,29.90
TUL,2026-05-28 20:53,-95.8881,36.1984,206.00,82.00,69.00,64.88,10.00,29.89
TUL,2026-05-28 21:53,-95.8881,36.1984,206.00,80.00,70.00,71.64,11.00,29.88
TUL,2026-05-28 22:53,-95.8881,36.1984,206.00,79.00,70.00,74.02,11.00,29.87
TUL,2026-05-28 23:53,-95.8881,36.1984,206.00,77.00,70.00,79.06,11.00,29.87
TUL,2026-05-29 00:53,-95.8881,36.1984,206.00,70.00,68.00,93.38,9.00,29.90
TUL,2026-05-29 01:53,-95.8881,36.1984,206.00,70.00,69.00,96.64,3.00,29.92
TUL,2026-05-29 02:53,-95.8881,36.1984,206.00,70.00,69.00,96.64,6.00,29.91
TUL,2026-05-29 03:53,-95.8881,36.1984,206.00,71.00,70.00,96.66,6.00,29.93
TUL,2026-05-29 04:53,-95.8881,36.1984,206.00,71.00,70.00,96.66,5.00,29.93
TUL,2026-05-29 05:53,-95.8881,36.1984,206.00,70.00,68.00,93.38,6.00,29.93
TUL,2026-05-29 06:53,-95.8881,36.1984,206.00,70.00,68.00,93.38,4.00,29.92
TUL,2026-05-29 07:53,-95.8881,36.1984,206.00,70.00,68.00,93.38,3.00,29.92
TUL,2026-05-29 08:53,-95.8881,36.1984,206.00,68.00,67.00,96.61,0.00,29.92
TUL,2026-05-29 09:53,-95.8881,36.1984,206.00,68.00,67.00,96.61,0.00,29.92
TUL,2026-05-29 10:53,-95.8881,36.1984,206.00,67.00,66.00,96.60,3.00,29.92
TUL,2026-05-29 11:53,-95.8881,36.1984,206.00,68.00,67.00,96.61,0.00,29.93
TUL,2026-05-29 12:53,-95.8881,36.1984,206.00,70.00,68.00,93.38,4.00,29.94
TUL,2026-05-29 13:53,-95.8881,36.1984,206.00,72.00,69.00,90.30,5.00,29.94
TUL,2026-05-29 14:53,-95.8881,36.1984,206.00,73.00,69.00,87.31,8.00,29.94
TUL,2026-05-29 15:53,-95.8881,36.1984,206.00,76.00,70.00,81.72,6.00,29.93
TUL,2026-05-29 16:53,-95.8881,36.1984,206.00,79.00,71.00,76.58,3.00,29.93
TUL,2026-05-29 17:53,-95.8881,36.1984,206.00,83.00,72.00,69.56,6.00,29.90
TUL,2026-05-29 18:53,-95.8881,36.1984,206.00,83.00,71.00,67.24,7.00,29.88
TUL,2026-05-29 19:53,-95.8881,36.1984,206.00,85.00,71.00,63.06,8.00,29.87
TUL,2026-05-29 20:53,-95.8881,36.1984,206.00,85.00,71.00,63.06,8.00,29.85
TUL,2026-05-29 21:53,-95.8881,36.1984,206.00,87.00,71.00,59.17,9.00,29.82
TUL,2026-05-29 22:53,-95.8881,36.1984,206.00,87.00,72.00,61.21,9.00,29.80
TUL,2026-05-29 23:53,-95.8881,36.1984,206.00,85.00,70.00,60.95,7.00,29.80
TUL,2026-05-30 00:53,-95.8881,36.1984,206.00,83.00,71.00,67.24,8.00,29.80
TUL,2026-05-30 01:53,-95.8881,36.1984,206.00,80.00,72.00,76.67,4.00,29.81
TUL,2026-05-30 02:53,-95.8881,36.1984,206.00,77.00,72.00,84.61,5.00,29.83
TUL,2026-05-30 03:53,-95.8881,36.1984,206.00,80.00,72.00,76.67,6.00,29.84
TUL,2026-05-30 04:53,-95.8881,36.1984,206.00,76.00,72.00,87.46,7.00,29.84
TUL,2026-05-30 05:53,-95.8881,36.1984,206.00,76.00,71.00,84.55,6.00,29.84
TUL,2026-05-30 06:53,-95.8881,36.1984,206.00,76.00,71.00,84.55,8.00,29.84
TUL,2026-05-30 07:53,-95.8881,36.1984,206.00,75.00,65.00,71.12,9.00,29.84
TUL,2026-05-30 08:53,-95.8881,36.1984,206.00,74.00,66.00,76.14,7.00,29.84
TUL,2026-05-30 09:53,-95.8881,36.1984,206.00,74.00,67.00,78.82,9.00,29.81
TUL,2026-05-30 10:53,-95.8881,36.1984,206.00,74.00,69.00,84.43,4.00,29.82
TUL,2026-05-30 11:53,-95.8881,36.1984,206.00,76.00,71.00,84.55,9.00,29.84
TUL,2026-05-30 12:53,-95.8881,36.1984,206.00,77.00,72.00,84.61,8.00,29.84
TUL,2026-05-30 13:53,-95.8881,36.1984,206.00,79.00,72.00,79.22,10.00,29.86
TUL,2026-05-30 14:53,-95.8881,36.1984,206.00,82.00,72.00,71.84,12.00,29.86
TUL,2026-05-30 15:53,-95.8881,36.1984,206.00,85.00,73.00,67.47,9.00,29.85
TUL,2026-05-30 16:53,-95.8881,36.1984,206.00,88.00,71.00,57.33,12.00,29.85
TUL,2026-05-30 17:53,-95.8881,36.1984,206.00,90.00,70.00,52.04,15.00,29.83
TUL,2026-05-30 18:53,-95.8881,36.1984,206.00,91.00,69.00,48.74,12.00,29.82
TUL,2026-05-30 19:53,-95.8881,36.1984,206.00,89.00,70.00,53.70,10.00,29.82
TUL,2026-05-30 20:53,-95.8881,36.1984,206.00,89.00,69.00,51.89,13.00,29.82
TUL,2026-05-30 21:53,-95.8881,36.1984,206.00,90.00,69.00,50.29,18.00,29.79
TUL,2026-05-30 22:53,-95.8881,36.1984,206.00,90.00,71.00,53.84,17.00,29.77
TUL,2026-05-30 23:53,-95.8881,36.1984,206.00,88.00,70.00,55.41,11.00,29.79
TUL,2026-05-31 00:53,-95.8881,36.1984,206.00,85.00,71.00,63.06,9.00,29.81
TUL,2026-05-31 01:53,-95.8881,36.1984,206.00,83.00,71.00,67.24,8.00,29.82
TUL,2026-05-31 02:53,-95.8881,36.1984,206.00,83.00,71.00,67.24,8.00,29.85
TUL,2026-05-31 03:53,-95.8881,36.1984,206.00,83.00,71.00,67.24,11.00,29.86
TUL,2026-05-31 04:53,-95.8881,36.1984,206.00,82.00,71.00,69.45,10.00,29.86
TUL,2026-05-31 05:53,-95.8881,36.1984,206.00,81.00,71.00,71.74,11.00,29.85
TUL,2026-05-31 06:53,-95.8881,36.1984,206.00,80.00,71.00,74.12,11.00,29.85
TUL,2026-05-31 07:53,-95.8881,36.1984,206.00,79.00,71.00,76.58,11.00,29.84
TUL,2026-05-31 08:53,-95.8881,36.1984,206.00,79.00,71.00,76.58,8.00,29.83
TUL,2026-05-31 09:53,-95.8881,36.1984,206.00,79.00,69.00,71.54,9.00,29.84
TUL,2026-05-31 10:53,-95.8881,36.1984,206.00,79.00,70.00,74.02,13.00,29.85
TUL,2026-05-31 11:53,-95.8881,36.1984,206.00,78.00,71.00,79.14,12.00,29.86
TUL,2026-05-31 12:53,-95.8881,36.1984,206.00,79.00,70.00,74.02,15.00,29.85
TUL,2026-05-31 13:53,-95.8881,36.1984,206.00,82.00,70.00,67.13,18.00,29.86
TUL,2026-05-31 14:53,-95.8881,36.1984,206.00,84.00,72.00,67.36,15.00,29.87
TUL,2026-05-31 15:53,-95.8881,36.1984,206.00,86.00,72.00,63.19,13.00,29.87
TUL,2026-05-31 16:53,-95.8881,36.1984,206.00,88.00,73.00,61.34,14.00,29.88
TUL,2026-05-31 17:53,-95.8881,36.1984,206.00,89.00,73.00,59.44,11.00,29.86
TUL,2026-05-31 18:53,-95.8881,36.1984,206.00,91.00,73.00,55.83,12.00,29.85
TUL,2026-05-31 19:53,-95.8881,36.1984,206.00,92.00,73.00,54.12,12.00,29.84
TUL,2026-05-31 20:53,-95.8881,36.1984,206.00,93.00,72.00,50.73,17.00,29.83
TUL,2026-05-31 21:53,-95.8881,36.1984,206.00,93.00,72.00,50.73,14.00,29.82
TUL,2026-05-31 22:53,-95.8881,36.1984,206.00,92.00,72.00,52.32,15.00,29.82
TUL,2026-05-31 23:53,-95.8881,36.1984,206.00,91.00,71.00,52.18,12.00,29.82
TUL,2026-06-01 00:53,-95.8881,36.1984,206.00,89.00,70.00,53.70,16.00,29.83
TUL,2026-06-01 01:53,-95.8881,36.1984,206.00,87.00,69.00,55.27,8.00,29.84
TUL,2026-06-01 02:53,-95.8881,36.1984,206.00,85.00,70.00,60.95,7.00,29.85
TUL,2026-06-01 03:53,-95.8881,36.1984,206.00,83.00,70.00,65.00,8.00,29.88
TUL,2026-06-01 04:53,-95.8881,36.1984,206.00,82.00,70.00,67.13,10.00,29.90
TUL,2026-06-01 05:53,-95.8881,36.1984,206.00,81.00,70.00,69.34,10.00,29.91
TUL,2026-06-01 06:53,-95.8881,36.1984,206.00,80.00,69.00,69.23,9.00,29.89
TUL,2026-06-01 07:53,-95.8881,36.1984,206.00,79.00,69.00,71.54,9.00,29.91
TUL,2026-06-01 08:53,-95.8881,36.1984,206.00,79.00,69.00,71.54,4.00,29.93
TUL,2026-06-01 09:53,-95.8881,36.1984,206.00,77.00,69.00,76.41,6.00,29.94
TUL,2026-06-01 10:53,-95.8881,36.1984,206.00,76.00,70.00,81.72,5.00,29.98
TUL,2026-06-01 11:53,-95.8881,36.1984,206.00,76.00,71.00,84.55,0.00,29.97
TUL,2026-06-01 12:53,-95.8881,36.1984,206.00,77.00,71.00,81.79,5.00,29.97
TUL,2026-06-01 13:53,-95.8881,36.1984,206.00,82.00,71.00,69.45,10.00,29.96
TUL,2026-06-01 14:53,-95.8881,36.1984,206.00,85.00,72.00,65.23,7.00,29.97
TUL,2026-06-01 15:53,-95.8881,36.1984,206.00,87.00,73.00,63.31,5.00,29.97
TUL,2026-06-01 16:53,-95.8881,36.1984,206.00,90.00,73.00,57.60,5.00,29.97
TUL,2026-06-01 17:53,-95.8881,36.1984,206.00,91.00,73.00,55.83,5.00,29.96
TUL,2026-06-01 18:53,-95.8881,36.1984,206.00,92.00,73.00,54.12,4.00,29.96
TUL,2026-06-01 19:53,-95.8881,36.1984,206.00,92.00,72.00,52.32,3.00,29.96
TUL,2026-06-01 20:53,-95.8881,36.1984,206.00,94.00,73.00,50.87,5.00,29.94
TUL,2026-06-01 21:53,-95.8881,36.1984,206.00,95.00,72.00,47.70,4.00,29.94
TUL,2026-06-01 22:53,-95.8881,36.1984,206.00,94.00,73.00,50.87,8.00,29.93
TUL,2026-06-01 23:53,-95.8881,36.1984,206.00,83.00,61.00,47.54,5.00,29.93
TUL,2026-06-02 00:53,-95.8881,36.1984,206.00,86.00,63.00,46.34,0.00,29.94
TUL,2026-06-02 01:53,-95.8881,36.1984,206.00,86.00,71.00,61.08,5.00,29.94
TUL,2026-06-02 02:53,-95.8881,36.1984,206.00,84.00,69.00,60.82,7.00,29.96
TUL,2026-06-02 03:53,-95.8881,36.1984,206.00,83.00,70.00,65.00,6.00,29.99
TUL,2026-06-02 04:53,-95.8881,36.1984,206.00,82.00,70.00,67.13,5.00,30.00
TUL,2026-06-02 05:53,-95.8881,36.1984,206.00,82.00,71.00,69.45,5.00,30.01
TUL,2026-06-02 06:53,-95.8881,36.1984,206.00,81.00,71.00,71.74,6.00,30.01
TUL,2026-06-02 07:53,-95.8881,36.1984,206.00,80.00,69.00,69.23,5.00,30.01
TUL,2026-06-02 08:53,-95.8881,36.1984,206.00,77.00,70.00,79.06,0.00,30.02
TUL,2026-06-02 09:53,-95.8881,36.1984,206.00,76.00,68.00,76.32,14.00,30.06
TUL,2026-06-02 10:53,-95.8881,36.1984,206.00,68.00,65.00,90.14,15.00,30.10
TUL,2026-06-02 11:53,-95.8881,36.1984,206.00,69.00,66.00,90.18,18.00,30.07
TUL,2026-06-02 12:53,-95.8881,36.1984,206.00,70.00,66.00,87.16,16.00,30.09
TUL,2026-06-02 13:53,-95.8881,36.1984,206.00,72.00,64.00,75.96,7.00,30.12
TUL,2026-06-02 14:53,-95.8881,36.1984,206.00,72.00,64.00,75.96,8.00,30.11
TUL,2026-06-02 15:53,-95.8881,36.1984,206.00,75.00,66.00,73.64,6.00,30.11
TUL,2026-06-02 16:53,-95.8881,36.1984,206.00,77.00,67.00,71.33,5.00,30.12
TUL,2026-06-02 17:53,-95.8881,36.1984,206.00,77.00,67.00,71.33,3.00,30.14
TUL,2026-06-02 18:53,-95.8881,36.1984,206.00,78.00,69.00,73.93,0.00,30.14
TUL,2026-06-02 19:53,-95.8881,36.1984,206.00,84.00,72.00,67.36,4.00,30.11
TUL,2026-06-02 20:53,-95.8881,36.1984,206.00,84.00,72.00,67.36,6.00,30.07
TUL,2026-06-02 21:53,-95.8881,36.1984,206.00,85.00,72.00,65.23,4.00,30.06
TUL,2026-06-02 22:53,-95.8881,36.1984,206.00,85.00,72.00,65.23,7.00,30.06
TUL,2026-06-02 23:53,-95.8881,36.1984,206.00,84.00,72.00,67.36,3.00,30.06
TUL,2026-06-03 00:53,-95.8881,36.1984,206.00,83.00,72.00,69.56,0.00,30.08
TUL,2026-06-03 01:53,-95.8881,36.1984,206.00,76.00,69.00,78.98,7.00,30.11
TUL,2026-06-03 02:53,-95.8881,36.1984,206.00,74.00,69.00,84.43,6.00,30.12
TUL,2026-06-03 03:53,-95.8881,36.1984,206.00,72.00,68.00,87.26,7.00,30.14
TUL,2026-06-03 04:53,-95.8881,36.1984,206.00,72.00,67.00,84.30,7.00,30.14
TUL,2026-06-03 05:53,-95.8881,36.1984,206.00,71.00,68.00,90.26,3.00,30.14
TUL,2026-06-03 06:53,-95.8881,36.1984,206.00,72.00,68.00,87.26,6.00,30.14
TUL,2026-06-03 07:53,-95.8881,36.1984,206.00,71.00,68.00,90.26,6.00,30.15
TUL,2026-06-03 08:53,-95.8881,36.1984,206.00,72.00,68.00,87.26,0.00,30.15
TUL,2026-06-03 09:53,-95.8881,36.1984,206.00,71.00,69.00,93.41,4.00,30.15
TUL,2026-06-03 10:53,-95.8881,36.1984,206.00,71.00,69.00,93.41,4.00,30.15
TUL,2026-06-03 11:53,-95.8881,36.1984,206.00,72.00,68.00,87.26,3.00,30.16
TUL,2026-06-03 12:53,-95.8881,36.1984,206.00,72.00,69.00,90.30,4.00,30.17
TUL,2026-06-03 13:53,-95.8881,36.1984,206.00,71.00,65.00,81.37,10.00,30.20
TUL,2026-06-03 14:53,-95.8881,36.1984,206.00,70.00,64.00,81.29,8.00,30.20
TUL,2026-06-03 15:53,-95.8881,36.1984,206.00,74.00,65.00,73.54,11.00,30.18
TUL,2026-06-03 16:53,-95.8881,36.1984,206.00,76.00,65.00,68.79,6.00,30.19
TUL,2026-06-03 17:53,-95.8881,36.1984,206.00,80.00,68.00,66.90,8.00,30.18
TUL,2026-06-03 18:53,-95.8881,36.1984,206.00,83.00,68.00,60.70,8.00,30.16
TUL,2026-06-03 19:53,-95.8881,36.1984,206.00,84.00,68.00,58.77,5.00,30.13
TUL,2026-06-03 20:53,-95.8881,36.1984,206.00,83.00,68.00,60.70,6.00,30.11
TUL,2026-06-03 21:53,-95.8881,36.1984,206.00,84.00,67.00,56.78,10.00,30.08
TUL,2026-06-03 22:53,-95.8881,36.1984,206.00,82.00,66.00,58.51,11.00,30.05
TUL,2026-06-03 23:53,-95.8881,36.1984,206.00,82.00,67.00,60.57,13.00,30.04
TUL,2026-06-04 00:53,-95.8881,36.1984,206.00,80.00,65.00,60.30,9.00,30.05
TUL,2026-06-04 01:53,-95.8881,36.1984,206.00,77.00,65.00,66.55,4.00,30.08
TUL,2026-06-04 02:53,-95.8881,36.1984,206.00,74.00,65.00,73.54,5.00,30.09
TUL,2026-06-04 03:53,-95.8881,36.1984,206.00,73.00,65.00,76.05,6.00,30.10
TUL,2026-06-04 04:53,-95.8881,36.1984,206.00,74.00,65.00,73.54,8.00,30.09
TUL,2026-06-04 05:53,-95.8881,36.1984,206.00,74.00,65.00,73.54,6.00,30.07
TUL,2026-06-04 06:53,-95.8881,36.1984,206.00,74.00,65.00,73.54,8.00,30.07
TUL,2026-06-04 07:53,-95.8881,36.1984,206.00,72.00,65.00,78.66,5.00,30.06
TUL,2026-06-04 08:53,-95.8881,36.1984,206.00,73.00,65.00,76.05,7.00,30.05
TUL,2026-06-04 09:53,-95.8881,36.1984,206.00,72.00,65.00,78.66,9.00,30.06
TUL,2026-06-04 10:53,-95.8881,36.1984,206.00,72.00,65.00,78.66,8.00,30.06
TUL,2026-06-04 11:53,-95.8881,36.1984,206.00,72.00,65.00,78.66,10.00,30.06
TUL,2026-06-04 12:53,-95.8881,36.1984,206.00,73.00,65.00,76.05,7.00,30.06
TUL,2026-06-04 13:53,-95.8881,36.1984,206.00,76.00,66.00,71.23,12.00,30.07
TUL,2026-06-04 14:53,-95.8881,36.1984,206.00,79.00,68.00,69.12,13.00,30.06
TUL,2026-06-04 15:53,-95.8881,36.1984,206.00,82.00,69.00,64.88,13.00,30.05
TUL,2026-06-04 16:53,-95.8881,36.1984,206.00,83.00,69.00,62.81,12.00,30.04
TUL,2026-06-04 17:53,-95.8881,36.1984,206.00,84.00,69.00,60.82,16.00,30.02
TUL,2026-06-04 18:53,-95.8881,36.1984,206.00,84.00,67.00,56.78,11.00,30.01
TUL,2026-06-04 19:53,-95.8881,36.1984,206.00,86.00,68.00,55.13,13.00,29.98
TUL,2026-06-04 20:53,-95.8881,36.1984,206.00,86.00,69.00,57.06,14.00,29.95
TUL,2026-06-04 21:53,-95.8881,36.1984,206.00,86.00,69.00,57.06,14.00,29.94
TUL,2026-06-04 22:53,-95.8881,36.1984,206.00,86.00,68.00,55.13,16.00,29.93
TUL,2026-06-04 23:53,-95.8881,36.1984,206.00,85.00,67.00,54.99,14.00,29.91
TUL,2026-06-05 00:53,-95.8881,36.1984,206.00,82.00,69.00,64.88,14.00,29.91
TUL,2026-06-05 01:53,-95.8881,36.1984,206.00,80.00,69.00,69.23,10.00,29.93
TUL,2026-06-05 02:53,-95.8881,36.1984,206.00,79.00,68.00,69.12,14.00,29.96
TUL,2026-06-05 03:53,-95.8881,36.1984,206.00,77.00,68.00,73.83,14.00,29.97
TUL,2026-06-05 04:53,-95.8881,36.1984,206.00,76.00,68.00,76.32,14.00,29.96
TUL,2026-06-05 05:53,-95.8881,36.1984,206.00,75.00,68.00,78.90,16.00,29.95
TUL,2026-06-05 06:53,-95.8881,36.1984,206.00,74.00,68.00,81.58,11.00,29.94
TUL,2026-06-05 07:53,-95.8881,36.1984,206.00,73.00,68.00,84.37,11.00,29.94
TUL,2026-06-05 08:53,-95.8881,36.1984,206.00,74.00,68.00,81.58,14.00,29.94
TUL,2026-06-05 09:53,-95.8881,36.1984,206.00,74.00,68.00,81.58,11.00,29.94
TUL,2026-06-05 10:53,-95.8881,36.1984,206.00,74.00,68.00,81.58,8.00,29.94
TUL,2026-06-05 11:53,-95.8881,36.1984,206.00,74.00,69.00,84.43,10.00,29.95
TUL,2026-06-05 12:53,-95.8881,36.1984,206.00,75.00,69.00,81.65,12.00,29.96
TUL,2026-06-05 13:53,-95.8881,36.1984,206.00,77.00,70.00,79.06,11.00,29.97
TUL,2026-06-05 14:53,-95.8881,36.1984,206.00,79.00,70.00,74.02,13.00,29.97
TUL,2026-06-05 15:53,-95.8881,36.1984,206.00,80.00,71.00,74.12,9.00,29.97
TUL,2026-06-05 16:53,-95.8881,36.1984,206.00,84.00,71.00,65.11,8.00,29.96
TUL,2026-06-05 17:53,-95.8881,36.1984,206.00,84.00,71.00,65.11,7.00,29.95
TUL,2026-06-05 18:53,-95.8881,36.1984,206.00,86.00,72.00,63.19,11.00,29.93
TUL,2026-06-05 19:53,-95.8881,36.1984,206.00,86.00,71.00,61.08,13.00,29.90
TUL,2026-06-05 20:53,-95.8881,36.1984,206.00,84.00,71.00,65.11,14.00,29.88
TUL,2026-06-05 21:53,-95.8881,36.1984,206.00,83.00,72.00,69.56,12.00,29.88
TUL,2026-06-05 22:53,-95.8881,36.1984,206.00,82.00,71.00,69.45,13.00,29.89
TUL,2026-06-05 23:53,-95.8881,36.1984,206.00,81.00,71.00,71.74,13.00,29.89
TUL,2026-06-06 00:53,-95.8881,36.1984,206.00,80.00,71.00,74.12,11.00,29.89
TUL,2026-06-06 01:53,-95.8881,36.1984,206.00,79.00,71.00,76.58,10.00,29.89
TUL,2026-06-06 02:53,-95.8881,36.1984,206.00,79.00,71.00,76.58,10.00,29.90
TUL,2026-06-06 03:53,-95.8881,36.1984,206.00,78.00,70.00,76.49,13.00,29.91
TUL,2026-06-06 04:53,-95.8881,36.1984,206.00,77.00,70.00,79.06,10.00,29.91
TUL,2026-06-06 05:53,-95.8881,36.1984,206.00,76.00,70.00,81.72,7.00,29.90
TUL,2026-06-06 06:53,-95.8881,36.1984,206.00,74.00,70.00,87.36,6.00,29.91
TUL,2026-06-06 07:53,-95.8881,36.1984,206.00,73.00,70.00,90.34,4.00,29.91
TUL,2026-06-06 08:53,-95.8881,36.1984,206.00,73.00,70.00,90.34,5.00,29.91
TUL,2026-06-06 09:53,-95.8881,36.1984,206.00,73.00,70.00,90.34,6.00,29.92
TUL,2026-06-06 10:53,-95.8881,36.1984,206.00,73.00,69.00,87.31,8.00,29.92
TUL,2026-06-06 11:53,-95.8881,36.1984,206.00,73.00,69.00,87.31,8.00,29.91
TUL,2026-06-06 12:53,-95.8881,36.1984,206.00,72.00,71.00,96.67,3.00,29.92
TUL,2026-06-06 13:53,-95.8881,36.1984,206.00,71.00,71.00,100.00,6.00,29.95
TUL,2026-06-06 14:53,-95.8881,36.1984,206.00,72.00,70.00,93.44,5.00,29.93
TUL,2026-06-06 15:53,-95.8881,36.1984,206.00,71.00,70.00,96.66,9.00,29.93
TUL,2026-06-06 16:53,-95.8881,36.1984,206.00,71.00,71.00,100.00,6.00,29.93
TUL,2026-06-06 17:53,-95.8881,36.1984,206.00,72.00,71.00,96.67,8.00,29.92
TUL,2026-06-06 18:53,-95.8881,36.1984,206.00,73.00,71.00,93.47,7.00,29.91
TUL,2026-06-06 19:53,-95.8881,36.1984,206.00,73.00,72.00,96.69,7.00,29.90
TUL,2026-06-06 20:53,-95.8881,36.1984,206.00,75.00,73.00,93.52,12.00,29.87
TUL,2026-06-06 21:53,-95.8881,36.1984,206.00,75.00,72.00,90.42,12.00,29.85
TUL,2026-06-06 22:53,-95.8881,36.1984,206.00,75.00,72.00,90.42,12.00,29.83
TUL,2026-06-06 23:53,-95.8881,36.1984,206.00,75.00,70.00,84.49,12.00,29.81
TUL,2026-06-07 00:53,-95.8881,36.1984,206.00,73.00,70.00,90.34,9.00,29.81
TUL,2026-06-07 01:53,-95.8881,36.1984,206.00,72.00,70.00,93.44,4.00,29.84
TUL,2026-06-07 02:53,-95.8881,36.1984,206.00,73.00,70.00,90.34,5.00,29.84
TUL,2026-06-07 03:53,-95.8881,36.1984,206.00,73.00,70.00,90.34,8.00,29.83
TUL,2026-06-07 04:53,-95.8881,36.1984,206.00,72.00,70.00,93.44,6.00,29.80
TUL,2026-06-07 05:53,-95.8881,36.1984,206.00,72.00,70.00,93.44,7.00,29.80
TUL,2026-06-07 06:53,-95.8881,36.1984,206.00,72.00,69.00,90.30,7.00,29.78
TUL,2026-06-07 07:53,-95.8881,36.1984,206.00,72.00,70.00,93.44,10.00,29.79
TUL,2026-06-07 08:53,-95.8881,36.1984,206.00,72.00,70.00,93.44,7.00,29.78
TUL,2026-06-07 09:53,-95.8881,36.1984,206.00,72.00,70.00,93.44,8.00,29.77
TUL,2026-06-07 10:53,-95.8881,36.1984,206.00,73.00,70.00,90.34,4.00,29.77
TUL,2026-06-07 11:53,-95.8881,36.1984,206.00,73.00,71.00,93.47,6.00,29.79
TUL,2026-06-07 12:53,-95.8881,36.1984,206.00,74.00,71.00,90.38,8.00,29.80
TUL,2026-06-07 13:53,-95.8881,36.1984,206.00,75.00,71.00,87.41,9.00,29.81
TUL,2026-06-07 14:53,-95.8881,36.1984,206.00,76.00,69.00,78.98,9.00,29.82
TUL,2026-06-07 15:53,-95.8881,36.1984,206.00,74.00,69.00,84.43,9.00,29.81
TUL,2026-06-07 16:53,-95.8881,36.1984,206.00,76.00,69.00,78.98,9.00,29.80
TUL,2026-06-07 17:53,-95.8881,36.1984,206.00,77.00,69.00,76.41,9.00,29.79
TUL,2026-06-07 18:53,-95.8881,36.1984,206.00,79.00,70.00,74.02,8.00,29.77
TUL,2026-06-07 19:53,-95.8881,36.1984,206.00,79.00,69.00,71.54,9.00,29.76
TUL,2026-06-07 20:53,-95.8881,36.1984,206.00,80.00,69.00,69.23,11.00,29.75
TUL,2026-06-07 21:53,-95.8881,36.1984,206.00,80.00,69.00,69.23,11.00,29.74
TUL,2026-06-07 22:53,-95.8881,36.1984,206.00,82.00,70.00,67.13,6.00,29.72
TUL,2026-06-07 23:53,-95.8881,36.1984,206.00,82.00,71.00,69.45,10.00,29.72
TUL,2026-06-08 00:53,-95.8881,36.1984,206.00,81.00,70.00,69.34,10.00,29.73
TUL,2026-06-08 01:53,-95.8881,36.1984,206.00,80.00,70.00,71.64,7.00,29.74
TUL,2026-06-08 02:53,-95.8881,36.1984,206.00,78.00,71.00,79.14,7.00,29.76
TUL,2026-06-08 03:53,-95.8881,36.1984,206.00,78.00,71.00,79.14,7.00,29.78
TUL,2026-06-08 04:53,-95.8881,36.1984,206.00,76.00,72.00,87.46,6.00,29.77
TUL,2026-06-08 05:53,-95.8881,36.1984,206.00,78.00,74.00,87.56,9.00,29.76
TUL,2026-06-08 06:53,-95.8881,36.1984,206.00,77.00,74.00,90.50,16.00,29.75
TUL,2026-06-08 07:53,-95.8881,36.1984,206.00,78.00,75.00,90.54,14.00,29.74
TUL,2026-06-08 08:53,-95.8881,36.1984,206.00,79.00,75.00,87.61,10.00,29.76
TUL,2026-06-08 09:53,-95.8881,36.1984,206.00,79.00,75.00,87.61,17.00,29.76
TUL,2026-06-08 10:53,-95.8881,36.1984,206.00,79.00,74.00,84.73,15.00,29.79
TUL,2026-06-08 11:53,-95.8881,36.1984,206.00,79.00,74.00,84.73,14.00,29.81
TUL,2026-06-08 12:53,-95.8881,36.1984,206.00,79.00,74.00,84.73,10.00,29.82
TUL,2026-06-08 13:53,-95.8881,36.1984,206.00,79.00,74.00,84.73,8.00,29.86
TUL,2026-06-08 14:53,-95.8881,36.1984,206.00,80.00,74.00,82.00,12.00,29.88
TUL,2026-06-08 15:53,-95.8881,36.1984,206.00,82.00,75.00,79.45,13.00,29.88
TUL,2026-06-08 16:53,-95.8881,36.1984,206.00,85.00,75.00,72.14,20.00,29.87
TUL,2026-06-08 17:53,-95.8881,36.1984,206.00,86.00,75.00,69.88,19.00,29.86
TUL,2026-06-08 18:53,-95.8881,36.1984,206.00,88.00,74.00,63.43,17.00,29.84
TUL,2026-06-08 19:53,-95.8881,36.1984,206.00,89.00,74.00,61.46,19.00,29.83
TUL,2026-06-08 20:53,-95.8881,36.1984,206.00,89.00,74.00,61.46,17.00,29.83
TUL,2026-06-08 21:53,-95.8881,36.1984,206.00,89.00,74.00,61.46,17.00,29.83
TUL,2026-06-08 22:53,-95.8881,36.1984,206.00,90.00,74.00,59.57,18.00,29.83
TUL,2026-06-08 23:53,-95.8881,36.1984,206.00,88.00,74.00,63.43,19.00,29.83
TUL,2026-06-09 00:53,-95.8881,36.1984,206.00,87.00,74.00,65.47,12.00,29.86
TUL,2026-06-09 01:53,-95.8881,36.1984,206.00,86.00,74.00,67.58,8.00,29.88
TUL,2026-06-09 02:53,-95.8881,36.1984,206.00,84.00,74.00,72.04,9.00,29.88
TUL,2026-06-09 03:53,-95.8881,36.1984,206.00,83.00,75.00,76.93,10.00,29.88
TUL,2026-06-09 04:53,-95.8881,36.1984,206.00,83.00,75.00,76.93,8.00,29.93
TUL,2026-06-09 05:53,-95.8881,36.1984,206.00,82.00,75.00,79.45,8.00,29.93
TUL,2026-06-09 06:53,-95.8881,36.1984,206.00,81.00,75.00,82.07,7.00,29.94
TUL,2026-06-09 07:53,-95.8881,36.1984,206.00,80.00,75.00,84.79,10.00,29.93
TUL,2026-06-09 08:53,-95.8881,36.1984,206.00,78.00,74.00,87.56,9.00,29.98
TUL,2026-06-09 09:53,-95.8881,36.1984,206.00,77.00,74.00,90.50,7.00,29.99
TUL,2026-06-09 10:53,-95.8881,36.1984,206.00,78.00,73.00,84.67,14.00,29.98
TUL,2026-06-09 11:53,-95.8881,36.1984,206.00,78.00,71.00,79.14,13.00,29.99
TUL,2026-06-09 12:53,-95.8881,36.1984,206.00,80.00,72.00,76.67,14.00,30.00
TUL,2026-06-09 13:53,-95.8881,36.1984,206.00,82.00,73.00,74.31,16.00,30.02
TUL,2026-06-09 14:53,-95.8881,36.1984,206.00,84.00,73.00,69.67,14.00,30.03
TUL,2026-06-09 15:53,-95.8881,36.1984,206.00,86.00,73.00,65.35,12.00,30.03
TUL,2026-06-09 16:53,-95.8881,36.1984,206.00,87.00,73.00,63.31,13.00,30.02
TUL,2026-06-09 17:53,-95.8881,36.1984,206.00,88.00,72.00,59.30,13.00,30.01
TUL,2026-06-09 18:53,-95.8881,36.1984,206.00,89.00,72.00,57.47,17.00,29.99
TUL,2026-06-09 19:53,-95.8881,36.1984,206.00,90.00,71.00,53.84,17.00,29.96
TUL,2026-06-09 20:53,-95.8881,36.1984,206.00,90.00,71.00,53.84,13.00,29.93
TUL,2026-06-09 21:53,-95.8881,36.1984,206.00,90.00,71.00,53.84,20.00,29.90
TUL,2026-06-09 22:53,-95.8881,36.1984,206.00,89.00,70.00,53.70,20.00,29.88
TUL,2026-06-09 23:53,-95.8881,36.1984,206.00,88.00,70.00,55.41,14.00,29.86
TUL,2026-06-10 00:53,-95.8881,36.1984,206.00,87.00,70.00,57.19,20.00,29.87
TUL,2026-06-10 01:53,-95.8881,36.1984,206.00,85.00,70.00,60.95,18.00,29.89
TUL,2026-06-10 02:53,-95.8881,36.1984,206.00,83.00,71.00,67.24,14.00,29.91
TUL,2026-06-10 03:53,-95.8881,36.1984,206.00,82.00,70.00,67.13,13.00,29.92
TUL,2026-06-10 04:53,-95.8881,36.1984,206.00,80.00,71.00,74.12,11.00,29.92
TUL,2026-06-10 05:53,-95.8881,36.1984,206.00,79.00,71.00,76.58,12.00,29.91
TUL,2026-06-10 06:53,-95.8881,36.1984,206.00,79.00,71.00,76.58,15.00,29.89
TUL,2026-06-10 07:53,-95.8881,36.1984,206.00,79.00,71.00,76.58,12.00,29.88
TUL,2026-06-10 08:53,-95.8881,36.1984,206.00,79.00,71.00,76.58,14.00,29.85
TUL,2026-06-10 09:53,-95.8881,36.1984,206.00,78.00,71.00,79.14,16.00,29.84
TUL,2026-06-10 10:53,-95.8881,36.1984,206.00,78.00,71.00,79.14,14.00,29.83
TUL,2026-06-10 11:53,-95.8881,36.1984,206.00,79.00,71.00,76.58,13.00,29.85
TUL,2026-06-10 12:53,-95.8881,36.1984,206.00,81.00,72.00,74.21,15.00,29.85
TUL,2026-06-10 13:53,-95.8881,36.1984,206.00,83.00,73.00,71.94,16.00,29.86
TUL,2026-06-10 14:53,-95.8881,36.1984,206.00,85.00,72.00,65.23,18.00,29.86
TUL,2026-06-10 15:53,-95.8881,36.1984,206.00,86.00,72.00,63.19,18.00,29.85
TUL,2026-06-10 16:53,-95.8881,36.1984,206.00,88.00,72.00,59.30,20.00,29.83
TUL,2026-06-10 17:53,-95.8881,36.1984,206.00,89.00,72.00,57.47,19.00,29.80
TUL,2026-06-10 18:53,-95.8881,36.1984,206.00,89.00,71.00,55.55,20.00,29.81
TUL,2026-06-10 19:53,-95.8881,36.1984,206.00,89.00,71.00,55.55,21.00,29.78
TUL,2026-06-10 20:53,-95.8881,36.1984,206.00,90.00,72.00,55.69,20.00,29.76
TUL,2026-06-10 21:53,-95.8881,36.1984,206.00,90.00,71.00,53.84,23.00,29.75
TUL,2026-06-10 22:53,-95.8881,36.1984,206.00,89.00,71.00,55.55,17.00,29.73
TUL,2026-06-10 23:53,-95.8881,36.1984,206.00,88.00,71.00,57.33,19.00,29.72
TUL,2026-06-11 00:53,-95.8881,36.1984,206.00,87.00,72.00,61.21,16.00,29.72
TUL,2026-06-11 01:53,-95.8881,36.1984,206.00,86.00,71.00,61.08,16.00,29.71
TUL,2026-06-11 02:53,-95.8881,36.1984,206.00,84.00,71.00,65.11,12.00,29.71
TUL,2026-06-11 03:53,-95.8881,36.1984,206.00,83.00,72.00,69.56,13.00,29.72
TUL,2026-06-11 04:53,-95.8881,36.1984,206.00,82.00,72.00,71.84,9.00,29.75
TUL,2026-06-11 05:53,-95.8881,36.1984,206.00,80.00,73.00,79.30,9.00,29.75
TUL,2026-06-11 06:53,-95.8881,36.1984,206.00,81.00,73.00,76.76,11.00,29.74
TUL,2026-06-11 07:53,-95.8881,36.1984,206.00,81.00,73.00,76.76,14.00,29.72
TUL,2026-06-11 08:53,-95.8881,36.1984,206.00,81.00,73.00,76.76,13.00,29.72
TUL,2026-06-11 09:53,-95.8881,36.1984,206.00,80.00,73.00,79.30,14.00,29.71
TUL,2026-06-11 10:53,-95.8881,36.1984,206.00,80.00,73.00,79.30,16.00,29.70
TUL,2026-06-11 11:53,-95.8881,36.1984,206.00,80.00,73.00,79.30,16.00,29.71
TUL,2026-06-11 12:53,-95.8881,36.1984,206.00,81.00,73.00,76.76,18.00,29.71
TUL,2026-06-11 13:53,-95.8881,36.1984,206.00,82.00,74.00,76.84,15.00,29.74
TUL,2026-06-11 14:53,-95.8881,36.1984,206.00,83.00,73.00,71.94,18.00,29.75
TUL,2026-06-11 15:53,-95.8881,36.1984,206.00,84.00,73.00,69.67,19.00,29.75
TUL,2026-06-11 16:53,-95.8881,36.1984,206.00,85.00,73.00,67.47,15.00,29.77
TUL,2026-06-11 17:53,-95.8881,36.1984,206.00,88.00,74.00,63.43,14.00,29.78
TUL,2026-06-11 18:53,-95.8881,36.1984,206.00,90.00,74.00,59.57,11.00,29.78
TUL,2026-06-11 19:53,-95.8881,36.1984,206.00,88.00,74.00,63.43,13.00,29.79
TUL,2026-06-11 20:53,-95.8881,36.1984,206.00,89.00,75.00,63.55,13.00,29.78
TUL,2026-06-11 21:53,-95.8881,36.1984,206.00,91.00,76.00,61.72,14.00,29.75
TUL,2026-06-11 22:53,-95.8881,36.1984,206.00,88.00,74.00,63.43,15.00,29.76
TUL,2026-06-11 23:53,-95.8881,36.1984,206.00,88.00,74.00,63.43,15.00,29.76
TUL,2026-06-12 00:53,-95.8881,36.1984,206.00,88.00,74.00,63.43,9.00,29.79
TUL,2026-06-12 01:53,-95.8881,36.1984,206.00,84.00,77.00,79.61,9.00,29.83
TUL,2026-06-12 02:53,-95.8881,36.1984,206.00,79.00,74.00,84.73,6.00,29.86
TUL,2026-06-12 03:53,-95.8881,36.1984,206.00,78.00,74.00,87.56,3.00,29.89
TUL,2026-06-12 04:53,-95.8881,36.1984,206.00,78.00,74.00,87.56,4.00,29.90
TUL,2026-06-12 05:53,-95.8881,36.1984,206.00,77.00,74.00,90.50,4.00,29.91
TUL,2026-06-12 06:53,-95.8881,36.1984,206.00,75.00,72.00,90.42,5.00,29.92
TUL,2026-06-12 07:53,-95.8881,36.1984,206.00,74.00,72.00,93.49,6.00,29.94
TUL,2026-06-12 08:53,-95.8881,36.1984,206.00,73.00,71.00,93.47,5.00,29.93
TUL,2026-06-12 09:53,-95.8881,36.1984,206.00,74.00,71.00,90.38,6.00,29.95
TUL,2026-06-12 10:53,-95.8881,36.1984,206.00,74.00,72.00,93.49,4.00,29.97
TUL,2026-06-12 11:53,-95.8881,36.1984,206.00,74.00,70.00,87.36,6.00,29.99
TUL,2026-06-12 12:53,-95.8881,36.1984,206.00,74.00,68.00,81.58,8.00,30.01
TUL,2026-06-12 13:53,-95.8881,36.1984,206.00,75.00,68.00,78.90,8.00,30.02
TUL,2026-06-12 14:53,-95.8881,36.1984,206.00,76.00,69.00,78.98,6.00,30.03
TUL,2026-06-12 15:53,-95.8881,36.1984,206.00,78.00,70.00,76.49,7.00,30.02
TUL,2026-06-12 16:53,-95.8881,36.1984,206.00,80.00,71.00,74.12,6.00,30.02
TUL,2026-06-12 17:53,-95.8881,36.1984,206.00,81.00,72.00,74.21,0.00,30.02
TUL,2026-06-12 18:53,-95.8881,36.1984,206.00,82.00,72.00,71.84,3.00,29.99
TUL,2026-06-12 19:53,-95.8881,36.1984,206.00,82.00,72.00,71.84,0.00,29.97
TUL,2026-06-12 20:53,-95.8881,36.1984,206.00,83.00,72.00,69.56,4.00,29.96
TUL,2026-06-12 21:53,-95.8881,36.1984,206.00,85.00,73.00,67.47,5.00,29.95
TUL,2026-06-12 22:53,-95.8881,36.1984,206.00,85.00,74.00,69.77,8.00,29.93
TUL,2026-06-12 23:53,-95.8881,36.1984,206.00,84.00,73.00,69.67,7.00,29.91
TUL,2026-06-13 00:53,-95.8881,36.1984,206.00,82.00,73.00,74.31,7.00,29.91
TUL,2026-06-13 01:53,-95.8881,36.1984,206.00,81.00,73.00,76.76,6.00,29.91
TUL,2026-06-13 02:53,-95.8881,36.1984,206.00,80.00,72.00,76.67,8.00,29.93
TUL,2026-06-13 03:53,-95.8881,36.1984,206.00,79.00,71.00,76.58,11.00,29.94
TUL,2026-06-13 04:53,-95.8881,36.1984,206.00,80.00,71.00,74.12,12.00,29.95
TUL,2026-06-13 05:53,-95.8881,36.1984,206.00,79.00,71.00,76.58,9.00,29.93
TUL,2026-06-13 06:53,-95.8881,36.1984,206.00,78.00,71.00,79.14,12.00,29.94
TUL,2026-06-13 07:53,-95.8881,36.1984,206.00,77.00,70.00,79.06,10.00,29.93
TUL,2026-06-13 08:53,-95.8881,36.1984,206.00,77.00,68.00,73.83,11.00,29.93
TUL,2026-06-13 09:53,-95.8881,36.1984,206.00,76.00,69.00,78.98,10.00,29.92
TUL,2026-06-13 10:53,-95.8881,36.1984,206.00,77.00,69.00,76.41,22.00,29.96
TUL,2026-06-13 11:53,-95.8881,36.1984,206.00,72.00,68.00,87.26,6.00,29.95
TUL,2026-06-13 12:53,-95.8881,36.1984,206.00,72.00,69.00,90.30,8.00,29.93
TUL,2026-06-13 13:53,-95.8881,36.1984,206.00,73.00,71.00,93.47,8.00,29.90
TUL,2026-06-13 14:53,-95.8881,36.1984,206.00,78.00,71.00,79.14,12.00,29.86
TUL,2026-06-13 15:53,-95.8881,36.1984,206.00,82.00,72.00,71.84,13.00,29.86
TUL,2026-06-13 16:53,-95.8881,36.1984,206.00,88.00,75.00,65.59,13.00,29.88
TUL,2026-06-13 17:53,-95.8881,36.1984,206.00,87.00,74.00,65.47,12.00,29.88
TUL,2026-06-13 18:53,-95.8881,36.1984,206.00,89.00,75.00,63.55,10.00,29.87
TUL,2026-06-13 19:53,-95.8881,36.1984,206.00,91.00,75.00,59.70,12.00,29.85
TUL,2026-06-13 20:53,-95.8881,36.1984,206.00,91.00,76.00,61.72,9.00,29.84
TUL,2026-06-13 21:53,-95.8881,36.1984,206.00,91.00,75.00,59.70,9.00,29.82
TUL,2026-06-13 22:53,-95.8881,36.1984,206.00,92.00,75.00,57.87,16.00,29.80
TUL,2026-06-13 23:53,-95.8881,36.1984,206.00,91.00,74.00,57.73,14.00,29.77
TUL,2026-06-14 00:53,-95.8881,36.1984,206.00,89.00,75.00,63.55,10.00,29.78
TUL,2026-06-14 01:53,-95.8881,36.1984,206.00,87.00,73.00,63.31,11.00,29.80
TUL,2026-06-14 02:53,-95.8881,36.1984,206.00,85.00,75.00,72.14,15.00,29.78
TUL,2026-06-14 03:53,-95.8881,36.1984,206.00,84.00,75.00,74.49,15.00,29.82
TUL,2026-06-14 04:53,-95.8881,36.1984,206.00,72.00,70.00,93.44,19.00,29.91
TUL,2026-06-14 05:53,-95.8881,36.1984,206.00,70.00,68.00,93.38,7.00,29.97
TUL,2026-06-14 06:53,-95.8881,36.1984,206.00,69.00,67.00,93.36,3.00,29.99
TUL,2026-06-14 07:53,-95.8881,36.1984,206.00,69.00,68.00,96.63,7.00,29.94
TUL,2026-06-14 08:53,-95.8881,36.1984,206.00,70.00,68.00,93.38,6.00,29.98
TUL,2026-06-14 09:53,-95.8881,36.1984,206.00,70.00,67.00,90.22,4.00,30.01
TUL,2026-06-14 10:53,-95.8881,36.1984,206.00,70.00,68.00,93.38,3.00,30.02
TUL,2026-06-14 11:53,-95.8881,36.1984,206.00,70.00,69.00,96.64,7.00,30.02
TUL,2026-06-14 12:53,-95.8881,36.1984,206.00,70.00,68.00,93.38,6.00,30.04
TUL,2026-06-14 13:53,-95.8881,36.1984,206.00,70.00,69.00,96.64,8.00,30.06
TUL,2026-06-14 14:53,-95.8881,36.1984,206.00,69.00,68.00,96.63,10.00,30.08
TUL,2026-06-14 15:53,-95.8881,36.1984,206.00,70.00,68.00,93.38,9.00,30.09
TUL,2026-06-14 16:53,-95.8881,36.1984,206.00,73.00,67.00,81.51,12.00,30.10
TUL,2026-06-14 17:53,-95.8881,36.1984,206.00,75.00,66.00,73.64,9.00,30.10
TUL,2026-06-14 18:53,-95.8881,36.1984,206.00,77.00,64.00,64.27,8.00,30.10
TUL,2026-06-14 19:53,-95.8881,36.1984,206.00,79.00,62.00,56.09,8.00,30.08
TUL,2026-06-14 20:53,-95.8881,36.1984,206.00,78.00,60.00,54.00,8.00,30.08
TUL,2026-06-14 21:53,-95.8881,36.1984,206.00,78.00,61.00,55.95,9.00,30.06
TUL,2026-06-14 22:53,-95.8881,36.1984,206.00,77.00,61.00,57.83,7.00,30.05
TUL,2026-06-14 23:53,-95.8881,36.1984,206.00,76.00,60.00,57.69,6.00,30.04
TUL,2026-06-15 00:53,-95.8881,36.1984,206.00,76.00,61.00,59.78,6.00,30.05
TUL,2026-06-15 01:53,-95.8881,36.1984,206.00,74.00,59.00,59.51,5.00,30.06
TUL,2026-06-15 02:53,-95.8881,36.1984,206.00,70.00,61.00,73.15,0.00,30.07
TUL,2026-06-15 03:53,-95.8881,36.1984,206.00,69.00,61.00,75.69,0.00,30.10
TUL,2026-06-15 04:53,-95.8881,36.1984,206.00,66.00,63.00,90.06,4.00,30.11
TUL,2026-06-15 05:53,-95.8881,36.1984,206.00,67.00,62.00,83.99,3.00,30.10
TUL,2026-06-15 06:53,-95.8881,36.1984,206.00,65.00,62.00,90.02,3.00,30.09
TUL,2026-06-15 07:53,-95.8881,36.1984,206.00,65.00,61.00,86.89,3.00,30.09
TUL,2026-06-15 08:53,-95.8881,36.1984,206.00,65.00,62.00,90.02,3.00,30.08
TUL,2026-06-15 09:53,-95.8881,36.1984,206.00,66.00,61.00,83.93,4.00,30.08
TUL,2026-06-15 10:53,-95.8881,36.1984,206.00,66.00,62.00,86.95,4.00,30.09
TUL,2026-06-15 11:53,-95.8881,36.1984,206.00,66.00,62.00,86.95,5.00,30.08
TUL,2026-06-15 12:53,-95.8881,36.1984,206.00,68.00,62.00,81.15,0.00,30.09
TUL,2026-06-15 13:53,-95.8881,36.1984,206.00,72.00,61.00,68.35,0.00,30.09
TUL,2026-06-15 14:53,-95.8881,36.1984,206.00,75.00,60.00,59.64,4.00,30.09
TUL,2026-06-15 15:53,-95.8881,36.1984,206.00,79.00,59.00,50.42,6.00,30.08
TUL,2026-06-15 16:53,-95.8881,36.1984,206.00,81.00,57.00,43.96,7.00,30.07
TUL,2026-06-15 17:53,-95.8881,36.1984,206.00,81.00,50.00,34.02,9.00,30.06
TUL,2026-06-15 18:53,-95.8881,36.1984,206.00,82.00,53.00,36.80,5.00,30.03
TUL,2026-06-15 19:53,-95.8881,36.1984,206.00,82.00,54.00,38.17,7.00,30.01
TUL,2026-06-15 20:53,-95.8881,36.1984,206.00,84.00,56.00,38.49,4.00,30.00
TUL,2026-06-15 21:53,-95.8881,36.1984,206.00,84.00,56.00,38.49,3.00,29.97
TUL,2026-06-15 22:53,-95.8881,36.1984,206.00,83.00,57.00,41.21,0.00,29.95
TUL,2026-06-15 23:53,-95.8881,36.1984,206.00,81.00,59.00,47.24,4.00,29.94
TUL,2026-06-16 00:53,-95.8881,36.1984,206.00,79.00,58.00,48.65,5.00,29.95
TUL,2026-06-16 01:53,-95.8881,36.1984,206.00,76.00,58.00,53.71,4.00,29.96
TUL,2026-06-16 02:53,-95.8881,36.1984,206.00,75.00,58.00,55.53,4.00,29.97
TUL,2026-06-16 03:53,-95.8881,36.1984,206.00,73.00,60.00,63.78,3.00,29.98
TUL,2026-06-16 04:53,-95.8881,36.1984,206.00,72.00,59.00,63.65,0.00,29.98
TUL,2026-06-16 05:53,-95.8881,36.1984,206.00,70.00,61.00,73.15,0.00,29.96
TUL,2026-06-16 06:53,-95.8881,36.1984,206.00,66.00,61.00,83.93,5.00,29.95
TUL,2026-06-16 07:53,-95.8881,36.1984,206.00,70.00,60.00,70.59,7.00,29.93
TUL,2026-06-16 08:53,-95.8881,36.1984,206.00,69.00,59.00,70.49,6.00,29.91
TUL,2026-06-16 09:53,-95.8881,36.1984,206.00,67.00,59.00,75.50,0.00,29.90
TUL,2026-06-16 10:53,-95.8881,36.1984,206.00,65.00,60.00,83.86,0.00,29.89
TUL,2026-06-16 11:53,-95.8881,36.1984,206.00,66.00,61.00,83.93,0.00,29.90
TUL,2026-06-16 12:53,-95.8881,36.1984,206.00,70.00,61.00,73.15,3.00,29.89
TUL,2026-06-16 13:53,-95.8881,36.1984,206.00,75.00,63.00,66.32,5.00,29.89
TUL,2026-06-16 14:53,-95.8881,36.1984,206.00,78.00,65.00,64.39,9.00,29.89
TUL,2026-06-16 15:53,-95.8881,36.1984,206.00,80.00,67.00,64.63,7.00,29.87
TUL,2026-06-16 16:53,-95.8881,36.1984,206.00,83.00,66.00,56.65,0.00,29.86
TUL,2026-06-16 17:53,-95.8881,36.1984,206.00,85.00,69.00,58.91,6.00,29.85
TUL,2026-06-16 18:53,-95.8881,36.1984,206.00,87.00,67.00,51.60,6.00,29.82
TUL,2026-06-16 19:53,-95.8881,36.1984,206.00,88.00,68.00,51.75,10.00,29.80
TUL,2026-06-16 20:53,-95.8881,36.1984,206.00,89.00,67.00,48.45,8.00,29.78
TUL,2026-06-16 21:53,-95.8881,36.1984,206.00,88.00,67.00,50.00,11.00,29.76
TUL,2026-06-16 22:53,-95.8881,36.1984,206.00,88.00,67.00,50.00,11.00,29.74
TUL,2026-06-16 23:53,-95.8881,36.1984,206.00,86.00,66.00,51.46,12.00,29.73
TUL,2026-06-17 00:53,-95.8881,36.1984,206.00,85.00,66.00,53.12,11.00,29.72
TUL,2026-06-17 01:53,-95.8881,36.1984,206.00,83.00,67.00,58.64,9.00,29.72
TUL,2026-06-17 02:53,-95.8881,36.1984,206.00,82.00,68.00,62.69,13.00,29.73
TUL,2026-06-17 03:53,-95.8881,36.1984,206.00,80.00,68.00,66.90,10.00,29.73
TUL,2026-06-17 04:53,-95.8881,36.1984,206.00,80.00,69.00,69.23,14.00,29.72
TUL,2026-06-17 05:53,-95.8881,36.1984,206.00,79.00,69.00,71.54,16.00,29.71
TUL,2026-06-17 06:53,-95.8881,36.1984,206.00,78.00,69.00,73.93,11.00,29.70
TUL,2026-06-17 07:53,-95.8881,36.1984,206.00,77.00,69.00,76.41,15.00,29.69
TUL,2026-06-17 08:53,-95.8881,36.1984,206.00,76.00,69.00,78.98,14.00,29.66
TUL,2026-06-17 09:53,-95.8881,36.1984,206.00,76.00,70.00,81.72,15.00,29.64
TUL,2026-06-17 10:53,-95.8881,36.1984,206.00,75.00,70.00,84.49,15.00,29.64
TUL,2026-06-17 11:53,-95.8881,36.1984,206.00,75.00,70.00,84.49,16.00,29.63
TUL,2026-06-17 12:53,-95.8881,36.1984,206.00,78.00,71.00,79.14,17.00,29.62
TUL,2026-06-17 13:53,-95.8881,36.1984,206.00,80.00,71.00,74.12,19.00,29.62
TUL,2026-06-17 14:53,-95.8881,36.1984,206.00,82.00,73.00,74.31,18.00,29.61
TUL,2026-06-17 15:53,-95.8881,36.1984,206.00,85.00,72.00,65.23,22.00,29.59
TUL,2026-06-17 16:53,-95.8881,36.1984,206.00,88.00,72.00,59.30,18.00,29.57
TUL,2026-06-17 17:53,-95.8881,36.1984,206.00,90.00,72.00,55.69,22.00,29.55
TUL,2026-06-17 18:53,-95.8881,36.1984,206.00,90.00,72.00,55.69,23.00,29.54
TUL,2026-06-17 19:53,-95.8881,36.1984,206.00,91.00,72.00,53.98,23.00,29.53
TUL,2026-06-17 20:53,-95.8881,36.1984,206.00,92.00,72.00,52.32,23.00,29.53
TUL,2026-06-17 21:53,-95.8881,36.1984,206.00,93.00,72.00,50.73,15.00,29.53
TUL,2026-06-17 22:53,-95.8881,36.1984,206.00,91.00,72.00,53.98,19.00,29.54
TUL,2026-06-17 23:53,-95.8881,36.1984,206.00,90.00,72.00,55.69,15.00,29.52
TUL,2026-06-18 00:53,-95.8881,36.1984,206.00,88.00,73.00,61.34,15.00,29.54
TUL,2026-06-18 01:53,-95.8881,36.1984,206.00,87.00,73.00,63.31,15.00,29.55
TUL,2026-06-18 02:53,-95.8881,36.1984,206.00,86.00,73.00,65.35,15.00,29.58
TUL,2026-06-18 03:53,-95.8881,36.1984,206.00,84.00,73.00,69.67,12.00,29.60
TUL,2026-06-18 04:53,-95.8881,36.1984,206.00,83.00,72.00,69.56,12.00,29.61
TUL,2026-06-18 05:53,-95.8881,36.1984,206.00,82.00,72.00,71.84,10.00,29.62
TUL,2026-06-18 06:53,-95.8881,36.1984,206.00,81.00,72.00,74.21,6.00,29.63
TUL,2026-06-18 07:53,-95.8881,36.1984,206.00,79.00,73.00,81.93,3.00,29.67
TUL,2026-06-18 08:53,-95.8881,36.1984,206.00,79.00,73.00,81.93,4.00,29.69
TUL,2026-06-18 09:53,-95.8881,36.1984,206.00,78.00,74.00,87.56,5.00,29.70
TUL,2026-06-18 10:53,-95.8881,36.1984,206.00,77.00,73.00,87.51,6.00,29.72
TUL,2026-06-18 11:53,-95.8881,36.1984,206.00,77.00,73.00,87.51,6.00,29.72
TUL,2026-06-18 12:53,-95.8881,36.1984,206.00,80.00,73.00,79.30,10.00,29.75
TUL,2026-06-18 13:53,-95.8881,36.1984,206.00,80.00,72.00,76.67,8.00,29.76
TUL,2026-06-18 14:53,-95.8881,36.1984,206.00,80.00,73.00,79.30,0.00,29.79
TUL,2026-06-18 15:53,-95.8881,36.1984,206.00,70.00,66.00,87.16,12.00,29.83
TUL,2026-06-18 16:53,-95.8881,36.1984,206.00,68.00,61.00,78.33,12.00,29.84
TUL,2026-06-18 17:53,-95.8881,36.1984,206.00,71.00,61.00,70.70,8.00,29.84
TUL,2026-06-18 18:53,-95.8881,36.1984,206.00,72.00,60.00,65.96,9.00,29.83
TUL,2026-06-18 19:53,-95.8881,36.1984,206.00,74.00,60.00,61.67,11.00,29.85
TUL,2026-06-18 20:53,-95.8881,36.1984,206.00,72.00,56.00,57.14,15.00,29.90
TUL,2026-06-18 21:53,-95.8881,36.1984,206.00,69.00,58.00,68.01,9.00,29.91
TUL,2026-06-18 22:53,-95.8881,36.1984,206.00,71.00,58.00,63.53,9.00,29.84
TUL,2026-06-18 23:53,-95.8881,36.1984,206.00,69.00,60.00,73.05,12.00,29.87
TUL,2026-06-19 00:53,-95.8881,36.1984,206.00,68.00,61.00,78.33,9.00,29.89
TUL,2026-06-19 01:53,-95.8881,36.1984,206.00,65.00,61.00,86.89,7.00,29.92
TUL,2026-06-19 02:53,-95.8881,36.1984,206.00,64.00,61.00,89.98,6.00,29.95
TUL,2026-06-19 03:53,-95.8881,36.1984,206.00,66.00,60.00,81.00,4.00,29.94
TUL,2026-06-19 04:53,-95.8881,36.1984,206.00,65.00,61.00,86.89,9.00,29.98
TUL,2026-06-19 05:53,-95.8881,36.1984,206.00,67.00,60.00,78.24,7.00,29.98
TUL,2026-06-19 06:53,-95.8881,36.1984,206.00,68.00,59.00,72.95,4.00,29.99
TUL,2026-06-19 07:53,-95.8881,36.1984,206.00,68.00,59.00,72.95,6.00,29.99
TUL,2026-06-19 08:53,-95.8881,36.1984,206.00,68.00,59.00,72.95,7.00,29.97
TUL,2026-06-19 09:53,-95.8881,36.1984,206.00,68.00,59.00,72.95,7.00,29.95
TUL,2026-06-19 10:53,-95.8881,36.1984,206.00,69.00,59.00,70.49,6.00,29.98
TUL,2026-06-19 11:53,-95.8881,36.1984,206.00,69.00,58.00,68.01,4.00,29.98
TUL,2026-06-19 12:53,-95.8881,36.1984,206.00,70.00,58.00,65.72,4.00,30.01
TUL,2026-06-19 13:53,-95.8881,36.1984,206.00,71.00,60.00,68.23,0.00,30.03
TUL,2026-06-19 14:53,-95.8881,36.1984,206.00,72.00,61.00,68.35,10.00,29.99
TUL,2026-06-19 15:53,-95.8881,36.1984,206.00,73.00,62.00,68.46,4.00,30.00
TUL,2026-06-19 16:53,-95.8881,36.1984,206.00,75.00,63.00,66.32,5.00,30.01
TUL,2026-06-19 17:53,-95.8881,36.1984,206.00,77.00,65.00,66.55,8.00,30.03
TUL,2026-06-19 18:53,-95.8881,36.1984,206.00,80.00,66.00,62.44,4.00,30.02
TUL,2026-06-19 19:53,-95.8881,36.1984,206.00,81.00,67.00,62.56,9.00,29.99
TUL,2026-06-19 20:53,-95.8881,36.1984,206.00,80.00,67.00,64.63,8.00,29.97
TUL,2026-06-19 21:53,-95.8881,36.1984,206.00,80.00,68.00,66.90,10.00,29.96
TUL,2026-06-19 22:53,-95.8881,36.1984,206.00,80.00,69.00,69.23,7.00,29.92
TUL,2026-06-19 23:53,-95.8881,36.1984,206.00,79.00,69.00,71.54,4.00,29.92
TUL,2026-06-20 00:53,-95.8881,36.1984,206.00,80.00,70.00,71.64,6.00,29.93
TUL,2026-06-20 01:53,-95.8881,36.1984,206.00,78.00,69.00,73.93,6.00,29.97
TUL,2026-06-20 02:53,-95.8881,36.1984,206.00,76.00,69.00,78.98,8.00,30.01
TUL,2026-06-20 03:53,-95.8881,36.1984,206.00,74.00,69.00,84.43,8.00,30.02
TUL,2026-06-20 04:53,-95.8881,36.1984,206.00,73.00,68.00,84.37,6.00,30.02
TUL,2026-06-20 05:53,-95.8881,36.1984,206.00,71.00,69.00,93.41,3.00,30.02
TUL,2026-06-20 06:53,-95.8881,36.1984,206.00,73.00,69.00,87.31,8.00,30.01
TUL,2026-06-20 07:53,-95.8881,36.1984,206.00,72.00,69.00,90.30,9.00,30.00
TUL,2026-06-20 08:53,-95.8881,36.1984,206.00,71.00,69.00,93.41,6.00,29.98
TUL,2026-06-20 09:53,-95.8881,36.1984,206.00,70.00,68.00,93.38,4.00,29.98
TUL,2026-06-20 10:53,-95.8881,36.1984,206.00,70.00,69.00,96.64,4.00,29.98
TUL,2026-06-20 11:53,-95.8881,36.1984,206.00,70.00,69.00,96.64,5.00,30.00
TUL,2026-06-20 12:53,-95.8881,36.1984,206.00,71.00,69.00,93.41,6.00,30.02
TUL,2026-06-20 13:53,-95.8881,36.1984,206.00,75.00,70.00,84.49,6.00,30.02
TUL,2026-06-20 14:53,-95.8881,36.1984,206.00,79.00,69.00,71.54,9.00,30.01
TUL,2026-06-20 15:53,-95.8881,36.1984,206.00,81.00,70.00,69.34,7.00,30.00
TUL,2026-06-20 16:53,-95.8881,36.1984,206.00,82.00,69.00,64.88,4.00,30.00
TUL,2026-06-20 17:53,-95.8881,36.1984,206.00,85.00,70.00,60.95,8.00,29.99
TUL,2026-06-20 18:53,-95.8881,36.1984,206.00,87.00,70.00,57.19,5.00,29.96
TUL,2026-06-20 19:53,-95.8881,36.1984,206.00,89.00,71.00,55.55,10.00,29.94
TUL,2026-06-20 20:53,-95.8881,36.1984,206.00,88.00,70.00,55.41,10.00,29.91
TUL,2026-06-20 21:53,-95.8881,36.1984,206.00,87.00,69.00,55.27,9.00,29.90
TUL,2026-06-20 22:53,-95.8881,36.1984,206.00,89.00,69.00,51.89,9.00,29.87
TUL,2026-06-20 23:53,-95.8881,36.1984,206.00,88.00,69.00,53.55,10.00,29.84
TUL,2026-06-21 00:53,-95.8881,36.1984,206.00,86.00,69.00,57.06,10.00,29.83
TUL,2026-06-21 01:53,-95.8881,36.1984,206.00,82.00,71.00,69.45,7.00,29.83
TUL,2026-06-21 02:53,-95.8881,36.1984,206.00,82.00,71.00,69.45,7.00,29.84
TUL,2026-06-21 03:53,-95.8881,36.1984,206.00,82.00,70.00,67.13,10.00,29.83
TUL,2026-06-21 04:53,-95.8881,36.1984,206.00,81.00,71.00,71.74,8.00,29.83
TUL,2026-06-21 05:53,-95.8881,36.1984,206.00,80.00,72.00,76.67,11.00,29.79
TUL,2026-06-21 06:53,-95.8881,36.1984,206.00,80.00,73.00,79.30,12.00,29.81
TUL,2026-06-21 07:53,-95.8881,36.1984,206.00,80.00,73.00,79.30,11.00,29.78
TUL,2026-06-21 08:53,-95.8881,36.1984,206.00,79.00,73.00,81.93,11.00,29.78
TUL,2026-06-21 09:53,-95.8881,36.1984,206.00,79.00,72.00,79.22,14.00,29.78
TUL,2026-06-21 10:53,-95.8881,36.1984,206.00,78.00,73.00,84.67,12.00,29.75
TUL,2026-06-21 11:53,-95.8881,36.1984,206.00,78.00,72.00,81.86,10.00,29.77
TUL,2026-06-21 12:53,-95.8881,36.1984,206.00,78.00,71.00,79.14,13.00,29.78
TUL,2026-06-21 13:53,-95.8881,36.1984,206.00,78.00,71.00,79.14,8.00,29.80
TUL,2026-06-21 14:53,-95.8881,36.1984,206.00,76.00,72.00,87.46,6.00,29.84
TUL,2026-06-21 15:53,-95.8881,36.1984,206.00,75.00,73.00,93.52,12.00,29.80
TUL,2026-06-21 16:53,-95.8881,36.1984,206.00,80.00,74.00,82.00,16.00,29.78
TUL,2026-06-21 17:53,-95.8881,36.1984,206.00,83.00,73.00,71.94,20.00,29.76
TUL,2026-06-21 18:53,-95.8881,36.1984,206.00,85.00,73.00,67.47,16.00,29.74
TUL,2026-06-21 19:53,-95.8881,36.1984,206.00,88.00,72.00,59.30,17.00,29.72
TUL,2026-06-21 20:53,-95.8881,36.1984,206.00,89.00,73.00,59.44,14.00,29.71
TUL,2026-06-21 21:53,-95.8881,36.1984,206.00,90.00,72.00,55.69,9.00,29.72
TUL,2026-06-21 22:53,-95.8881,36.1984,206.00,90.00,72.00,55.69,9.00,29.71
TUL,2026-06-21 23:53,-95.8881,36.1984,206.00,90.00,73.00,57.60,11.00,29.71
TUL,2026-06-22 00:53,-95.8881,36.1984,206.00,88.00,72.00,59.30,11.00,29.72
TUL,2026-06-22 01:53,-95.8881,36.1984,206.00,86.00,73.00,65.35,10.00,29.74
TUL,2026-06-22 02:53,-95.8881,36.1984,206.00,85.00,74.00,69.77,5.00,29.77
TUL,2026-06-22 03:53,-95.8881,36.1984,206.00,84.00,74.00,72.04,8.00,29.77
TUL,2026-06-22 04:53,-95.8881,36.1984,206.00,83.00,74.00,74.40,10.00,29.76
TUL,2026-06-22 05:53,-95.8881,36.1984,206.00,83.00,75.00,76.93,3.00,29.78
TUL,2026-06-22 06:53,-95.8881,36.1984,206.00,80.00,75.00,84.79,4.00,29.78
TUL,2026-06-22 07:53,-95.8881,36.1984,206.00,81.00,75.00,82.07,5.00,29.74
TUL,2026-06-22 08:53,-95.8881,36.1984,206.00,79.00,76.00,90.58,12.00,29.71
TUL,2026-06-22 09:51,-95.8881,36.1984,206.00,69.00,69.00,100.00,18.00,29.82
TUL,2026-06-22 10:53,-95.8881,36.1984,206.00,70.00,70.00,100.00,7.00,29.83
TUL,2026-06-22 11:53,-95.8881,36.1984,206.00,70.00,69.00,96.64,M,29.81
TUL,2026-06-22 12:53,-95.8881,36.1984,206.00,71.00,70.00,96.66,7.00,29.88
TUL,2026-06-22 13:53,-95.8881,36.1984,206.00,73.00,69.00,87.31,8.00,29.95
TUL,2026-06-22 14:53,-95.8881,36.1984,206.00,71.00,68.00,90.26,9.00,29.99
TUL,2026-06-22 15:53,-95.8881,36.1984,206.00,71.00,67.00,87.21,7.00,30.00
TUL,2026-06-22 16:53,-95.8881,36.1984,206.00,75.00,69.00,81.65,4.00,30.03
TUL,2026-06-22 17:53,-95.8881,36.1984,206.00,77.00,69.00,76.41,9.00,30.03
TUL,2026-06-22 18:53,-95.8881,36.1984,206.00,76.00,68.00,76.32,9.00,30.03
TUL,2026-06-22 19:53,-95.8881,36.1984,206.00,77.00,68.00,73.83,9.00,30.03
TUL,2026-06-22 20:53,-95.8881,36.1984,206.00,77.00,68.00,73.83,9.00,30.04
TUL,2026-06-22 21:53,-95.8881,36.1984,206.00,76.00,67.00,73.73,7.00,30.04
TUL,2026-06-22 22:53,-95.8881,36.1984,206.00,74.00,66.00,76.14,6.00,30.05
TUL,2026-06-22 23:53,-95.8881,36.1984,206.00,73.00,65.00,76.05,9.00,30.06
TUL,2026-06-23 00:53,-95.8881,36.1984,206.00,72.00,64.00,75.96,7.00,30.08
TUL,2026-06-23 01:53,-95.8881,36.1984,206.00,71.00,64.00,78.57,8.00,30.10
TUL,2026-06-23 02:53,-95.8881,36.1984,206.00,71.00,63.00,75.87,7.00,30.11
TUL,2026-06-23 03:53,-95.8881,36.1984,206.00,69.00,64.00,84.12,4.00,30.13
TUL,2026-06-23 04:53,-95.8881,36.1984,206.00,68.00,64.00,87.05,6.00,30.13
TUL,2026-06-23 05:53,-95.8881,36.1984,206.00,67.00,64.00,90.10,4.00,30.12
TUL,2026-06-23 06:53,-95.8881,36.1984,206.00,67.00,64.00,90.10,4.00,30.11
TUL,2026-06-23 07:53,-95.8881,36.1984,206.00,67.00,64.00,90.10,5.00,30.11
TUL,2026-06-23 08:53,-95.8881,36.1984,206.00,67.00,64.00,90.10,4.00,30.11
TUL,2026-06-23 09:53,-95.8881,36.1984,206.00,67.00,64.00,90.10,5.00,30.11
TUL,2026-06-23 10:53,-95.8881,36.1984,206.00,66.00,64.00,93.27,3.00,30.12
TUL,2026-06-23 11:53,-95.8881,36.1984,206.00,67.00,65.00,93.30,4.00,30.12
TUL,2026-06-23 12:53,-95.8881,36.1984,206.00,69.00,66.00,90.18,5.00,30.14
TUL,2026-06-23 13:53,-95.8881,36.1984,206.00,72.00,67.00,84.30,3.00,30.14
TUL,2026-06-23 14:53,-95.8881,36.1984,206.00,73.00,68.00,84.37,5.00,30.15
TUL,2026-06-23 15:53,-95.8881,36.1984,206.00,73.00,69.00,87.31,3.00,30.15
TUL,2026-06-23 16:53,-95.8881,36.1984,206.00,75.00,70.00,84.49,6.00,30.13
TUL,2026-06-23 17:53,-95.8881,36.1984,206.00,76.00,72.00,87.46,10.00,30.12
TUL,2026-06-23 18:53,-95.8881,36.1984,206.00,69.00,68.00,96.63,9.00,30.13
TUL,2026-06-23 19:53,-95.8881,36.1984,206.00,71.00,71.00,100.00,3.00,30.15
TUL,2026-06-23 20:53,-95.8881,36.1984,206.00,72.00,71.00,96.67,8.00,30.12
TUL,2026-06-23 21:53,-95.8881,36.1984,206.00,73.00,69.00,87.31,9.00,30.10
TUL,2026-06-23 22:53,-95.8881,36.1984,206.00,73.00,70.00,90.34,5.00,30.08
TUL,2026-06-23 23:53,-95.8881,36.1984,206.00,74.00,69.00,84.43,4.00,30.05
TUL,2026-06-24 00:53,-95.8881,36.1984,206.00,73.00,69.00,87.31,4.00,30.08
TUL,2026-06-24 01:53,-95.8881,36.1984,206.00,72.00,69.00,90.30,3.00,30.13
TUL,2026-06-24 02:53,-95.8881,36.1984,206.00,70.00,68.00,93.38,5.00,30.12
TUL,2026-06-24 03:53,-95.8881,36.1984,206.00,70.00,68.00,93.38,0.00,30.11
TUL,2026-06-24 04:53,-95.8881,36.1984,206.00,69.00,68.00,96.63,3.00,30.09
TUL,2026-06-24 05:53,-95.8881,36.1984,206.00,69.00,68.00,96.63,4.00,30.09
TUL,2026-06-24 06:53,-95.8881,36.1984,206.00,69.00,68.00,96.63,5.00,30.07
TUL,2026-06-24 07:53,-95.8881,36.1984,206.00,69.00,68.00,96.63,4.00,30.06
TUL,2026-06-24 08:53,-95.8881,36.1984,206.00,69.00,68.00,96.63,5.00,30.07
TUL,2026-06-24 09:53,-95.8881,36.1984,206.00,69.00,68.00,96.63,0.00,30.08
TUL,2026-06-24 10:53,-95.8881,36.1984,206.00,70.00,69.00,96.64,3.00,30.07
TUL,2026-06-24 11:53,-95.8881,36.1984,206.00,70.00,69.00,96.64,3.00,30.07
TUL,2026-06-24 12:53,-95.8881,36.1984,206.00,70.00,69.00,96.64,5.00,30.06
TUL,2026-06-24 13:53,-95.8881,36.1984,206.00,71.00,70.00,96.66,0.00,30.10
TUL,2026-06-24 14:53,-95.8881,36.1984,206.00,70.00,69.00,96.64,4.00,30.13
TUL,2026-06-24 15:53,-95.8881,36.1984,206.00,71.00,70.00,96.66,7.00,30.17
TUL,2026-06-24 16:53,-95.8881,36.1984,206.00,71.00,70.00,96.66,12.00,30.09
TUL,2026-06-24 17:53,-95.8881,36.1984,206.00,74.00,70.00,87.36,7.00,30.00
TUL,2026-06-24 18:53,-95.8881,36.1984,206.00,77.00,71.00,81.79,10.00,30.01
TUL,2026-06-24 19:53,-95.8881,36.1984,206.00,78.00,70.00,76.49,3.00,30.02
TUL,2026-06-24 20:53,-95.8881,36.1984,206.00,81.00,70.00,69.34,4.00,30.03
TUL,2026-06-24 21:53,-95.8881,36.1984,206.00,80.00,70.00,71.64,0.00,30.02
TUL,2026-06-24 22:53,-95.8881,36.1984,206.00,80.00,71.00,74.12,5.00,30.01
TUL,2026-06-24 23:53,-95.8881,36.1984,206.00,79.00,71.00,76.58,8.00,30.00
TUL,2026-06-25 00:53,-95.8881,36.1984,206.00,76.00,71.00,84.55,5.00,30.00
TUL,2026-06-25 01:53,-95.8881,36.1984,206.00,74.00,71.00,90.38,5.00,29.99
TUL,2026-06-25 02:53,-95.8881,36.1984,206.00,73.00,71.00,93.47,5.00,30.00
TUL,2026-06-25 03:53,-95.8881,36.1984,206.00,74.00,71.00,90.38,8.00,30.00
TUL,2026-06-25 04:53,-95.8881,36.1984,206.00,72.00,70.00,93.44,5.00,30.00
TUL,2026-06-25 05:53,-95.8881,36.1984,206.00,73.00,71.00,93.47,4.00,30.00
TUL,2026-06-25 06:53,-95.8881,36.1984,206.00,73.00,72.00,96.69,3.00,30.00
TUL,2026-06-25 07:53,-95.8881,36.1984,206.00,74.00,72.00,93.49,5.00,29.99
TUL,2026-06-25 08:53,-95.8881,36.1984,206.00,74.00,72.00,93.49,5.00,29.99
TUL,2026-06-25 09:53,-95.8881,36.1984,206.00,73.00,72.00,96.69,4.00,29.99
TUL,2026-06-25 10:53,-95.8881,36.1984,206.00,73.00,72.00,96.69,5.00,30.01
TUL,2026-06-25 11:53,-95.8881,36.1984,206.00,73.00,71.00,93.47,6.00,30.00
TUL,2026-06-25 12:53,-95.8881,36.1984,206.00,73.00,71.00,93.47,6.00,29.97
TUL,2026-06-25 13:53,-95.8881,36.1984,206.00,74.00,71.00,90.38,10.00,29.94
TUL,2026-06-25 14:53,-95.8881,36.1984,206.00,75.00,72.00,90.42,8.00,29.95
TUL,2026-06-25 15:53,-95.8881,36.1984,206.00,77.00,72.00,84.61,7.00,29.96
TUL,2026-06-25 16:53,-95.8881,36.1984,206.00,78.00,73.00,84.67,5.00,29.96
TUL,2026-06-25 17:53,-95.8881,36.1984,206.00,79.00,73.00,81.93,6.00,29.95
TUL,2026-06-25 18:53,-95.8881,36.1984,206.00,80.00,75.00,84.79,6.00,29.94
TUL,2026-06-25 19:53,-95.8881,36.1984,206.00,79.00,74.00,84.73,11.00,29.90
TUL,2026-06-25 20:53,-95.8881,36.1984,206.00,80.00,76.00,87.66,9.00,29.92
TUL,2026-06-25 21:53,-95.8881,36.1984,206.00,73.00,70.00,90.34,8.00,29.89
TUL,2026-06-25 22:53,-95.8881,36.1984,206.00,75.00,71.00,87.41,9.00,29.86
TUL,2026-06-25 23:53,-95.8881,36.1984,206.00,75.00,72.00,90.42,12.00,29.85
TUL,2026-06-26 00:53,-95.8881,36.1984,206.00,75.00,72.00,90.42,9.00,29.82
TUL,2026-06-26 01:53,-95.8881,36.1984,206.00,75.00,71.00,87.41,7.00,29.85
TUL,2026-06-26 02:53,-95.8881,36.1984,206.00,73.00,71.00,93.47,8.00,29.83
TUL,2026-06-26 03:53,-95.8881,36.1984,206.00,73.00,71.00,93.47,8.00,29.84
TUL,2026-06-26 04:53,-95.8881,36.1984,206.00,73.00,71.00,93.47,8.00,29.83
TUL,2026-06-26 05:53,-95.8881,36.1984,206.00,74.00,71.00,90.38,7.00,29.85
TUL,2026-06-26 06:53,-95.8881,36.1984,206.00,76.00,71.00,84.55,6.00,29.87
TUL,2026-06-26 07:53,-95.8881,36.1984,206.00,75.00,71.00,87.41,4.00,29.88
TUL,2026-06-26 08:53,-95.8881,36.1984,206.00,76.00,72.00,87.46,6.00,29.87
TUL,2026-06-26 09:53,-95.8881,36.1984,206.00,74.00,71.00,90.38,8.00,29.86
TUL,2026-06-26 10:53,-95.8881,36.1984,206.00,75.00,71.00,87.41,8.00,29.85
TUL,2026-06-26 11:53,-95.8881,36.1984,206.00,75.00,72.00,90.42,8.00,29.86
TUL,2026-06-26 12:53,-95.8881,36.1984,206.00,78.00,72.00,81.86,10.00,29.87
TUL,2026-06-26 13:53,-95.8881,36.1984,206.00,80.00,73.00,79.30,16.00,29.89
TUL,2026-06-26 14:53,-95.8881,36.1984,206.00,82.00,73.00,74.31,13.00,29.90
TUL,2026-06-26 15:53,-95.8881,36.1984,206.00,83.00,73.00,71.94,16.00,29.91
TUL,2026-06-26 16:53,-95.8881,36.1984,206.00,84.00,73.00,69.67,8.00,29.91
TUL,2026-06-26 17:53,-95.8881,36.1984,206.00,88.00,74.00,63.43,9.00,29.89
TUL,2026-06-26 18:53,-95.8881,36.1984,206.00,91.00,75.00,59.70,10.00,29.88
TUL,2026-06-26 19:53,-95.8881,36.1984,206.00,90.00,75.00,61.59,12.00,29.88
TUL,2026-06-26 20:53,-95.8881,36.1984,206.00,89.00,75.00,63.55,9.00,29.87
TUL,2026-06-26 21:53,-95.8881,36.1984,206.00,90.00,76.00,63.67,12.00,29.87
TUL,2026-06-26 22:53,-95.8881,36.1984,206.00,89.00,75.00,63.55,13.00,29.86
TUL,2026-06-26 23:53,-95.8881,36.1984,206.00,86.00,76.00,72.24,11.00,29.84
TUL,2026-06-27 00:53,-95.8881,36.1984,206.00,85.00,75.00,72.14,10.00,29.85
TUL,2026-06-27 01:53,-95.8881,36.1984,206.00,85.00,74.00,69.77,13.00,29.87
TUL,2026-06-27 02:53,-95.8881,36.1984,206.00,84.00,73.00,69.67,10.00,29.88
TUL,2026-06-27 03:53,-95.8881,36.1984,206.00,84.00,73.00,69.67,11.00,29.87
TUL,2026-06-27 04:53,-95.8881,36.1984,206.00,83.00,73.00,71.94,4.00,29.91
TUL,2026-06-27 05:53,-95.8881,36.1984,206.00,74.00,68.00,81.58,11.00,29.94
TUL,2026-06-27 06:53,-95.8881,36.1984,206.00,72.00,68.00,87.26,7.00,29.92
TUL,2026-06-27 07:53,-95.8881,36.1984,206.00,73.00,68.00,84.37,12.00,29.89
TUL,2026-06-27 08:53,-95.8881,36.1984,206.00,74.00,71.00,90.38,13.00,29.88
TUL,2026-06-27 09:53,-95.8881,36.1984,206.00,73.00,70.00,90.34,12.00,29.86
TUL,2026-06-27 10:53,-95.8881,36.1984,206.00,73.00,70.00,90.34,8.00,29.94
TUL,2026-06-27 11:53,-95.8881,36.1984,206.00,73.00,70.00,90.34,0.00,29.90
TUL,2026-06-27 12:53,-95.8881,36.1984,206.00,72.00,70.00,93.44,12.00,29.88
TUL,2026-06-27 13:53,-95.8881,36.1984,206.00,74.00,71.00,90.38,12.00,29.87
TUL,2026-06-27 14:53,-95.8881,36.1984,206.00,80.00,75.00,84.79,14.00,29.86
TUL,2026-06-27 15:53,-95.8881,36.1984,206.00,83.00,75.00,76.93,16.00,29.86
TUL,2026-06-27 16:53,-95.8881,36.1984,206.00,86.00,75.00,69.88,12.00,29.87
TUL,2026-06-27 17:53,-95.8881,36.1984,206.00,88.00,75.00,65.59,13.00,29.87
TUL,2026-06-27 18:53,-95.8881,36.1984,206.00,90.00,76.00,63.67,12.00,29.85
TUL,2026-06-27 19:53,-95.8881,36.1984,206.00,92.00,76.00,59.83,14.00,29.83
TUL,2026-06-27 20:53,-95.8881,36.1984,206.00,92.00,76.00,59.83,15.00,29.81
TUL,2026-06-27 21:53,-95.8881,36.1984,206.00,91.00,76.00,61.72,13.00,29.80
TUL,2026-06-27 22:53,-95.8881,36.1984,206.00,91.00,75.00,59.70,20.00,29.79
TUL,2026-06-27 23:53,-95.8881,36.1984,206.00,90.00,73.00,57.60,20.00,29.79
TUL,2026-06-28 00:53,-95.8881,36.1984,206.00,89.00,74.00,61.46,17.00,29.78
TUL,2026-06-28 01:53,-95.8881,36.1984,206.00,87.00,73.00,63.31,14.00,29.79
TUL,2026-06-28 02:53,-95.8881,36.1984,206.00,85.00,73.00,67.47,12.00,29.79
TUL,2026-06-28 03:53,-95.8881,36.1984,206.00,83.00,73.00,71.94,11.00,29.80
TUL,2026-06-28 04:53,-95.8881,36.1984,206.00,83.00,73.00,71.94,16.00,29.79
TUL,2026-06-28 05:53,-95.8881,36.1984,206.00,83.00,72.00,69.56,16.00,29.79
TUL,2026-06-28 06:53,-95.8881,36.1984,206.00,82.00,72.00,71.84,17.00,29.77
TUL,2026-06-28 07:53,-95.8881,36.1984,206.00,82.00,72.00,71.84,14.00,29.76
TUL,2026-06-28 08:53,-95.8881,36.1984,206.00,82.00,72.00,71.84,15.00,29.77
TUL,2026-06-28 09:53,-95.8881,36.1984,206.00,81.00,72.00,74.21,16.00,29.78
TUL,2026-06-28 10:53,-95.8881,36.1984,206.00,80.00,72.00,76.67,17.00,29.79
TUL,2026-06-28 11:53,-95.8881,36.1984,206.00,80.00,71.00,74.12,21.00,29.79
TUL,2026-06-28 12:53,-95.8881,36.1984,206.00,80.00,72.00,76.67,18.00,29.81
TUL,2026-06-28 13:53,-95.8881,36.1984,206.00,82.00,73.00,74.31,16.00,29.81
TUL,2026-06-28 14:53,-95.8881,36.1984,206.00,84.00,73.00,69.67,13.00,29.82
TUL,2026-06-28 15:53,-95.8881,36.1984,206.00,87.00,73.00,63.31,17.00,29.81
TUL,2026-06-28 16:53,-95.8881,36.1984,206.00,89.00,74.00,61.46,20.00,29.81
TUL,2026-06-28 17:53,-95.8881,36.1984,206.00,91.00,75.00,59.70,16.00,29.80
TUL,2026-06-28 18:53,-95.8881,36.1984,206.00,91.00,75.00,59.70,16.00,29.80
TUL,2026-06-28 19:53,-95.8881,36.1984,206.00,90.00,73.00,57.60,18.00,29.79
TUL,2026-06-28 20:53,-95.8881,36.1984,206.00,92.00,72.00,52.32,21.00,29.77
TUL,2026-06-28 21:53,-95.8881,36.1984,206.00,93.00,73.00,52.47,19.00,29.76
TUL,2026-06-28 22:53,-95.8881,36.1984,206.00,91.00,73.00,55.83,19.00,29.75
TUL,2026-06-28 23:53,-95.8881,36.1984,206.00,90.00,72.00,55.69,19.00,29.75
TUL,2026-06-29 00:53,-95.8881,36.1984,206.00,89.00,73.00,59.44,16.00,29.76
TUL,2026-06-29 01:53,-95.8881,36.1984,206.00,87.00,73.00,63.31,16.00,29.76
TUL,2026-06-29 02:53,-95.8881,36.1984,206.00,86.00,73.00,65.35,14.00,29.78
TUL,2026-06-29 03:53,-95.8881,36.1984,206.00,85.00,73.00,67.47,16.00,29.80
TUL,2026-06-29 04:53,-95.8881,36.1984,206.00,84.00,73.00,69.67,15.00,29.81
TUL,2026-06-29 05:53,-95.8881,36.1984,206.00,83.00,72.00,69.56,15.00,29.81
TUL,2026-06-29 06:53,-95.8881,36.1984,206.00,82.00,72.00,71.84,13.00,29.81
TUL,2026-06-29 07:53,-95.8881,36.1984,206.00,82.00,71.00,69.45,13.00,29.81
TUL,2026-06-29 08:53,-95.8881,36.1984,206.00,81.00,71.00,71.74,16.00,29.81
TUL,2026-06-29 09:53,-95.8881,36.1984,206.00,81.00,71.00,71.74,16.00,29.83
TUL,2026-06-29 10:53,-95.8881,36.1984,206.00,80.00,71.00,74.12,20.00,29.84
TUL,2026-06-29 11:53,-95.8881,36.1984,206.00,80.00,71.00,74.12,14.00,29.86
TUL,2026-06-29 12:53,-95.8881,36.1984,206.00,80.00,72.00,76.67,19.00,29.87
TUL,2026-06-29 13:53,-95.8881,36.1984,206.00,83.00,73.00,71.94,18.00,29.89
TUL,2026-06-29 14:53,-95.8881,36.1984,206.00,85.00,73.00,67.47,21.00,29.89
TUL,2026-06-29 15:53,-95.8881,36.1984,206.00,87.00,74.00,65.47,18.00,29.89
TUL,2026-06-29 16:53,-95.8881,36.1984,206.00,89.00,74.00,61.46,18.00,29.89
TUL,2026-06-29 17:53,-95.8881,36.1984,206.00,91.00,75.00,59.70,22.00,29.89
TUL,2026-06-29 18:53,-95.8881,36.1984,206.00,92.00,74.00,55.97,19.00,29.88
TUL,2026-06-29 19:53,-95.8881,36.1984,206.00,93.00,71.00,49.04,16.00,29.88
TUL,2026-06-29 20:53,-95.8881,36.1984,206.00,93.00,72.00,50.73,20.00,29.86
TUL,2026-06-29 21:53,-95.8881,36.1984,206.00,93.00,72.00,50.73,21.00,29.86
TUL,2026-06-29 22:53,-95.8881,36.1984,206.00,92.00,72.00,52.32,20.00,29.86
TUL,2026-06-29 23:53,-95.8881,36.1984,206.00,91.00,72.00,53.98,20.00,29.86
TUL,2026-06-30 00:53,-95.8881,36.1984,206.00,89.00,72.00,57.47,16.00,29.86
TUL,2026-06-30 01:53,-95.8881,36.1984,206.00,87.00,73.00,63.31,13.00,29.87
TUL,2026-06-30 02:53,-95.8881,36.1984,206.00,86.00,72.00,63.19,10.00,29.89
TUL,2026-06-30 03:53,-95.8881,36.1984,206.00,84.00,73.00,69.67,13.00,29.91
TUL,2026-06-30 04:53,-95.8881,36.1984,206.00,83.00,73.00,71.94,15.00,29.92
TUL,2026-06-30 05:53,-95.8881,36.1984,206.00,83.00,73.00,71.94,17.00,29.93
TUL,2026-06-30 06:53,-95.8881,36.1984,206.00,82.00,72.00,71.84,13.00,29.93
TUL,2026-06-30 07:53,-95.8881,36.1984,206.00,81.00,72.00,74.21,16.00,29.93
TUL,2026-06-30 08:53,-95.8881,36.1984,206.00,81.00,72.00,74.21,13.00,29.93
TUL,2026-06-30 09:53,-95.8881,36.1984,206.00,80.00,72.00,76.67,12.00,29.93
TUL,2026-06-30 10:53,-95.8881,36.1984,206.00,79.00,71.00,76.58,9.00,29.94
TUL,2026-06-30 11:53,-95.8881,36.1984,206.00,79.00,70.00,74.02,11.00,29.95
TUL,2026-06-30 12:53,-95.8881,36.1984,206.00,80.00,70.00,71.64,16.00,29.97
TUL,2026-06-30 13:53,-95.8881,36.1984,206.00,83.00,70.00,65.00,18.00,29.99
TUL,2026-06-30 14:53,-95.8881,36.1984,206.00,85.00,70.00,60.95,15.00,30.00
TUL,2026-06-30 15:53,-95.8881,36.1984,206.00,87.00,69.00,55.27,12.00,29.99
TUL,2026-06-30 16:53,-95.8881,36.1984,206.00,89.00,70.00,53.70,13.00,29.99
TUL,2026-06-30 17:53,-95.8881,36.1984,206.00,91.00,69.00,48.74,13.00,29.99
TUL,2026-06-30 18:53,-95.8881,36.1984,206.00,93.00,68.00,44.27,14.00,29.97
TUL,2026-06-30 19:53,-95.8881,36.1984,206.00,94.00,69.00,44.42,15.00,29.95
TUL,2026-06-30 20:53,-95.8881,36.1984,206.00,94.00,70.00,45.96,16.00,29.95
TUL,2026-06-30 21:53,-95.8881,36.1984,206.00,93.00,69.00,45.81,16.00,29.94
TUL,2026-06-30 22:53,-95.8881,36.1984,206.00,92.00,69.00,47.25,14.00,29.93
TUL,2026-06-30 23:53,-95.8881,36.1984,206.00,91.00,68.00,47.10,18.00,29.93
TUL,2026-07-01 00:53,-95.8881,36.1984,206.00,89.00,70.00,53.70,15.00,29.93
TUL,2026-07-01 01:53,-95.8881,36.1984,206.00,87.00,71.00,59.17,12.00,29.94
TUL,2026-07-01 02:53,-95.8881,36.1984,206.00,85.00,71.00,63.06,11.00,29.96
TUL,2026-07-01 03:53,-95.8881,36.1984,206.00,83.00,72.00,69.56,11.00,29.97
TUL,2026-07-01 04:53,-95.8881,36.1984,206.00,82.00,71.00,69.45,10.00,29.97
TUL,2026-07-01 05:53,-95.8881,36.1984,206.00,81.00,71.00,71.74,12.00,29.97
TUL,2026-07-01 06:53,-95.8881,36.1984,206.00,80.00,71.00,74.12,12.00,29.98
TUL,2026-07-01 07:53,-95.8881,36.1984,206.00,79.00,71.00,76.58,10.00,29.97
TUL,2026-07-01 08:53,-95.8881,36.1984,206.00,79.00,71.00,76.58,10.00,29.96
TUL,2026-07-01 09:53,-95.8881,36.1984,206.00,79.00,71.00,76.58,8.00,29.97
TUL,2026-07-01 10:53,-95.8881,36.1984,206.00,78.00,71.00,79.14,10.00,29.97
TUL,2026-07-01 11:53,-95.8881,36.1984,206.00,78.00,71.00,79.14,10.00,29.98
TUL,2026-07-01 12:53,-95.8881,36.1984,206.00,80.00,72.00,76.67,10.00,29.99
TUL,2026-07-01 13:53,-95.8881,36.1984,206.00,83.00,73.00,71.94,10.00,29.99
TUL,2026-07-01 14:53,-95.8881,36.1984,206.00,86.00,73.00,65.35,15.00,29.99
TUL,2026-07-01 15:53,-95.8881,36.1984,206.00,88.00,72.00,59.30,16.00,30.00
TUL,2026-07-01 16:53,-95.8881,36.1984,206.00,90.00,71.00,53.84,16.00,29.99
TUL,2026-07-01 17:53,-95.8881,36.1984,206.00,91.00,71.00,52.18,17.00,30.00
TUL,2026-07-01 18:53,-95.8881,36.1984,206.00,91.00,73.00,55.83,14.00,29.99
TUL,2026-07-01 19:53,-95.8881,36.1984,206.00,91.00,70.00,50.44,14.00,29.98
TUL,2026-07-01 20:53,-95.8881,36.1984,206.00,92.00,71.00,50.58,14.00,29.97
TUL,2026-07-01 21:53,-95.8881,36.1984,206.00,92.00,72.00,52.32,14.00,29.96
TUL,2026-07-01 22:53,-95.8881,36.1984,206.00,91.00,71.00,52.18,14.00,29.95
TUL,2026-07-01 23:53,-95.8881,36.1984,206.00,90.00,72.00,55.69,14.00,29.93
TUL,2026-07-02 00:53,-95.8881,36.1984,206.00,89.00,71.00,55.55,12.00,29.93
TUL,2026-07-02 01:53,-95.8881,36.1984,206.00,87.00,71.00,59.17,10.00,29.93
TUL,2026-07-02 02:53,-95.8881,36.1984,206.00,86.00,71.00,61.08,12.00,29.96
TUL,2026-07-02 03:53,-95.8881,36.1984,206.00,84.00,71.00,65.11,9.00,29.98
TUL,2026-07-02 04:53,-95.8881,36.1984,206.00,83.00,70.00,65.00,9.00,29.98
TUL,2026-07-02 05:53,-95.8881,36.1984,206.00,83.00,70.00,65.00,9.00,29.98
TUL,2026-07-02 06:53,-95.8881,36.1984,206.00,82.00,71.00,69.45,11.00,29.99
TUL,2026-07-02 07:53,-95.8881,36.1984,206.00,81.00,71.00,71.74,10.00,30.00
TUL,2026-07-02 08:53,-95.8881,36.1984,206.00,80.00,71.00,74.12,8.00,29.98
TUL,2026-07-02 09:53,-95.8881,36.1984,206.00,80.00,71.00,74.12,8.00,29.98
TUL,2026-07-02 10:53,-95.8881,36.1984,206.00,79.00,71.00,76.58,9.00,29.97
TUL,2026-07-02 11:53,-95.8881,36.1984,206.00,80.00,71.00,74.12,10.00,29.99
TUL,2026-07-02 12:53,-95.8881,36.1984,206.00,81.00,72.00,74.21,8.00,30.02
TUL,2026-07-02 13:53,-95.8881,36.1984,206.00,84.00,72.00,67.36,9.00,30.05
TUL,2026-07-02 14:53,-95.8881,36.1984,206.00,85.00,73.00,67.47,12.00,30.06
TUL,2026-07-02 15:53,-95.8881,36.1984,206.00,88.00,74.00,63.43,12.00,30.06
TUL,2026-07-02 16:53,-95.8881,36.1984,206.00,89.00,74.00,61.46,12.00,30.06
TUL,2026-07-02 17:53,-95.8881,36.1984,206.00,92.00,74.00,55.97,14.00,30.05
TUL,2026-07-02 18:53,-95.8881,36.1984,206.00,93.00,73.00,52.47,11.00,30.03
TUL,2026-07-02 19:53,-95.8881,36.1984,206.00,94.00,73.00,50.87,13.00,30.01
TUL,2026-07-02 20:53,-95.8881,36.1984,206.00,94.00,73.00,50.87,9.00,30.00
TUL,2026-07-02 21:53,-95.8881,36.1984,206.00,94.00,71.00,47.55,12.00,29.99
TUL,2026-07-02 22:53,-95.8881,36.1984,206.00,93.00,70.00,47.40,10.00,29.98
TUL,2026-07-02 23:53,-95.8881,36.1984,206.00,91.00,71.00,52.18,9.00,29.97
TUL,2026-07-03 00:53,-95.8881,36.1984,206.00,88.00,74.00,63.43,10.00,29.97
TUL,2026-07-03 01:53,-95.8881,36.1984,206.00,87.00,74.00,65.47,6.00,29.97
TUL,2026-07-03 02:53,-95.8881,36.1984,206.00,86.00,71.00,61.08,12.00,29.99
TUL,2026-07-03 03:53,-95.8881,36.1984,206.00,84.00,71.00,65.11,7.00,30.02
TUL,2026-07-03 04:53,-95.8881,36.1984,206.00,83.00,72.00,69.56,8.00,30.03
TUL,2026-07-03 05:53,-95.8881,36.1984,206.00,82.00,73.00,74.31,8.00,30.03
TUL,2026-07-03 06:53,-95.8881,36.1984,206.00,81.00,74.00,79.38,7.00,30.02
TUL,2026-07-03 07:53,-95.8881,36.1984,206.00,80.00,74.00,82.00,7.00,30.01
TUL,2026-07-03 08:53,-95.8881,36.1984,206.00,79.00,74.00,84.73,6.00,30.01
TUL,2026-07-03 09:53,-95.8881,36.1984,206.00,79.00,74.00,84.73,7.00,30.01
TUL,2026-07-03 10:53,-95.8881,36.1984,206.00,79.00,74.00,84.73,9.00,30.01
TUL,2026-07-03 11:53,-95.8881,36.1984,206.00,79.00,74.00,84.73,8.00,30.03
TUL,2026-07-03 12:53,-95.8881,36.1984,206.00,80.00,73.00,79.30,9.00,30.05
TUL,2026-07-03 13:53,-95.8881,36.1984,206.00,83.00,73.00,71.94,11.00,30.06
TUL,2026-07-03 14:53,-95.8881,36.1984,206.00,85.00,74.00,69.77,6.00,30.07
TUL,2026-07-03 15:53,-95.8881,36.1984,206.00,87.00,73.00,63.31,6.00,30.07
TUL,2026-07-03 16:53,-95.8881,36.1984,206.00,90.00,74.00,59.57,12.00,30.07
TUL,2026-07-03 17:53,-95.8881,36.1984,206.00,91.00,74.00,57.73,10.00,30.06
TUL,2026-07-03 18:53,-95.8881,36.1984,206.00,93.00,74.00,54.26,8.00,30.03
TUL,2026-07-03 19:53,-95.8881,36.1984,206.00,93.00,71.00,49.04,10.00,30.00
TUL,2026-07-03 20:53,-95.8881,36.1984,206.00,94.00,73.00,50.87,11.00,29.98
TUL,2026-07-03 21:53,-95.8881,36.1984,206.00,93.00,71.00,49.04,10.00,29.98
TUL,2026-07-03 22:53,-95.8881,36.1984,206.00,92.00,72.00,52.32,10.00,29.96
TUL,2026-07-03 23:53,-95.8881,36.1984,206.00,92.00,73.00,54.12,9.00,29.95
TUL,2026-07-04 00:53,-95.8881,36.1984,206.00,89.00,74.00,61.46,13.00,29.95
TUL,2026-07-04 01:53,-95.8881,36.1984,206.00,88.00,73.00,61.34,10.00,29.95
TUL,2026-07-04 02:53,-95.8881,36.1984,206.00,86.00,74.00,67.58,10.00,29.97
TUL,2026-07-04 03:53,-95.8881,36.1984,206.00,85.00,74.00,69.77,8.00,29.99
TUL,2026-07-04 04:53,-95.8881,36.1984,206.00,84.00,75.00,74.49,6.00,30.00
TUL,2026-07-04 05:53,-95.8881,36.1984,206.00,83.00,74.00,74.40,8.00,30.00
TUL,2026-07-04 06:53,-95.8881,36.1984,206.00,82.00,74.00,76.84,10.00,29.99
TUL,2026-07-04 07:53,-95.8881,36.1984,206.00,81.00,74.00,79.38,6.00,30.02
TUL,2026-07-04 08:53,-95.8881,36.1984,206.00,80.00,73.00,79.30,9.00,29.99
TUL,2026-07-04 09:53,-95.8881,36.1984,206.00,80.00,72.00,76.67,11.00,29.96
TUL,2026-07-04 10:53,-95.8881,36.1984,206.00,79.00,72.00,79.22,9.00,29.98
TUL,2026-07-04 11:53,-95.8881,36.1984,206.00,79.00,72.00,79.22,7.00,30.00
TUL,2026-07-04 12:53,-95.8881,36.1984,206.00,80.00,72.00,76.67,9.00,30.02
TUL,2026-07-04 13:53,-95.8881,36.1984,206.00,83.00,73.00,71.94,7.00,30.04
TUL,2026-07-04 14:53,-95.8881,36.1984,206.00,86.00,74.00,67.58,8.00,30.03
TUL,2026-07-04 15:53,-95.8881,36.1984,206.00,90.00,74.00,59.57,8.00,30.01
TUL,2026-07-04 16:53,-95.8881,36.1984,206.00,92.00,74.00,55.97,4.00,30.02
TUL,2026-07-04 17:53,-95.8881,36.1984,206.00,93.00,73.00,52.47,0.00,30.00
TUL,2026-07-04 18:53,-95.8881,36.1984,206.00,95.00,77.00,56.38,10.00,29.94
TUL,2026-07-04 19:53,-95.8881,36.1984,206.00,95.00,75.00,52.75,8.00,29.93
TUL,2026-07-04 20:53,-95.8881,36.1984,206.00,95.00,74.00,51.02,4.00,29.93
TUL,2026-07-04 21:53,-95.8881,36.1984,206.00,94.00,75.00,54.40,8.00,29.90
TUL,2026-07-04 22:53,-95.8881,36.1984,206.00,96.00,74.00,49.48,16.00,29.85
TUL,2026-07-04 23:53,-95.8881,36.1984,206.00,93.00,73.00,52.47,15.00,29.85
TUL,2026-07-05 00:53,-95.8881,36.1984,206.00,80.00,64.00,58.24,26.00,29.97
TUL,2026-07-05 01:53,-95.8881,36.1984,206.00,70.00,70.00,100.00,10.00,30.07
TUL,2026-07-05 02:53,-95.8881,36.1984,206.00,72.00,68.00,87.26,9.00,30.02
TUL,2026-07-05 03:53,-95.8881,36.1984,206.00,72.00,65.00,78.66,18.00,29.95
TUL,2026-07-05 04:53,-95.8881,36.1984,206.00,72.00,64.00,75.96,12.00,29.96
TUL,2026-07-05 05:53,-95.8881,36.1984,206.00,74.00,64.00,71.02,3.00,30.02
TUL,2026-07-05 06:53,-95.8881,36.1984,206.00,72.00,66.00,81.44,5.00,30.03
TUL,2026-07-05 07:53,-95.8881,36.1984,206.00,71.00,66.00,84.24,4.00,29.98
TUL,2026-07-05 08:53,-95.8881,36.1984,206.00,69.00,67.00,93.36,5.00,29.98
TUL,2026-07-05 09:53,-95.8881,36.1984,206.00,68.00,66.00,93.33,5.00,29.97
TUL,2026-07-05 10:53,-95.8881,36.1984,206.00,70.00,67.00,90.22,5.00,29.98
TUL,2026-07-05 11:53,-95.8881,36.1984,206.00,70.00,68.00,93.38,4.00,30.00
TUL,2026-07-05 12:53,-95.8881,36.1984,206.00,71.00,68.00,90.26,0.00,30.03
TUL,2026-07-05 13:53,-95.8881,36.1984,206.00,74.00,67.00,78.82,0.00,30.05
TUL,2026-07-05 14:53,-95.8881,36.1984,206.00,77.00,67.00,71.33,0.00,30.05
TUL,2026-07-05 15:53,-95.8881,36.1984,206.00,81.00,67.00,62.56,0.00,30.04
TUL,2026-07-05 16:53,-95.8881,36.1984,206.00,82.00,69.00,64.88,4.00,30.04
TUL,2026-07-05 17:53,-95.8881,36.1984,206.00,85.00,68.00,56.92,5.00,30.02
TUL,2026-07-05 18:53,-95.8881,36.1984,206.00,87.00,68.00,53.41,5.00,30.01
TUL,2026-07-05 19:53,-95.8881,36.1984,206.00,87.00,70.00,57.19,6.00,29.99
TUL,2026-07-05 20:53,-95.8881,36.1984,206.00,88.00,71.00,57.33,6.00,29.99
TUL,2026-07-05 21:53,-95.8881,36.1984,206.00,87.00,71.00,59.17,4.00,29.97
TUL,2026-07-05 22:53,-95.8881,36.1984,206.00,87.00,71.00,59.17,5.00,29.94
TUL,2026-07-05 23:53,-95.8881,36.1984,206.00,86.00,71.00,61.08,5.00,29.93
TUL,2026-07-06 00:53,-95.8881,36.1984,206.00,85.00,72.00,65.23,3.00,29.93
TUL,2026-07-06 01:53,-95.8881,36.1984,206.00,83.00,71.00,67.24,3.00,29.94
TUL,2026-07-06 02:53,-95.8881,36.1984,206.00,79.00,72.00,79.22,3.00,29.96
TUL,2026-07-06 03:53,-95.8881,36.1984,206.00,82.00,72.00,71.84,3.00,29.99
TUL,2026-07-06 04:53,-95.8881,36.1984,206.00,78.00,73.00,84.67,0.00,30.00
TUL,2026-07-06 05:53,-95.8881,36.1984,206.00,77.00,73.00,87.51,0.00,30.00
TUL,2026-07-06 06:53,-95.8881,36.1984,206.00,76.00,73.00,90.46,3.00,30.00
TUL,2026-07-06 07:53,-95.8881,36.1984,206.00,75.00,72.00,90.42,0.00,29.99
TUL,2026-07-06 08:53,-95.8881,36.1984,206.00,74.00,72.00,93.49,3.00,29.98
TUL,2026-07-06 09:53,-95.8881,36.1984,206.00,75.00,73.00,93.52,0.00,29.98
TUL,2026-07-06 10:53,-95.8881,36.1984,206.00,75.00,72.00,90.42,3.00,29.99
TUL,2026-07-06 11:53,-95.8881,36.1984,206.00,76.00,73.00,90.46,0.00,30.02
TUL,2026-07-06 12:53,-95.8881,36.1984,206.00,80.00,74.00,82.00,0.00,30.03
TUL,2026-07-06 13:53,-95.8881,36.1984,206.00,81.00,73.00,76.76,0.00,30.04
TUL,2026-07-06 14:53,-95.8881,36.1984,206.00,85.00,73.00,67.47,4.00,30.03
TUL,2026-07-06 15:53,-95.8881,36.1984,206.00,88.00,73.00,61.34,5.00,30.02
TUL,2026-07-06 16:53,-95.8881,36.1984,206.00,88.00,72.00,59.30,4.00,30.03
TUL,2026-07-06 17:53,-95.8881,36.1984,206.00,89.00,70.00,53.70,0.00,30.02
TUL,2026-07-06 18:53,-95.8881,36.1984,206.00,91.00,71.00,52.18,6.00,30.01
TUL,2026-07-06 19:53,-95.8881,36.1984,206.00,94.00,68.00,42.92,0.00,30.00
TUL,2026-07-06 20:53,-95.8881,36.1984,206.00,93.00,70.00,47.40,6.00,29.99
TUL,2026-07-06 21:53,-95.8881,36.1984,206.00,91.00,69.00,48.74,0.00,29.97
TUL,2026-07-06 22:53,-95.8881,36.1984,206.00,91.00,68.00,47.10,0.00,29.96
TUL,2026-07-06 23:53,-95.8881,36.1984,206.00,92.00,69.00,47.25,4.00,29.96
TUL,2026-07-07 00:53,-95.8881,36.1984,206.00,90.00,69.00,50.29,7.00,29.97
TUL,2026-07-07 01:53,-95.8881,36.1984,206.00,84.00,71.00,65.11,4.00,29.98
TUL,2026-07-07 02:53,-95.8881,36.1984,206.00,83.00,70.00,65.00,4.00,30.00
TUL,2026-07-07 03:53,-95.8881,36.1984,206.00,83.00,71.00,67.24,0.00,30.02
TUL,2026-07-07 04:53,-95.8881,36.1984,206.00,78.00,70.00,76.49,3.00,30.02
TUL,2026-07-07 05:53,-95.8881,36.1984,206.00,78.00,71.00,79.14,0.00,30.02
TUL,2026-07-07 06:53,-95.8881,36.1984,206.00,75.00,72.00,90.42,0.00,30.03
TUL,2026-07-07 07:53,-95.8881,36.1984,206.00,77.00,71.00,81.79,3.00,30.03
TUL,2026-07-07 08:53,-95.8881,36.1984,206.00,75.00,70.00,84.49,0.00,30.03
TUL,2026-07-07 09:53,-95.8881,36.1984,206.00,73.00,70.00,90.34,4.00,30.04
TUL,2026-07-07 10:53,-95.8881,36.1984,206.00,72.00,69.00,90.30,0.00,30.06
TUL,2026-07-07 11:53,-95.8881,36.1984,206.00,74.00,70.00,87.36,0.00,30.07
TUL,2026-07-07 12:53,-95.8881,36.1984,206.00,77.00,71.00,81.79,3.00,30.09
TUL,2026-07-07 13:53,-95.8881,36.1984,206.00,81.00,72.00,74.21,4.00,30.10
TUL,2026-07-07 14:53,-95.8881,36.1984,206.00,84.00,72.00,67.36,0.00,30.11
TUL,2026-07-07 15:53,-95.8881,36.1984,206.00,87.00,71.00,59.17,4.00,30.10
TUL,2026-07-07 16:53,-95.8881,36.1984,206.00,89.00,72.00,57.47,6.00,30.09
TUL,2026-07-07 17:53,-95.8881,36.1984,206.00,89.00,71.00,55.55,0.00,30.08
TUL,2026-07-07 18:53,-95.8881,36.1984,206.00,90.00,69.00,50.29,0.00,30.07
TUL,2026-07-07 19:53,-95.8881,36.1984,206.00,91.00,70.00,50.44,7.00,30.06
TUL,2026-07-07 20:53,-95.8881,36.1984,206.00,92.00,70.00,48.89,5.00,30.05
TUL,2026-07-07 21:53,-95.8881,36.1984,206.00,92.00,68.00,45.66,0.00,30.03
TUL,2026-07-07 22:53,-95.8881,36.1984,206.00,92.00,67.00,44.11,4.00,30.02
TUL,2026-07-07 23:53,-95.8881,36.1984,206.00,90.00,67.00,46.95,7.00,30.02
TUL,2026-07-08 00:53,-95.8881,36.1984,206.00,87.00,67.00,51.60,6.00,30.02
TUL,2026-07-08 01:53,-95.8881,36.1984,206.00,83.00,68.00,60.70,4.00,30.02
TUL,2026-07-08 02:53,-95.8881,36.1984,206.00,82.00,68.00,62.69,4.00,30.03
TUL,2026-07-08 03:53,-95.8881,36.1984,206.00,80.00,69.00,69.23,5.00,30.04
TUL,2026-07-08 04:53,-95.8881,36.1984,206.00,79.00,68.00,69.12,4.00,30.05
TUL,2026-07-08 05:53,-95.8881,36.1984,206.00,77.00,68.00,73.83,0.00,30.06
TUL,2026-07-08 06:53,-95.8881,36.1984,206.00,76.00,68.00,76.32,0.00,30.05
TUL,2026-07-08 07:53,-95.8881,36.1984,206.00,74.00,72.00,93.49,3.00,30.04
TUL,2026-07-08 08:53,-95.8881,36.1984,206.00,74.00,68.00,81.58,0.00,30.03
TUL,2026-07-08 09:53,-95.8881,36.1984,206.00,73.00,69.00,87.31,0.00,30.03
TUL,2026-07-08 10:53,-95.8881,36.1984,206.00,72.00,69.00,90.30,0.00,30.04
TUL,2026-07-08 11:53,-95.8881,36.1984,206.00,73.00,70.00,90.34,0.00,30.05
TUL,2026-07-08 12:53,-95.8881,36.1984,206.00,76.00,72.00,87.46,6.00,30.05
TUL,2026-07-08 13:53,-95.8881,36.1984,206.00,81.00,72.00,74.21,5.00,30.06
TUL,2026-07-08 14:53,-95.8881,36.1984,206.00,84.00,73.00,69.67,5.00,30.05
TUL,2026-07-08 15:53,-95.8881,36.1984,206.00,88.00,73.00,61.34,9.00,30.03
TUL,2026-07-08 16:53,-95.8881,36.1984,206.00,90.00,73.00,57.60,6.00,30.02
TUL,2026-07-08 17:53,-95.8881,36.1984,206.00,92.00,75.00,57.87,7.00,30.01
TUL,2026-07-08 18:53,-95.8881,36.1984,206.00,93.00,76.00,58.00,5.00,30.00
TUL,2026-07-08 19:53,-95.8881,36.1984,206.00,95.00,76.00,54.54,7.00,29.98
TUL,2026-07-08 20:53,-95.8881,36.1984,206.00,96.00,75.00,51.16,7.00,29.96
TUL,2026-07-08 21:53,-95.8881,36.1984,206.00,96.00,73.00,47.85,6.00,29.93
TUL,2026-07-08 22:53,-95.8881,36.1984,206.00,96.00,73.00,47.85,8.00,29.92
TUL,2026-07-08 23:53,-95.8881,36.1984,206.00,95.00,73.00,49.34,10.00,29.91
TUL,2026-07-09 00:53,-95.8881,36.1984,206.00,93.00,75.00,56.10,8.00,29.90
TUL,2026-07-09 01:53,-95.8881,36.1984,206.00,91.00,76.00,61.72,11.00,29.89
TUL,2026-07-09 02:53,-95.8881,36.1984,206.00,89.00,76.00,65.70,11.00,29.90
TUL,2026-07-09 03:53,-95.8881,36.1984,206.00,88.00,75.00,65.59,13.00,29.90
TUL,2026-07-09 04:53,-95.8881,36.1984,206.00,86.00,75.00,69.88,13.00,29.91
TUL,2026-07-09 05:53,-95.8881,36.1984,206.00,85.00,74.00,69.77,12.00,29.91
TUL,2026-07-09 06:53,-95.8881,36.1984,206.00,84.00,73.00,69.67,12.00,29.89
TUL,2026-07-09 07:53,-95.8881,36.1984,206.00,85.00,71.00,63.06,10.00,29.88
TUL,2026-07-09 08:53,-95.8881,36.1984,206.00,84.00,71.00,65.11,13.00,29.89
TUL,2026-07-09 09:53,-95.8881,36.1984,206.00,84.00,71.00,65.11,7.00,29.92
TUL,2026-07-09 10:53,-95.8881,36.1984,206.00,82.00,71.00,69.45,9.00,29.91
TUL,2026-07-09 11:53,-95.8881,36.1984,206.00,80.00,72.00,76.67,7.00,29.93
TUL,2026-07-09 12:53,-95.8881,36.1984,206.00,81.00,71.00,71.74,8.00,29.93
TUL,2026-07-09 13:53,-95.8881,36.1984,206.00,83.00,71.00,67.24,10.00,29.92
TUL,2026-07-09 14:53,-95.8881,36.1984,206.00,84.00,71.00,65.11,11.00,29.92
TUL,2026-07-09 15:53,-95.8881,36.1984,206.00,88.00,73.00,61.34,10.00,29.90
TUL,2026-07-09 16:53,-95.8881,36.1984,206.00,89.00,69.00,51.89,16.00,29.90
TUL,2026-07-09 17:53,-95.8881,36.1984,206.00,93.00,71.00,49.04,14.00,29.88
TUL,2026-07-09 18:53,-95.8881,36.1984,206.00,95.00,69.00,43.07,12.00,29.86
TUL,2026-07-09 19:53,-95.8881,36.1984,206.00,96.00,70.00,43.23,15.00,29.86
TUL,2026-07-09 20:53,-95.8881,36.1984,206.00,95.00,70.00,44.57,10.00,29.85
TUL,2026-07-09 21:53,-95.8881,36.1984,206.00,95.00,70.00,44.57,8.00,29.84
TUL,2026-07-09 22:53,-95.8881,36.1984,206.00,95.00,71.00,46.11,6.00,29.84
TUL,2026-07-09 23:53,-95.8881,36.1984,206.00,96.00,70.00,43.23,9.00,29.83
TUL,2026-07-10 00:53,-95.8881,36.1984,206.00,92.00,72.00,52.32,14.00,29.83
TUL,2026-07-10 01:53,-95.8881,36.1984,206.00,90.00,73.00,57.60,13.00,29.83
TUL,2026-07-10 02:53,-95.8881,36.1984,206.00,89.00,71.00,55.55,12.00,29.83
TUL,2026-07-10 03:53,-95.8881,36.1984,206.00,88.00,71.00,57.33,12.00,29.84
TUL,2026-07-10 04:53,-95.8881,36.1984,206.00,88.00,70.00,55.41,13.00,29.85
TUL,2026-07-10 05:53,-95.8881,36.1984,206.00,86.00,68.00,55.13,13.00,29.85
TUL,2026-07-10 06:53,-95.8881,36.1984,206.00,84.00,68.00,58.77,8.00,29.86
TUL,2026-07-10 07:53,-95.8881,36.1984,206.00,84.00,67.00,56.78,11.00,29.86
TUL,2026-07-10 08:53,-95.8881,36.1984,206.00,82.00,67.00,60.57,11.00,29.86
TUL,2026-07-10 09:53,-95.8881,36.1984,206.00,81.00,67.00,62.56,6.00,29.88
TUL,2026-07-10 10:53,-95.8881,36.1984,206.00,78.00,67.00,69.01,5.00,29.92
TUL,2026-07-10 11:53,-95.8881,36.1984,206.00,79.00,67.00,66.78,8.00,29.90
TUL,2026-07-10 12:53,-95.8881,36.1984,206.00,82.00,68.00,62.69,9.00,29.91
TUL,2026-07-10 13:53,-95.8881,36.1984,206.00,85.00,68.00,56.92,10.00,29.91
TUL,2026-07-10 14:53,-95.8881,36.1984,206.00,87.00,68.00,53.41,11.00,29.91
TUL,2026-07-10 15:53,-95.8881,36.1984,206.00,89.00,68.00,50.14,13.00,29.91
TUL,2026-07-10 16:53,-95.8881,36.1984,206.00,91.00,70.00,50.44,12.00,29.90
TUL,2026-07-10 17:53,-95.8881,36.1984,206.00,93.00,71.00,49.04,13.00,29.91
TUL,2026-07-10 18:53,-95.8881,36.1984,206.00,95.00,71.00,46.11,10.00,29.90
TUL,2026-07-10 19:53,-95.8881,36.1984,206.00,97.00,70.00,41.93,13.00,29.90
TUL,2026-07-10 20:53,-95.8881,36.1984,206.00,97.00,69.00,40.52,10.00,29.90
TUL,2026-07-10 21:53,-95.8881,36.1984,206.00,96.00,67.00,39.00,14.00,29.90
TUL,2026-07-10 22:53,-95.8881,36.1984,206.00,96.00,68.00,40.37,12.00,29.90
TUL,2026-07-10 23:53,-95.8881,36.1984,206.00,94.00,67.00,41.47,10.00,29.89
TUL,2026-07-11 00:53,-95.8881,36.1984,206.00,92.00,70.00,48.89,12.00,29.89
TUL,2026-07-11 01:53,-95.8881,36.1984,206.00,90.00,70.00,52.04,12.00,29.90
TUL,2026-07-11 02:53,-95.8881,36.1984,206.00,88.00,69.00,53.55,11.00,29.91
TUL,2026-07-11 03:53,-95.8881,36.1984,206.00,86.00,69.00,57.06,10.00,29.91
TUL,2026-07-11 04:53,-95.8881,36.1984,206.00,86.00,69.00,57.06,11.00,29.90
TUL,2026-07-11 05:53,-95.8881,36.1984,206.00,85.00,68.00,56.92,9.00,29.93
TUL,2026-07-11 06:53,-95.8881,36.1984,206.00,83.00,69.00,62.81,4.00,29.95
TUL,2026-07-11 07:53,-95.8881,36.1984,206.00,83.00,69.00,62.81,10.00,29.94
TUL,2026-07-11 08:53,-95.8881,36.1984,206.00,82.00,69.00,64.88,5.00,29.97
TUL,2026-07-11 09:53,-95.8881,36.1984,206.00,80.00,70.00,71.64,0.00,29.98
TUL,2026-07-11 10:53,-95.8881,36.1984,206.00,78.00,71.00,79.14,4.00,30.00
TUL,2026-07-11 11:53,-95.8881,36.1984,206.00,81.00,70.00,69.34,6.00,30.00
TUL,2026-07-11 12:53,-95.8881,36.1984,206.00,83.00,71.00,67.24,5.00,30.00
TUL,2026-07-11 13:53,-95.8881,36.1984,206.00,85.00,70.00,60.95,9.00,30.01
TUL,2026-07-11 14:53,-95.8881,36.1984,206.00,87.00,72.00,61.21,9.00,30.01
TUL,2026-07-11 15:53,-95.8881,36.1984,206.00,89.00,72.00,57.47,5.00,30.02
TUL,2026-07-11 16:53,-95.8881,36.1984,206.00,91.00,74.00,57.73,8.00,30.03
TUL,2026-07-11 17:53,-95.8881,36.1984,206.00,93.00,74.00,54.26,5.00,30.02
TUL,2026-07-11 18:53,-95.8881,36.1984,206.00,95.00,74.00,51.02,3.00,30.01
TUL,2026-07-11 19:53,-95.8881,36.1984,206.00,96.00,74.00,49.48,3.00,29.98
TUL,2026-07-11 20:53,-95.8881,36.1984,206.00,93.00,73.00,52.47,5.00,29.97
TUL,2026-07-11 21:53,-95.8881,36.1984,206.00,95.00,73.00,49.34,5.00,29.95
TUL,2026-07-11 22:53,-95.8881,36.1984,206.00,95.00,75.00,52.75,6.00,29.95
TUL,2026-07-11 23:53,-95.8881,36.1984,206.00,88.00,71.00,57.33,14.00,29.95
TUL,2026-07-12 00:53,-95.8881,36.1984,206.00,83.00,67.00,58.64,10.00,29.97
TUL,2026-07-12 01:53,-95.8881,36.1984,206.00,78.00,70.00,76.49,12.00,29.98
TUL,2026-07-12 02:53,-95.8881,36.1984,206.00,73.00,69.00,87.31,15.00,30.10
TUL,2026-07-12 03:53,-95.8881,36.1984,206.00,71.60,69.80,94.07,9.00,30.07
TUL,2026-07-12 04:53,-95.8881,36.1984,206.00,73.00,70.00,90.34,8.00,30.07
TUL,2026-07-12 05:53,-95.8881,36.1984,206.00,73.00,70.00,90.34,3.00,30.09
TUL,2026-07-12 06:53,-95.8881,36.1984,206.00,72.00,71.00,96.67,4.00,30.09
TUL,2026-07-12 07:53,-95.8881,36.1984,206.00,73.40,71.60,90.34,5.00,30.07
TUL,2026-07-12 08:53,-95.8881,36.1984,206.00,72.00,71.20,93.44,5.00,30.06
TUL,2026-07-12 09:53,-95.8881,36.1984,206.00,72.00,71.00,96.67,3.00,30.09
TUL,2026-07-12 10:53,-95.8881,36.1984,206.00,72.00,70.00,93.44,5.00,30.11
TUL,2026-07-12 11:53,-95.8881,36.1984,206.00,73.00,70.00,90.34,3.00,30.12
TUL,2026-07-12 12:53,-95.8881,36.1984,206.00,74.00,70.00,87.36,0.00,30.15
TUL,2026-07-12 13:53,-95.8881,36.1984,206.00,76.00,71.00,84.55,3.00,30.15
TUL,2026-07-12 14:53,-95.8881,36.1984,206.00,79.00,71.00,76.58,4.00,30.15
TUL,2026-07-12 15:53,-95.8881,36.1984,206.00,80.00,69.00,69.23,0.00,30.14
TUL,2026-07-12 16:53,-95.8881,36.1984,206.00,82.00,71.00,69.45,5.00,30.16
TUL,2026-07-12 17:53,-95.8881,36.1984,206.00,84.00,70.00,62.94,3.00,30.15
TUL,2026-07-12 18:53,-95.8881,36.1984,206.00,86.00,71.00,61.08,0.00,30.14
TUL,2026-07-12 19:53,-95.8881,36.1984,206.00,89.00,70.00,53.70,4.00,30.11
TUL,2026-07-12 20:53,-95.8881,36.1984,206.00,88.00,71.00,57.33,0.00,30.10
TUL,2026-07-12 21:53,-95.8881,36.1984,206.00,88.00,71.00,57.33,4.00,30.09
TUL,2026-07-12 22:53,-95.8881,36.1984,206.00,86.00,72.00,63.19,4.00,30.08
TUL,2026-07-12 23:53,-95.8881,36.1984,206.00,88.00,72.00,59.30,3.00,30.07
TUL,2026-07-13 00:53,-95.8881,36.1984,206.00,86.00,71.00,61.08,5.00,30.08
TUL,2026-07-13 01:53,-95.8881,36.1984,206.00,82.00,73.00,74.31,6.00,30.08
TUL,2026-07-13 02:53,-95.8881,36.1984,206.00,81.00,73.00,76.76,3.00,30.10
TUL,2026-07-13 03:53,-95.8881,36.1984,206.00,80.00,73.00,79.30,0.00,30.12
TUL,2026-07-13 04:53,-95.8881,36.1984,206.00,81.00,73.00,76.76,0.00,30.13
TUL,2026-07-13 05:53,-95.8881,36.1984,206.00,76.00,74.00,93.55,4.00,30.13
TUL,2026-07-13 06:53,-95.8881,36.1984,206.00,77.00,74.00,90.50,0.00,30.14
TUL,2026-07-13 07:53,-95.8881,36.1984,206.00,77.00,74.00,90.50,0.00,30.14
TUL,2026-07-13 08:53,-95.8881,36.1984,206.00,75.00,73.00,93.52,4.00,30.14
TUL,2026-07-13 09:53,-95.8881,36.1984,206.00,73.00,73.00,100.00,4.00,30.14
TUL,2026-07-13 10:53,-95.8881,36.1984,206.00,74.00,72.00,93.49,0.00,30.14
TUL,2026-07-13 11:53,-95.8881,36.1984,206.00,73.00,72.00,96.69,3.00,30.15
TUL,2026-07-13 12:53,-95.8881,36.1984,206.00,76.00,73.00,90.46,3.00,30.16
TUL,2026-07-13 13:53,-95.8881,36.1984,206.00,81.00,74.00,79.38,0.00,30.17
TUL,2026-07-13 14:53,-95.8881,36.1984,206.00,84.00,75.00,74.49,6.00,30.17
TUL,2026-07-13 16:53,-95.8881,36.1984,206.00,88.00,70.00,55.41,7.00,30.16
TUL,2026-07-13 17:53,-95.8881,36.1984,206.00,89.00,71.00,55.55,7.00,30.15
TUL,2026-07-13 18:53,-95.8881,36.1984,206.00,89.00,69.00,51.89,6.00,30.13
TUL,2026-07-13 19:53,-95.8881,36.1984,206.00,91.00,69.00,48.74,8.00,30.11
TUL,2026-07-13 20:53,-95.8881,36.1984,206.00,91.00,68.00,47.10,8.00,30.09
TUL,2026-07-13 21:53,-95.8881,36.1984,206.00,90.00,70.00,52.04,7.00,30.08
TUL,2026-07-13 22:53,-95.8881,36.1984,206.00,91.00,69.00,48.74,7.00,30.07
TUL,2026-07-13 23:53,-95.8881,36.1984,206.00,89.00,68.00,50.14,7.00,30.08
TUL,2026-07-14 00:53,-95.8881,36.1984,206.00,86.00,69.00,57.06,6.00,30.09
TUL,2026-07-14 01:53,-95.8881,36.1984,206.00,82.00,69.00,64.88,4.00,30.09
TUL,2026-07-14 02:53,-95.8881,36.1984,206.00,82.00,70.00,67.13,3.00,30.11
TUL,2026-07-14 03:53,-95.8881,36.1984,206.00,82.00,69.00,64.88,6.00,30.12
TUL,2026-07-14 04:53,-95.8881,36.1984,206.00,81.00,69.00,67.01,6.00,30.12
TUL,2026-07-14 05:53,-95.8881,36.1984,206.00,79.00,69.00,71.54,4.00,30.12
TUL,2026-07-14 06:53,-95.8881,36.1984,206.00,78.00,69.00,73.93,4.00,30.13
TUL,2026-07-14 07:53,-95.8881,36.1984,206.00,77.00,69.00,76.41,3.00,30.12
TUL,2026-07-14 08:53,-95.8881,36.1984,206.00,76.00,68.00,76.32,4.00,30.11
TUL,2026-07-14 09:53,-95.8881,36.1984,206.00,74.00,69.00,84.43,3.00,30.12
TUL,2026-07-14 10:53,-95.8881,36.1984,206.00,74.00,68.00,81.58,3.00,30.12
TUL,2026-07-14 11:53,-95.8881,36.1984,206.00,75.00,68.00,78.90,4.00,30.12
TUL,2026-07-14 12:53,-95.8881,36.1984,206.00,76.00,70.00,81.72,3.00,30.12
TUL,2026-07-14 13:53,-95.8881,36.1984,206.00,80.00,72.00,76.67,4.00,30.11
TUL,2026-07-14 14:53,-95.8881,36.1984,206.00,83.00,72.00,69.56,5.00,30.12
TUL,2026-07-14 15:53,-95.8881,36.1984,206.00,86.00,74.00,67.58,7.00,30.12
TUL,2026-07-14 16:53,-95.8881,36.1984,206.00,87.00,74.00,65.47,5.00,30.13
TUL,2026-07-14 17:53,-95.8881,36.1984,206.00,90.00,73.00,57.60,6.00,30.13
TUL,2026-07-14 18:53,-95.8881,36.1984,206.00,88.00,70.00,55.41,7.00,30.11
TUL,2026-07-14 19:53,-95.8881,36.1984,206.00,91.00,69.00,48.74,9.00,30.10
TUL,2026-07-14 20:53,-95.8881,36.1984,206.00,92.00,70.00,48.89,6.00,30.08
TUL,2026-07-14 21:53,-95.8881,36.1984,206.00,91.00,70.00,50.44,6.00,30.06
TUL,2026-07-14 22:53,-95.8881,36.1984,206.00,90.00,69.00,50.29,6.00,30.05
TUL,2026-07-14 23:53,-95.8881,36.1984,206.00,89.00,69.00,51.89,7.00,30.05
TUL,2026-07-15 00:53,-95.8881,36.1984,206.00,87.00,68.00,53.41,6.00,30.05
TUL,2026-07-15 01:53,-95.8881,36.1984,206.00,84.00,69.00,60.82,4.00,30.07
TUL,2026-07-15 02:53,-95.8881,36.1984,206.00,82.00,70.00,67.13,4.00,30.09
TUL,2026-07-15 03:53,-95.8881,36.1984,206.00,80.00,69.00,69.23,4.00,30.10
TUL,2026-07-15 04:53,-95.8881,36.1984,206.00,80.00,68.00,66.90,4.00,30.10
TUL,2026-07-15 05:53,-95.8881,36.1984,206.00,79.00,69.00,71.54,0.00,30.09
TUL,2026-07-15 06:53,-95.8881,36.1984,206.00,76.00,70.00,81.72,4.00,30.08
TUL,2026-07-15 07:53,-95.8881,36.1984,206.00,73.00,70.00,90.34,4.00,30.08
TUL,2026-07-15 08:53,-95.8881,36.1984,206.00,73.00,70.00,90.34,4.00,30.08
TUL,2026-07-15 09:53,-95.8881,36.1984,206.00,73.00,70.00,90.34,4.00,30.09
TUL,2026-07-15 10:53,-95.8881,36.1984,206.00,72.00,70.00,93.44,4.00,30.09
TUL,2026-07-15 11:53,-95.8881,36.1984,206.00,72.00,70.00,93.44,3.00,30.09
TUL,2026-07-15 12:53,-95.8881,36.1984,206.00,75.00,70.00,84.49,4.00,30.10
TUL,2026-07-15 13:53,-95.8881,36.1984,206.00,78.00,72.00,81.86,3.00,30.11
TUL,2026-07-15 14:53,-95.8881,36.1984,206.00,80.00,73.00,79.30,3.00,30.11
TUL,2026-07-15 15:53,-95.8881,36.1984,206.00,82.00,73.00,74.31,4.00,30.11
TUL,2026-07-15 16:53,-95.8881,36.1984,206.00,80.00,74.00,82.00,9.00,30.13
TUL,2026-07-15 17:53,-95.8881,36.1984,206.00,79.00,75.00,87.61,7.00,30.12
TUL,2026-07-15 18:53,-95.8881,36.1984,206.00,84.00,74.00,72.04,0.00,30.08
TUL,2026-07-15 19:53,-95.8881,36.1984,206.00,88.00,72.00,59.30,5.00,30.06
TUL,2026-07-15 20:53,-95.8881,36.1984,206.00,89.00,73.00,59.44,4.00,30.04
TUL,2026-07-15 21:53,-95.8881,36.1984,206.00,90.00,69.00,50.29,0.00,30.03
TUL,2026-07-15 22:53,-95.8881,36.1984,206.00,89.00,71.00,55.55,3.00,30.04
TUL,2026-07-15 23:53,-95.8881,36.1984,206.00,83.00,68.00,60.70,5.00,30.02
TUL,2026-07-16 00:53,-95.8881,36.1984,206.00,84.00,67.00,56.78,3.00,30.03
TUL,2026-07-16 01:53,-95.8881,36.1984,206.00,81.00,70.00,69.34,9.00,30.03
TUL,2026-07-16 02:53,-95.8881,36.1984,206.00,77.00,70.00,79.06,9.00,30.04
TUL,2026-07-16 03:53,-95.8881,36.1984,206.00,77.00,69.00,76.41,8.00,30.05
TUL,2026-07-16 04:53,-95.8881,36.1984,206.00,76.00,69.00,78.98,4.00,30.05
TUL,2026-07-16 05:53,-95.8881,36.1984,206.00,75.00,69.00,81.65,3.00,30.07
TUL,2026-07-16 06:53,-95.8881,36.1984,206.00,75.00,68.00,78.90,6.00,30.07
TUL,2026-07-16 07:53,-95.8881,36.1984,206.00,76.00,68.00,76.32,0.00,30.07
TUL,2026-07-16 08:53,-95.8881,36.1984,206.00,75.00,69.00,81.65,5.00,30.07
TUL,2026-07-16 09:53,-95.8881,36.1984,206.00,75.00,69.00,81.65,4.00,30.07
TUL,2026-07-16 10:53,-95.8881,36.1984,206.00,75.00,69.00,81.65,4.00,30.08
TUL,2026-07-16 11:53,-95.8881,36.1984,206.00,75.00,69.00,81.65,4.00,30.09
TUL,2026-07-16 12:53,-95.8881,36.1984,206.00,76.00,69.00,78.98,4.00,30.10
TUL,2026-07-16 13:53,-95.8881,36.1984,206.00,78.00,69.00,73.93,6.00,30.12
TUL,2026-07-16 14:53,-95.8881,36.1984,206.00,82.00,69.00,64.88,10.00,30.13
TUL,2026-07-16 15:53,-95.8881,36.1984,206.00,83.00,69.00,62.81,9.00,30.12
TUL,2026-07-16 16:53,-95.8881,36.1984,206.00,85.00,70.00,60.95,6.00,30.12
TUL,2026-07-16 17:53,-95.8881,36.1984,206.00,86.00,70.00,59.04,9.00,30.11
TUL,2026-07-16 18:53,-95.8881,36.1984,206.00,88.00,70.00,55.41,10.00,30.09
TUL,2026-07-16 19:53,-95.8881,36.1984,206.00,89.00,70.00,53.70,9.00,30.07
TUL,2026-07-16 20:53,-95.8881,36.1984,206.00,90.00,70.00,52.04,11.00,30.05
TUL,2026-07-16 21:53,-95.8881,36.1984,206.00,90.00,70.00,52.04,12.00,30.05
TUL,2026-07-16 22:53,-95.8881,36.1984,206.00,85.00,68.00,56.92,7.00,30.04
TUL,2026-07-16 23:53,-95.8881,36.1984,206.00,82.00,69.00,64.88,3.00,30.04
TUL,2026-07-17 00:53,-95.8881,36.1984,206.00,84.00,69.00,60.82,19.00,30.06
TUL,2026-07-17 01:53,-95.8881,36.1984,206.00,78.00,70.00,76.49,6.00,30.06
TUL,2026-07-17 02:53,-95.8881,36.1984,206.00,79.00,68.00,69.12,8.00,30.08
TUL,2026-07-17 03:53,-95.8881,36.1984,206.00,78.00,67.00,69.01,8.00,30.10
TUL,2026-07-17 04:53,-95.8881,36.1984,206.00,77.00,69.00,76.41,4.00,30.09
TUL,2026-07-17 05:53,-95.8881,36.1984,206.00,75.00,70.00,84.49,5.00,30.10
TUL,2026-07-17 06:53,-95.8881,36.1984,206.00,76.00,70.00,81.72,9.00,30.09
TUL,2026-07-17 07:53,-95.8881,36.1984,206.00,76.00,70.00,81.72,6.00,30.10
TUL,2026-07-17 08:53,-95.8881,36.1984,206.00,76.00,70.00,81.72,7.00,30.10
TUL,2026-07-17 09:53,-95.8881,36.1984,206.00,76.00,70.00,81.72,9.00,30.10
TUL,2026-07-17 10:53,-95.8881,36.1984,206.00,76.00,70.00,81.72,5.00,30.10
TUL,2026-07-17 11:53,-95.8881,36.1984,206.00,76.00,70.00,81.72,7.00,30.11
TUL,2026-07-17 12:53,-95.8881,36.1984,206.00,76.00,71.00,84.55,6.00,30.12
TUL,2026-07-17 13:53,-95.8881,36.1984,206.00,80.00,72.00,76.67,8.00,30.13
TUL,2026-07-17 14:53,-95.8881,36.1984,206.00,82.00,73.00,74.31,11.00,30.14
TUL,2026-07-17 15:53,-95.8881,36.1984,206.00,84.00,74.00,72.04,10.00,30.14
TUL,2026-07-17 16:53,-95.8881,36.1984,206.00,85.00,72.00,65.23,12.00,30.13
TUL,2026-07-17 17:53,-95.8881,36.1984,206.00,87.00,73.00,63.31,10.00,30.11
TUL,2026-07-17 18:53,-95.8881,36.1984,206.00,83.00,71.00,67.24,6.00,30.10
TUL,2026-07-17 19:53,-95.8881,36.1984,206.00,89.00,71.00,55.55,11.00,30.08
TUL,2026-07-17 20:53,-95.8881,36.1984,206.00,87.00,74.00,65.47,13.00,30.07
TUL,2026-07-17 21:53,-95.8881,36.1984,206.00,88.00,75.00,65.59,13.00,30.05
TUL,2026-07-17 22:53,-95.8881,36.1984,206.00,87.00,74.00,65.47,10.00,30.05
TUL,2026-07-17 23:53,-95.8881,36.1984,206.00,89.00,72.00,57.47,10.00,30.03
TUL,2026-07-18 00:53,-95.8881,36.1984,206.00,88.00,72.00,59.30,12.00,30.02
TUL,2026-07-18 01:53,-95.8881,36.1984,206.00,84.00,75.00,74.49,4.00,30.03
TUL,2026-07-18 02:53,-95.8881,36.1984,206.00,85.00,72.00,65.23,11.00,30.04
TUL,2026-07-18 03:53,-95.8881,36.1984,206.00,84.00,73.00,69.67,9.00,30.05
TUL,2026-07-18 04:53,-95.8881,36.1984,206.00,83.00,73.00,71.94,9.00,30.05
TUL,2026-07-18 05:53,-95.8881,36.1984,206.00,82.00,73.00,74.31,8.00,30.05
TUL,2026-07-18 06:53,-95.8881,36.1984,206.00,81.00,73.00,76.76,11.00,30.04
TUL,2026-07-18 07:53,-95.8881,36.1984,206.00,81.00,72.00,74.21,9.00,30.05
TUL,2026-07-18 08:53,-95.8881,36.1984,206.00,80.00,72.00,76.67,7.00,30.04
TUL,2026-07-18 09:53,-95.8881,36.1984,206.00,80.00,72.00,76.67,6.00,30.04
TUL,2026-07-18 10:53,-95.8881,36.1984,206.00,80.00,71.00,74.12,9.00,30.05
TUL,2026-07-18 11:53,-95.8881,36.1984,206.00,80.00,71.00,74.12,8.00,30.06
TUL,2026-07-18 12:53,-95.8881,36.1984,206.00,82.00,71.00,69.45,11.00,30.06
TUL,2026-07-18 13:53,-95.8881,36.1984,206.00,83.00,71.00,67.24,11.00,30.06
TUL,2026-07-18 14:53,-95.8881,36.1984,206.00,84.00,72.00,67.36,10.00,30.05
TUL,2026-07-18 15:53,-95.8881,36.1984,206.00,88.00,72.00,59.30,6.00,30.05
TUL,2026-07-18 16:53,-95.8881,36.1984,206.00,89.00,72.00,57.47,9.00,30.04
TUL,2026-07-18 17:53,-95.8881,36.1984,206.00,91.00,73.00,55.83,10.00,30.03
TUL,2026-07-18 18:53,-95.8881,36.1984,206.00,91.00,73.00,55.83,11.00,30.01
TUL,2026-07-18 19:53,-95.8881,36.1984,206.00,91.00,74.00,57.73,8.00,29.99
TUL,2026-07-18 20:53,-95.8881,36.1984,206.00,78.00,71.00,79.14,23.00,30.01
TUL,2026-07-18 21:53,-95.8881,36.1984,206.00,79.00,75.00,87.61,8.00,29.98
TUL,2026-07-18 22:53,-95.8881,36.1984,206.00,80.00,75.00,84.79,3.00,29.96
TUL,2026-07-18 23:53,-95.8881,36.1984,206.00,81.00,75.00,82.07,8.00,29.95
TUL,2026-07-19 00:53,-95.8881,36.1984,206.00,83.00,72.00,69.56,7.00,29.94
TUL,2026-07-19 01:53,-95.8881,36.1984,206.00,79.00,71.00,76.58,6.00,29.95
TUL,2026-07-19 02:53,-95.8881,36.1984,206.00,79.00,72.00,79.22,0.00,29.95
TUL,2026-07-19 03:53,-95.8881,36.1984,206.00,78.00,72.00,81.86,0.00,29.97
TUL,2026-07-19 04:53,-95.8881,36.1984,206.00,76.00,72.00,87.46,4.00,29.97
TUL,2026-07-19 05:53,-95.8881,36.1984,206.00,79.00,72.00,79.22,6.00,29.98
TUL,2026-07-19 06:53,-95.8881,36.1984,206.00,79.00,72.00,79.22,7.00,29.98
TUL,2026-07-19 07:53,-95.8881,36.1984,206.00,80.00,72.00,76.67,8.00,29.97
TUL,2026-07-19 08:53,-95.8881,36.1984,206.00,80.00,72.00,76.67,8.00,29.97
TUL,2026-07-19 09:53,-95.8881,36.1984,206.00,79.00,71.00,76.58,5.00,29.96
TUL,2026-07-19 10:53,-95.8881,36.1984,206.00,78.00,71.00,79.14,5.00,29.97
TUL,2026-07-19 11:53,-95.8881,36.1984,206.00,78.00,72.00,81.86,5.00,29.98
TUL,2026-07-19 12:53,-95.8881,36.1984,206.00,80.00,72.00,76.67,6.00,29.99
TUL,2026-07-19 13:53,-95.8881,36.1984,206.00,82.00,72.00,71.84,5.00,29.99
TUL,2026-07-19 14:53,-95.8881,36.1984,206.00,85.00,72.00,65.23,6.00,29.99
TUL,2026-07-19 15:53,-95.8881,36.1984,206.00,88.00,74.00,63.43,4.00,29.99
TUL,2026-07-19 16:53,-95.8881,36.1984,206.00,91.00,73.00,55.83,5.00,29.98
TUL,2026-07-19 17:53,-95.8881,36.1984,206.00,93.00,72.00,50.73,5.00,29.97
TUL,2026-07-19 18:53,-95.8881,36.1984,206.00,94.00,72.00,49.19,9.00,29.95
TUL,2026-07-19 19:53,-95.8881,36.1984,206.00,93.00,71.00,49.04,7.00,29.94
TUL,2026-07-19 20:53,-95.8881,36.1984,206.00,95.00,70.00,44.57,7.00,29.92
TUL,2026-07-19 21:53,-95.8881,36.1984,206.00,95.00,71.00,46.11,7.00,29.90
TUL,2026-07-19 22:53,-95.8881,36.1984,206.00,94.00,71.00,47.55,6.00,29.89
TUL,2026-07-19 23:53,-95.8881,36.1984,206.00,94.00,71.00,47.55,6.00,29.88
TUL,2026-07-20 00:53,-95.8881,36.1984,206.00,92.00,72.00,52.32,6.00,29.89
TUL,2026-07-20 01:53,-95.8881,36.1984,206.00,90.00,73.00,57.60,9.00,29.90
TUL,2026-07-20 02:53,-95.8881,36.1984,206.00,89.00,74.00,61.46,5.00,29.91
TUL,2026-07-20 03:53,-95.8881,36.1984,206.00,87.00,74.00,65.47,7.00,29.92
TUL,2026-07-20 04:53,-95.8881,36.1984,206.00,85.00,75.00,72.14,3.00,29.93
TUL,2026-07-20 05:53,-95.8881,36.1984,206.00,85.00,75.00,72.14,4.00,29.93
TUL,2026-07-20 06:53,-95.8881,36.1984,206.00,84.00,74.00,72.04,7.00,29.93
TUL,2026-07-20 07:53,-95.8881,36.1984,206.00,82.00,74.00,76.84,4.00,29.92
TUL,2026-07-20 08:53,-95.8881,36.1984,206.00,82.00,75.00,79.45,6.00,29.92
TUL,2026-07-20 09:53,-95.8881,36.1984,206.00,82.00,75.00,79.45,6.00,29.91
TUL,2026-07-20 10:53,-95.8881,36.1984,206.00,81.00,74.00,79.38,3.00,29.92
TUL,2026-07-20 11:53,-95.8881,36.1984,206.00,81.00,74.00,79.38,4.00,29.93
TUL,2026-07-20 12:53,-95.8881,36.1984,206.00,82.00,74.00,76.84,5.00,29.93
TUL,2026-07-20 13:53,-95.8881,36.1984,206.00,86.00,72.00,63.19,4.00,29.94
TUL,2026-07-20 14:53,-95.8881,36.1984,206.00,88.00,72.00,59.30,6.00,29.93
TUL,2026-07-20 15:53,-95.8881,36.1984,206.00,91.00,73.00,55.83,4.00,29.92
TUL,2026-07-20 16:53,-95.8881,36.1984,206.00,93.00,73.00,52.47,5.00,29.91
TUL,2026-07-20 17:53,-95.8881,36.1984,206.00,96.00,74.00,49.48,5.00,29.90
TUL,2026-07-20 18:53,-95.8881,36.1984,206.00,97.00,72.00,44.87,9.00,29.89
TUL,2026-07-20 19:53,-95.8881,36.1984,206.00,97.00,73.00,46.41,8.00,29.88
TUL,2026-07-20 20:53,-95.8881,36.1984,206.00,98.00,71.00,42.08,9.00,29.87
TUL,2026-07-20 21:53,-95.8881,36.1984,206.00,98.00,72.00,43.53,7.00,29.86
TUL,2026-07-20 22:53,-95.8881,36.1984,206.00,97.00,71.00,43.38,7.00,29.86
TUL,2026-07-20 23:53,-95.8881,36.1984,206.00,96.00,72.00,46.26,11.00,29.84
TUL,2026-07-21 00:53,-95.8881,36.1984,206.00,94.00,73.00,50.87,9.00,29.83
TUL,2026-07-21 01:53,-95.8881,36.1984,206.00,92.00,74.00,55.97,7.00,29.84
TUL,2026-07-21 02:53,-95.8881,36.1984,206.00,91.00,74.00,57.73,8.00,29.85
TUL,2026-07-21 03:53,-95.8881,36.1984,206.00,89.00,75.00,63.55,10.00,29.85
TUL,2026-07-21 04:53,-95.8881,36.1984,206.00,88.00,72.00,59.30,10.00,29.86
TUL,2026-07-21 05:53,-95.8881,36.1984,206.00,89.00,72.00,57.47,9.00,29.85
TUL,2026-07-21 06:53,-95.8881,36.1984,206.00,86.00,72.00,63.19,7.00,29.85
TUL,2026-07-21 07:53,-95.8881,36.1984,206.00,84.00,72.00,67.36,6.00,29.85
TUL,2026-07-21 08:53,-95.8881,36.1984,206.00,85.00,71.00,63.06,5.00,29.87
TUL,2026-07-21 09:53,-95.8881,36.1984,206.00,84.00,71.00,65.11,4.00,29.87
TUL,2026-07-21 10:53,-95.8881,36.1984,206.00,82.00,71.00,69.45,5.00,29.88
TUL,2026-07-21 11:53,-95.8881,36.1984,206.00,82.00,71.00,69.45,4.00,29.89
TUL,2026-07-21 12:53,-95.8881,36.1984,206.00,84.00,72.00,67.36,3.00,29.89
TUL,2026-07-21 13:53,-95.8881,36.1984,206.00,88.00,71.00,57.33,5.00,29.89
TUL,2026-07-21 14:53,-95.8881,36.1984,206.00,91.00,72.00,53.98,5.00,29.89
TUL,2026-07-21 15:53,-95.8881,36.1984,206.00,94.00,74.00,52.61,6.00,29.89
TUL,2026-07-21 16:53,-95.8881,36.1984,206.00,95.00,76.00,54.54,6.00,29.90
TUL,2026-07-21 17:53,-95.8881,36.1984,206.00,97.00,77.00,53.04,3.00,29.90
TUL,2026-07-21 18:53,-95.8881,36.1984,206.00,100.00,76.00,46.86,3.00,29.89
TUL,2026-07-21 19:53,-95.8881,36.1984,206.00,102.00,75.00,42.70,3.00,29.88
TUL,2026-07-21 20:53,-95.8881,36.1984,206.00,101.00,76.00,45.48,0.00,29.87
TUL,2026-07-21 21:53,-95.8881,36.1984,206.00,102.00,75.00,42.70,0.00,29.86
TUL,2026-07-21 22:53,-95.8881,36.1984,206.00,101.00,76.00,45.48,0.00,29.86
TUL,2026-07-21 23:53,-95.8881,36.1984,206.00,100.00,77.00,48.44,4.00,29.85
TUL,2026-07-22 00:53,-95.8881,36.1984,206.00,95.00,71.00,46.11,9.00,29.87
TUL,2026-07-22 01:53,-95.8881,36.1984,206.00,92.00,69.00,47.25,9.00,29.89
TUL,2026-07-22 02:53,-95.8881,36.1984,206.00,90.00,68.00,48.59,5.00,29.91
TUL,2026-07-22 03:53,-95.8881,36.1984,206.00,88.00,67.00,50.00,6.00,29.93
TUL,2026-07-22 04:53,-95.8881,36.1984,206.00,87.00,66.00,49.85,5.00,29.94
TUL,2026-07-22 05:53,-95.8881,36.1984,206.00,84.00,65.00,52.98,6.00,29.95
TUL,2026-07-22 06:53,-95.8881,36.1984,206.00,82.00,65.00,56.51,5.00,29.95
TUL,2026-07-22 07:53,-95.8881,36.1984,206.00,81.00,65.00,58.37,8.00,29.96
TUL,2026-07-22 08:53,-95.8881,36.1984,206.00,79.00,65.00,62.31,10.00,29.97
TUL,2026-07-22 09:53,-95.8881,36.1984,206.00,78.00,65.00,64.39,8.00,29.97
TUL,2026-07-22 10:53,-95.8881,36.1984,206.00,76.00,66.00,71.23,7.00,29.99
TUL,2026-07-22 11:53,-95.8881,36.1984,206.00,76.00,66.00,71.23,9.00,30.01
TUL,2026-07-22 12:53,-95.8881,36.1984,206.00,77.00,67.00,71.33,9.00,30.03
TUL,2026-07-22 13:53,-95.8881,36.1984,206.00,79.00,67.00,66.78,7.00,30.04
TUL,2026-07-22 14:53,-95.8881,36.1984,206.00,82.00,68.00,62.69,7.00,30.05
TUL,2026-07-22 15:53,-95.8881,36.1984,206.00,84.00,67.00,56.78,5.00,30.05
TUL,2026-07-22 16:53,-95.8881,36.1984,206.00,86.00,67.00,53.27,9.00,30.05
TUL,2026-07-22 17:53,-95.8881,36.1984,206.00,87.00,67.00,51.60,7.00,30.04
TUL,2026-07-22 18:53,-95.8881,36.1984,206.00,88.00,62.00,41.99,11.00,30.03
TUL,2026-07-22 19:53,-95.8881,36.1984,206.00,89.00,65.00,45.20,9.00,30.00
TUL,2026-07-22 20:53,-95.8881,36.1984,206.00,90.00,63.00,40.85,10.00,29.99
TUL,2026-07-22 21:53,-95.8881,36.1984,206.00,90.00,62.00,39.43,10.00,29.99
TUL,2026-07-22 22:53,-95.8881,36.1984,206.00,89.00,62.00,40.69,10.00,29.98
TUL,2026-07-22 23:53,-95.8881,36.1984,206.00,88.00,62.00,41.99,8.00,29.98
TUL,2026-07-23 00:53,-95.8881,36.1984,206.00,86.00,63.00,46.34,7.00,29.98
TUL,2026-07-23 01:53,-95.8881,36.1984,206.00,83.00,63.00,51.02,8.00,30.00
TUL,2026-07-23 02:53,-95.8881,36.1984,206.00,81.00,64.00,56.37,5.00,30.01
TUL,2026-07-23 03:53,-95.8881,36.1984,206.00,80.00,64.00,58.24,5.00,30.02
TUL,2026-07-23 04:53,-95.8881,36.1984,206.00,78.00,64.00,62.18,7.00,30.02
TUL,2026-07-23 05:53,-95.8881,36.1984,206.00,78.00,64.00,62.18,5.00,30.02
TUL,2026-07-23 06:53,-95.8881,36.1984,206.00,77.00,64.00,64.27,8.00,30.03
TUL,2026-07-23 07:53,-95.8881,36.1984,206.00,75.00,64.00,68.68,4.00,30.03
TUL,2026-07-23 08:53,-95.8881,36.1984,206.00,74.00,64.00,71.02,5.00,30.03
TUL,2026-07-23 09:53,-95.8881,36.1984,206.00,74.00,64.00,71.02,7.00,30.03
TUL,2026-07-23 10:53,-95.8881,36.1984,206.00,73.00,65.00,76.05,5.00,30.04
TUL,2026-07-23 11:53,-95.8881,36.1984,206.00,72.00,65.00,78.66,5.00,30.06
TUL,2026-07-23 12:53,-95.8881,36.1984,206.00,74.00,65.00,73.54,4.00,30.09
TUL,2026-07-23 13:53,-95.8881,36.1984,206.00,77.00,66.00,68.90,5.00,30.09
TUL,2026-07-23 14:53,-95.8881,36.1984,206.00,80.00,67.00,64.63,7.00,30.10
TUL,2026-07-23 15:53,-95.8881,36.1984,206.00,82.00,66.00,58.51,7.00,30.13
TUL,2026-07-23 16:53,-95.8881,36.1984,206.00,84.00,68.00,58.77,5.00,30.11
TUL,2026-07-23 17:53,-95.8881,36.1984,206.00,87.00,68.00,53.41,7.00,30.10
TUL,2026-07-23 18:53,-95.8881,36.1984,206.00,88.00,68.00,51.75,12.00,30.05
TUL,2026-07-23 19:53,-95.8881,36.1984,206.00,88.00,68.00,51.75,9.00,30.04
TUL,2026-07-23 20:53,-95.8881,36.1984,206.00,89.00,67.00,48.45,11.00,30.01
TUL,2026-07-23 21:53,-95.8881,36.1984,206.00,90.00,69.00,50.29,10.00,30.00
TUL,2026-07-23 22:53,-95.8881,36.1984,206.00,90.00,68.00,48.59,12.00,29.98
TUL,2026-07-23 23:53,-95.8881,36.1984,206.00,90.00,68.00,48.59,10.00,29.96
TUL,2026-07-24 00:53,-95.8881,36.1984,206.00,88.00,68.00,51.75,10.00,29.97
TUL,2026-07-24 01:53,-95.8881,36.1984,206.00,83.00,68.00,60.70,5.00,29.99
TUL,2026-07-24 02:53,-95.8881,36.1984,206.00,82.00,69.00,64.88,4.00,29.99
TUL,2026-07-24 03:53,-95.8881,36.1984,206.00,80.00,69.00,69.23,4.00,30.00
TUL,2026-07-24 04:53,-95.8881,36.1984,206.00,81.00,69.00,67.01,8.00,30.01
TUL,2026-07-24 05:53,-95.8881,36.1984,206.00,80.00,68.00,66.90,8.00,30.00
TUL,2026-07-24 06:53,-95.8881,36.1984,206.00,80.00,66.00,62.44,7.00,30.00
TUL,2026-07-24 07:53,-95.8881,36.1984,206.00,80.00,66.00,62.44,3.00,30.02
TUL,2026-07-24 08:53,-95.8881,36.1984,206.00,79.00,66.00,64.51,3.00,30.03
TUL,2026-07-24 09:53,-95.8881,36.1984,206.00,75.00,67.00,76.23,3.00,30.03
TUL,2026-07-24 10:53,-95.8881,36.1984,206.00,77.00,67.00,71.33,5.00,30.05
TUL,2026-07-24 11:53,-95.8881,36.1984,206.00,77.00,67.00,71.33,5.00,30.05
TUL,2026-07-24 12:53,-95.8881,36.1984,206.00,78.00,68.00,71.43,9.00,30.05
TUL,2026-07-24 13:53,-95.8881,36.1984,206.00,80.00,69.00,69.23,11.00,30.04
TUL,2026-07-24 14:53,-95.8881,36.1984,206.00,81.00,70.00,69.34,14.00,30.01
TUL,2026-07-24 15:53,-95.8881,36.1984,206.00,82.00,71.00,69.45,12.00,30.04
TUL,2026-07-24 16:53,-95.8881,36.1984,206.00,83.00,72.00,69.56,11.00,30.04
TUL,2026-07-24 17:53,-95.8881,36.1984,206.00,84.00,73.00,69.67,9.00,30.04
TUL,2026-07-24 18:53,-95.8881,36.1984,206.00,86.00,74.00,67.58,10.00,30.02
TUL,2026-07-24 19:53,-95.8881,36.1984,206.00,86.00,75.00,69.88,9.00,30.02
TUL,2026-07-24 20:53,-95.8881,36.1984,206.00,88.00,75.00,65.59,12.00,30.00
TUL,2026-07-24 21:53,-95.8881,36.1984,206.00,87.00,75.00,67.69,11.00,29.98
TUL,2026-07-24 22:53,-95.8881,36.1984,206.00,87.00,75.00,67.69,12.00,29.95
TUL,2026-07-24 23:53,-95.8881,36.1984,206.00,87.00,75.00,67.69,10.00,29.95
TUL,2026-07-25 00:53,-95.8881,36.1984,206.00,86.00,75.00,69.88,11.00,29.96
TUL,2026-07-25 01:53,-95.8881,36.1984,206.00,84.00,75.00,74.49,10.00,29.97
TUL,2026-07-25 02:53,-95.8881,36.1984,206.00,84.00,75.00,74.49,7.00,29.98
TUL,2026-07-25 03:53,-95.8881,36.1984,206.00,80.00,76.00,87.66,5.00,30.01
TUL,2026-07-25 04:53,-95.8881,36.1984,206.00,80.00,76.00,87.66,5.00,30.01
TUL,2026-07-25 05:53,-95.8881,36.1984,206.00,79.00,76.00,90.58,3.00,30.01
TUL,2026-07-25 06:53,-95.8881,36.1984,206.00,79.00,76.00,90.58,5.00,30.00
TUL,2026-07-25 07:53,-95.8881,36.1984,206.00,81.00,76.00,84.85,7.00,29.99
TUL,2026-07-25 08:53,-95.8881,36.1984,206.00,80.00,76.00,87.66,7.00,29.99
TUL,2026-07-25 09:53,-95.8881,36.1984,206.00,80.00,75.00,84.79,7.00,29.99
TUL,2026-07-25 10:53,-95.8881,36.1984,206.00,80.00,75.00,84.79,8.00,29.99
TUL,2026-07-25 11:53,-95.8881,36.1984,206.00,80.00,75.00,84.79,10.00,30.00
TUL,2026-07-25 12:53,-95.8881,36.1984,206.00,82.00,74.00,76.84,9.00,30.00
TUL,2026-07-25 13:53,-95.8881,36.1984,206.00,85.00,74.00,69.77,10.00,30.01
TUL,2026-07-25 14:53,-95.8881,36.1984,206.00,87.00,74.00,65.47,10.00,30.01
TUL,2026-07-25 15:53,-95.8881,36.1984,206.00,90.00,75.00,61.59,12.00,30.02
TUL,2026-07-25 16:53,-95.8881,36.1984,206.00,92.00,75.00,57.87,9.00,30.01
TUL,2026-07-25 17:53,-95.8881,36.1984,206.00,94.00,75.00,54.40,5.00,30.00
TUL,2026-07-25 18:53,-95.8881,36.1984,206.00,95.00,75.00,52.75,9.00,29.98
TUL,2026-07-25 19:53,-95.8881,36.1984,206.00,97.00,75.00,49.63,9.00,29.97
TUL,2026-07-25 20:53,-95.8881,36.1984,206.00,99.00,74.00,45.18,11.00,29.96
TUL,2026-07-25 21:53,-95.8881,36.1984,206.00,98.00,74.00,46.56,11.00,29.94
TUL,2026-07-25 22:53,-95.8881,36.1984,206.00,99.00,74.00,45.18,10.00,29.93
TUL,2026-07-25 23:53,-95.8881,36.1984,206.00,98.00,74.00,46.56,6.00,29.92
TUL,2026-07-26 00:53,-95.8881,36.1984,206.00,96.00,74.00,49.48,8.00,29.92
TUL,2026-07-26 01:53,-95.8881,36.1984,206.00,94.00,75.00,54.40,8.00,29.93
TUL,2026-07-26 02:53,-95.8881,36.1984,206.00,92.00,75.00,57.87,9.00,29.95
TUL,2026-07-26 03:53,-95.8881,36.1984,206.00,91.00,74.00,57.73,12.00,29.96
TUL,2026-07-26 04:53,-95.8881,36.1984,206.00,90.00,71.00,53.84,13.00,29.96
TUL,2026-07-26 05:53,-95.8881,36.1984,206.00,88.00,71.00,57.33,9.00,29.97
TUL,2026-07-26 06:53,-95.8881,36.1984,206.00,88.00,69.00,53.55,11.00,29.96
TUL,2026-07-26 07:53,-95.8881,36.1984,206.00,87.00,68.00,53.41,10.00,29.95
TUL,2026-07-26 08:53,-95.8881,36.1984,206.00,85.00,68.00,56.92,8.00,29.95
TUL,2026-07-26 09:53,-95.8881,36.1984,206.00,84.00,68.00,58.77,9.00,29.95
TUL,2026-07-26 10:53,-95.8881,36.1984,206.00,83.00,69.00,62.81,5.00,29.95
TUL,2026-07-26 11:53,-95.8881,36.1984,206.00,82.00,69.00,64.88,6.00,29.97
TUL,2026-07-26 12:53,-95.8881,36.1984,206.00,83.00,69.00,62.81,8.00,29.98
TUL,2026-07-26 13:53,-95.8881,36.1984,206.00,85.00,69.00,58.91,9.00,29.99
TUL,2026-07-26 14:53,-95.8881,36.1984,206.00,88.00,70.00,55.41,8.00,29.99
TUL,2026-07-26 15:53,-95.8881,36.1984,206.00,91.00,71.00,52.18,8.00,29.98
TUL,2026-07-26 16:53,-95.8881,36.1984,206.00,94.00,72.00,49.19,7.00,29.98
TUL,2026-07-26 17:53,-95.8881,36.1984,206.00,96.00,73.00,47.85,6.00,29.96
TUL,2026-07-26 18:53,-95.8881,36.1984,206.00,99.00,71.00,40.83,9.00,29.94
TUL,2026-07-26 19:53,-95.8881,36.1984,206.00,100.00,71.00,39.62,7.00,29.93
TUL,2026-07-26 20:53,-95.8881,36.1984,206.00,100.00,70.00,38.30,14.00,29.91
TUL,2026-07-26 21:53,-95.8881,36.1984,206.00,100.00,71.00,39.62,7.00,29.90
TUL,2026-07-26 22:53,-95.8881,36.1984,206.00,100.00,72.00,40.99,12.00,29.89
TUL,2026-07-26 23:53,-95.8881,36.1984,206.00,98.00,72.00,43.53,11.00,29.88
TUL,2026-07-27 00:53,-95.8881,36.1984,206.00,96.00,72.00,46.26,13.00,29.88
TUL,2026-07-27 01:53,-95.8881,36.1984,206.00,94.00,72.00,49.19,10.00,29.87
TUL,2026-07-27 02:53,-95.8881,36.1984,206.00,92.00,71.00,50.58,12.00,29.89
TUL,2026-07-27 03:53,-95.8881,36.1984,206.00,91.00,71.00,52.18,14.00,29.90
TUL,2026-07-27 04:53,-95.8881,36.1984,206.00,89.00,70.00,53.70,11.00,29.90
TUL,2026-07-27 05:53,-95.8881,36.1984,206.00,88.00,68.00,51.75,9.00,29.90
TUL,2026-07-27 06:53,-95.8881,36.1984,206.00,87.00,67.00,51.60,10.00,29.89
TUL,2026-07-27 07:53,-95.8881,36.1984,206.00,86.00,68.00,55.13,10.00,29.89
TUL,2026-07-27 08:53,-95.8881,36.1984,206.00,85.00,68.00,56.92,10.00,29.89
TUL,2026-07-27 09:53,-95.8881,36.1984,206.00,83.00,68.00,60.70,11.00,29.89
TUL,2026-07-27 10:53,-95.8881,36.1984,206.00,82.00,68.00,62.69,9.00,29.89
TUL,2026-07-27 11:53,-95.8881,36.1984,206.00,81.00,68.00,64.76,8.00,29.90
TUL,2026-07-27 12:53,-95.8881,36.1984,206.00,83.00,68.00,60.70,8.00,29.92
TUL,2026-07-27 14:53,-95.8881,36.1984,206.00,88.00,69.00,53.55,7.00,29.91
TUL,2026-07-27 15:53,-95.8881,36.1984,206.00,92.00,69.00,47.25,6.00,29.91
TUL,2026-07-27 16:53,-95.8881,36.1984,206.00,95.00,71.00,46.11,11.00,29.89
TUL,2026-07-27 17:53,-95.8881,36.1984,206.00,97.00,71.00,43.38,10.00,29.88
TUL,2026-07-27 18:53,-95.8881,36.1984,206.00,99.00,69.00,38.14,14.00,29.87
TUL,2026-07-27 19:53,-95.8881,36.1984,206.00,100.00,69.00,37.01,8.00,29.84
TUL,2026-07-27 20:53,-95.8881,36.1984,206.00,100.00,65.00,32.24,7.00,29.83
TUL,2026-07-27 21:53,-95.8881,36.1984,206.00,101.00,66.00,32.39,11.00,29.81
TUL,2026-07-27 22:53,-95.8881,36.1984,206.00,100.00,66.00,33.38,12.00,29.80
TUL,2026-07-27 23:53,-95.8881,36.1984,206.00,99.00,65.00,33.22,8.00,29.79
TUL,2026-07-28 00:53,-95.8881,36.1984,206.00,96.00,68.00,40.37,11.00,29.79
TUL,2026-07-28 01:53,-95.8881,36.1984,206.00,94.00,68.00,42.92,12.00,29.79
TUL,2026-07-28 02:53,-95.8881,36.1984,206.00,92.00,69.00,47.25,10.00,29.81
TUL,2026-07-28 03:53,-95.8881,36.1984,206.00,90.00,70.00,52.04,12.00,29.82
TUL,2026-07-28 04:53,-95.8881,36.1984,206.00,89.00,69.00,51.89,12.00,29.82
TUL,2026-07-28 05:53,-95.8881,36.1984,206.00,88.00,69.00,53.55,10.00,29.82
TUL,2026-07-28 06:53,-95.8881,36.1984,206.00,86.00,67.00,53.27,8.00,29.82
TUL,2026-07-28 07:53,-95.8881,36.1984,206.00,85.00,68.00,56.92,10.00,29.81
TUL,2026-07-28 08:53,-95.8881,36.1984,206.00,84.00,68.00,58.77,11.00,29.82
TUL,2026-07-28 09:53,-95.8881,36.1984,206.00,83.00,68.00,60.70,6.00,29.82
TUL,2026-07-28 10:53,-95.8881,36.1984,206.00,82.00,68.00,62.69,4.00,29.85
TUL,2026-07-28 11:53,-95.8881,36.1984,206.00,79.00,68.00,69.12,3.00,29.87
TUL,2026-07-28 12:53,-95.8881,36.1984,206.00,83.00,69.00,62.81,5.00,29.88
TUL,2026-07-28 13:53,-95.8881,36.1984,206.00,84.00,69.00,60.82,3.00,29.88
TUL,2026-07-28 14:53,-95.8881,36.1984,206.00,87.00,71.00,59.17,0.00,29.89
TUL,2026-07-28 15:53,-95.8881,36.1984,206.00,89.00,70.00,53.70,6.00,29.88
TUL,2026-07-28 16:53,-95.8881,36.1984,206.00,93.00,69.00,45.81,4.00,29.88
TUL,2026-07-28 17:53,-95.8881,36.1984,206.00,95.00,70.00,44.57,3.00,29.86
TUL,2026-07-28 18:53,-95.8881,36.1984,206.00,97.00,70.00,41.93,5.00,29.84
TUL,2026-07-28 19:53,-95.8881,36.1984,206.00,98.00,70.00,40.68,4.00,29.83
TUL,2026-07-28 20:53,-95.8881,36.1984,206.00,98.00,72.00,43.53,5.00,29.83
TUL,2026-07-28 21:53,-95.8881,36.1984,206.00,98.00,70.00,40.68,6.00,29.83
TUL,2026-07-28 22:53,-95.8881,36.1984,206.00,98.00,69.00,39.31,8.00,29.82
TUL,2026-07-28 23:53,-95.8881,36.1984,206.00,96.00,72.00,46.26,7.00,29.81
TUL,2026-07-29 00:53,-95.8881,36.1984,206.00,94.00,73.00,50.87,8.00,29.79
TUL,2026-07-29 01:53,-95.8881,36.1984,206.00,91.00,72.00,53.98,3.00,29.81
TUL,2026-07-29 02:53,-95.8881,36.1984,206.00,88.00,74.00,63.43,4.00,29.83
TUL,2026-07-29 03:53,-95.8881,36.1984,206.00,87.00,74.00,65.47,3.00,29.85
TUL,2026-07-29 04:53,-95.8881,36.1984,206.00,86.00,75.00,69.88,4.00,29.84
TUL,2026-07-29 05:53,-95.8881,36.1984,206.00,85.00,76.00,74.59,4.00,29.83
TUL,2026-07-29 06:53,-95.8881,36.1984,206.00,83.00,76.00,79.53,4.00,29.83
TUL,2026-07-29 07:53,-95.8881,36.1984,206.00,85.00,74.00,69.77,0.00,29.85
TUL,2026-07-29 08:53,-95.8881,36.1984,206.00,84.00,75.00,74.49,3.00,29.84
TUL,2026-07-29 09:53,-95.8881,36.1984,206.00,82.00,75.00,79.45,3.00,29.84
TUL,2026-07-29 10:53,-95.8881,36.1984,206.00,85.00,72.00,65.23,3.00,29.85
TUL,2026-07-29 11:53,-95.8881,36.1984,206.00,85.00,72.00,65.23,5.00,29.86
TUL,2026-07-29 12:53,-95.8881,36.1984,206.00,86.00,72.00,63.19,5.00,29.86
TUL,2026-07-29 13:53,-95.8881,36.1984,206.00,87.00,71.00,59.17,6.00,29.87
TUL,2026-07-29 14:53,-95.8881,36.1984,206.00,92.00,72.00,52.32,3.00,29.88
TUL,2026-07-29 15:53,-95.8881,36.1984,206.00,94.00,71.00,47.55,0.00,29.88
TUL,2026-07-29 16:53,-95.8881,36.1984,206.00,97.00,71.00,43.38,0.00,29.90
TUL,2026-07-29 17:53,-95.8881,36.1984,206.00,99.00,70.00,39.47,3.00,29.88
TUL,2026-07-29 18:53,-95.8881,36.1984,206.00,98.00,73.00,45.03,5.00,29.87
TUL,2026-07-29 19:53,-95.8881,36.1984,206.00,100.00,72.00,40.99,7.00,29.85
TUL,2026-07-29 20:53,-95.8881,36.1984,206.00,100.00,72.00,40.99,M,29.85
TUL,2026-07-29 21:53,-95.8881,36.1984,206.00,100.00,70.00,38.30,9.00,29.82
TUL,2026-07-29 22:53,-95.8881,36.1984,206.00,100.00,68.00,35.76,7.00,29.82
TUL,2026-07-29 23:53,-95.8881,36.1984,206.00,99.00,69.00,38.14,7.00,29.82
TUL,2026-07-30 00:53,-95.8881,36.1984,206.00,94.00,71.00,47.55,7.00,29.83
TUL,2026-07-30 01:53,-95.8881,36.1984,206.00,89.00,73.00,59.44,13.00,29.86
TUL,2026-07-30 02:53,-95.8881,36.1984,206.00,87.00,72.00,61.21,10.00,29.89
TUL,2026-07-30 03:53,-95.8881,36.1984,206.00,85.00,73.00,67.47,11.00,29.91
TUL,2026-07-30 04:53,-95.8881,36.1984,206.00,83.00,73.00,71.94,13.00,29.91
TUL,2026-07-30 05:53,-95.8881,36.1984,206.00,81.00,73.00,76.76,5.00,29.89
TUL,2026-07-30 06:53,-95.8881,36.1984,206.00,79.00,74.00,84.73,4.00,29.89
TUL,2026-07-30 07:53,-95.8881,36.1984,206.00,79.00,74.00,84.73,6.00,29.89
TUL,2026-07-30 08:53,-95.8881,36.1984,206.00,79.00,74.00,84.73,9.00,29.91
TUL,2026-07-30 09:53,-95.8881,36.1984,206.00,80.00,73.00,79.30,7.00,29.92
TUL,2026-07-30 10:53,-95.8881,36.1984,206.00,80.00,73.00,79.30,6.00,29.93
TUL,2026-07-30 11:53,-95.8881,36.1984,206.00,79.00,74.00,84.73,6.00,29.95
TUL,2026-07-30 12:53,-95.8881,36.1984,206.00,81.00,74.00,79.38,7.00,29.96
TUL,2026-07-30 13:53,-95.8881,36.1984,206.00,82.00,74.00,76.84,9.00,29.97
TUL,2026-07-30 14:53,-95.8881,36.1984,206.00,85.00,74.00,69.77,7.00,29.98
TUL,2026-07-30 15:53,-95.8881,36.1984,206.00,89.00,74.00,61.46,8.00,29.96
TUL,2026-07-30 16:53,-95.8881,36.1984,206.00,93.00,75.00,56.10,5.00,29.95
TUL,2026-07-30 17:53,-95.8881,36.1984,206.00,94.00,75.00,54.40,9.00,29.94
TUL,2026-07-30 18:53,-95.8881,36.1984,206.00,94.00,75.00,54.40,3.00,29.93
TUL,2026-07-30 19:53,-95.8881,36.1984,206.00,95.00,74.00,51.02,6.00,29.92
TUL,2026-07-30 20:53,-95.8881,36.1984,206.00,98.00,72.00,43.53,12.00,29.90
TUL,2026-07-30 21:53,-95.8881,36.1984,206.00,98.00,71.00,42.08,10.00,29.88
TUL,2026-07-30 22:53,-95.8881,36.1984,206.00,97.00,71.00,43.38,8.00,29.87
TUL,2026-07-30 23:53,-95.8881,36.1984,206.00,96.00,72.00,46.26,10.00,29.86
TUL,2026-07-31 00:53,-95.8881,36.1984,206.00,94.00,73.00,50.87,10.00,29.86
TUL,2026-07-31 01:53,-95.8881,36.1984,206.00,90.00,74.00,59.57,6.00,29.87
TUL,2026-07-31 02:53,-95.8881,36.1984,206.00,89.00,75.00,63.55,8.00,29.89
TUL,2026-07-31 03:53,-95.8881,36.1984,206.00,89.00,75.00,63.55,8.00,29.90
TUL,2026-07-31 04:53,-95.8881,36.1984,206.00,88.00,74.00,63.43,9.00,29.90
TUL,2026-07-31 05:53,-95.8881,36.1984,206.00,87.00,74.00,65.47,11.00,29.90
TUL,2026-07-31 06:53,-95.8881,36.1984,206.00,86.00,74.00,67.58,13.00,29.89
TUL,2026-07-31 07:53,-95.8881,36.1984,206.00,85.00,73.00,67.47,10.00,29.88
TUL,2026-07-31 08:53,-95.8881,36.1984,206.00,84.00,73.00,69.67,8.00,29.88
TUL,2026-07-31 09:53,-95.8881,36.1984,206.00,83.00,73.00,71.94,11.00,29.88
TUL,2026-07-31 10:53,-95.8881,36.1984,206.00,83.00,72.00,69.56,10.00,29.88
TUL,2026-07-31 11:53,-95.8881,36.1984,206.00,83.00,71.00,67.24,8.00,29.90
TUL,2026-07-31 12:53,-95.8881,36.1984,206.00,82.00,72.00,71.84,11.00,29.90
TUL,2026-07-31 13:53,-95.8881,36.1984,206.00,82.00,72.00,71.84,12.00,29.90
TUL,2026-07-31 14:53,-95.8881,36.1984,206.00,84.00,73.00,69.67,9.00,29.88
TUL,2026-07-31 15:53,-95.8881,36.1984,206.00,87.00,72.00,61.21,10.00,29.87
TUL,2026-07-31 16:53,-95.8881,36.1984,206.00,93.00,71.00,49.04,15.00,29.86
TUL,2026-07-31 17:53,-95.8881,36.1984,206.00,94.00,72.00,49.19,10.00,29.85
TUL,2026-07-31 18:53,-95.8881,36.1984,206.00,96.00,72.00,46.26,10.00,29.84
TUL,2026-07-31 19:53,-95.8881,36.1984,206.00,98.00,71.00,42.08,12.00,29.83
TUL,2026-07-31 20:53,-95.8881,36.1984,206.00,102.00,72.00,38.61,9.00,29.81
TUL,2026-07-31 21:53,-95.8881,36.1984,206.00,102.00,71.00,37.32,8.00,29.79
TUL,2026-07-31 22:53,-95.8881,36.1984,206.00,100.00,73.00,42.39,7.00,29.79
TUL,2026-07-31 23:53,-95.8881,36.1984,206.00,97.00,73.00,46.41,15.00,29.79
TUL,2026-08-01 00:53,-95.8881,36.1984,206.00,93.00,69.00,45.81,12.00,29.81
TUL,2026-08-01 01:53,-95.8881,36.1984,206.00,88.00,67.00,50.00,12.00,29.84
TUL,2026-08-01 02:53,-95.8881,36.1984,206.00,85.00,67.00,54.99,7.00,29.87
TUL,2026-08-01 03:53,-95.8881,36.1984,206.00,81.00,69.00,67.01,9.00,29.88
TUL,2026-08-01 04:53,-95.8881,36.1984,206.00,82.00,69.00,64.88,18.00,29.90
TUL,2026-08-01 05:53,-95.8881,36.1984,206.00,79.00,67.00,66.78,8.00,29.92
TUL,2026-08-01 06:53,-95.8881,36.1984,206.00,75.00,66.00,73.64,8.00,29.93
TUL,2026-08-01 07:53,-95.8881,36.1984,206.00,74.00,65.00,73.54,5.00,29.93
TUL,2026-08-01 08:53,-95.8881,36.1984,206.00,72.00,64.00,75.96,6.00,29.94
TUL,2026-08-01 09:53,-95.8881,36.1984,206.00,71.00,64.00,78.57,8.00,29.94
TUL,2026-08-01 10:53,-95.8881,36.1984,206.00,71.00,63.00,75.87,12.00,29.94
TUL,2026-08-01 11:53,-95.8881,36.1984,206.00,70.00,60.00,70.59,10.00,29.96
TUL,2026-08-01 12:53,-95.8881,36.1984,206.00,72.00,61.00,68.35,11.00,29.97
TUL,2026-08-01 13:53,-95.8881,36.1984,206.00,73.00,60.00,63.78,17.00,29.97
TUL,2026-08-01 14:53,-95.8881,36.1984,206.00,76.00,60.00,57.69,14.00,29.97
TUL,2026-08-01 15:53,-95.8881,36.1984,206.00,80.00,60.00,50.57,15.00,29.97
TUL,2026-08-01 16:53,-95.8881,36.1984,206.00,84.00,60.00,44.43,15.00,29.96
TUL,2026-08-01 17:53,-95.8881,36.1984,206.00,87.00,59.00,38.96,15.00,29.95
TUL,2026-08-01 18:53,-95.8881,36.1984,206.00,89.00,60.00,37.91,12.00,29.94
TUL,2026-08-01 19:53,-95.8881,36.1984,206.00,90.00,57.00,32.99,17.00,29.92
TUL,2026-08-01 20:53,-95.8881,36.1984,206.00,92.00,58.00,32.13,15.00,29.90
TUL,2026-08-01 21:53,-95.8881,36.1984,206.00,91.00,59.00,34.36,16.00,29.89
TUL,2026-08-01 22:53,-95.8881,36.1984,206.00,90.00,59.00,35.45,17.00,29.88
TUL,2026-08-01 23:53,-95.8881,36.1984,206.00,87.00,60.00,40.38,14.00,29.88
TUL,2026-08-02 00:53,-95.8881,36.1984,206.00,85.00,60.00,43.03,11.00,29.88
TUL,2026-08-02 01:53,-95.8881,36.1984,206.00,81.00,61.00,50.72,7.00,29.90
TUL,2026-08-02 02:53,-95.8881,36.1984,206.00,77.00,62.00,59.91,6.00,29.92
TUL,2026-08-02 03:53,-95.8881,36.1984,206.00,75.00,63.00,66.32,5.00,29.95
TUL,2026-08-02 04:53,-95.8881,36.1984,206.00,72.00,63.00,73.34,4.00,29.95
TUL,2026-08-02 05:53,-95.8881,36.1984,206.00,71.00,63.00,75.87,4.00,29.95
TUL,2026-08-02 06:53,-95.8881,36.1984,206.00,72.00,63.00,73.34,4.00,29.94
TUL,2026-08-02 07:53,-95.8881,36.1984,206.00,71.00,63.00,75.87,3.00,29.95
TUL,2026-08-02 08:53,-95.8881,36.1984,206.00,69.00,63.00,81.22,4.00,29.95
TUL,2026-08-02 09:53,-95.8881,36.1984,206.00,68.00,63.00,84.05,4.00,29.95
TUL,2026-08-02 10:53,-95.8881,36.1984,206.00,68.00,63.00,84.05,0.00,29.96
TUL,2026-08-02 11:53,-95.8881,36.1984,206.00,68.00,63.00,84.05,3.00,29.96
TUL,2026-08-02 12:53,-95.8881,36.1984,206.00,71.00,65.00,81.37,3.00,29.96
TUL,2026-08-02 13:53,-95.8881,36.1984,206.00,76.00,66.00,71.23,6.00,29.97
TUL,2026-08-02 14:53,-95.8881,36.1984,206.00,80.00,67.00,64.63,7.00,29.97
TUL,2026-08-02 15:53,-95.8881,36.1984,206.00,84.00,66.00,54.85,8.00,29.97
TUL,2026-08-02 16:53,-95.8881,36.1984,206.00,88.00,64.00,45.05,11.00,29.96
TUL,2026-08-02 17:53,-95.8881,36.1984,206.00,89.00,63.00,42.15,10.00,29.95
TUL,2026-08-02 18:53,-95.8881,36.1984,206.00,90.00,64.00,42.30,10.00,29.93
TUL,2026-08-02 19:53,-95.8881,36.1984,206.00,91.00,62.00,38.22,6.00,29.92
TUL,2026-08-02 20:53,-95.8881,36.1984,206.00,92.00,62.00,37.05,8.00,29.91
TUL,2026-08-02 21:53,-95.8881,36.1984,206.00,93.00,62.00,35.92,0.00,29.89
TUL,2026-08-02 22:53,-95.8881,36.1984,206.00,90.00,61.00,38.06,3.00,29.88
TUL,2026-08-02 23:53,-95.8881,36.1984,206.00,90.00,62.00,39.43,5.00,29.87
TUL,2026-08-03 00:53,-95.8881,36.1984,206.00,86.00,62.00,44.74,4.00,29.87
TUL,2026-08-03 01:53,-95.8881,36.1984,206.00,84.00,63.00,49.40,4.00,29.87
TUL,2026-08-03 02:53,-95.8881,36.1984,206.00,79.00,65.00,62.31,4.00,29.89
TUL,2026-08-03 03:53,-95.8881,36.1984,206.00,80.00,65.00,60.30,3.00,29.90
TUL,2026-08-03 04:53,-95.8881,36.1984,206.00,78.00,65.00,64.39,3.00,29.90
TUL,2026-08-03 05:53,-95.8881,36.1984,206.00,76.00,65.00,68.79,4.00,29.90
TUL,2026-08-03 06:53,-95.8881,36.1984,206.00,74.00,65.00,73.54,4.00,29.91
TUL,2026-08-03 07:53,-95.8881,36.1984,206.00,74.00,64.00,71.02,4.00,29.90
TUL,2026-08-03 08:53,-95.8881,36.1984,206.00,73.00,65.00,76.05,5.00,29.91
TUL,2026-08-03 09:53,-95.8881,36.1984,206.00,72.00,65.00,78.66,4.00,29.92
TUL,2026-08-03 10:53,-95.8881,36.1984,206.00,72.00,65.00,78.66,0.00,29.93
TUL,2026-08-03 11:53,-95.8881,36.1984,206.00,71.00,65.00,81.37,4.00,29.94
TUL,2026-08-03 12:53,-95.8881,36.1984,206.00,74.00,67.00,78.82,3.00,29.95
TUL,2026-08-03 13:53,-95.8881,36.1984,206.00,81.00,66.00,60.44,9.00,29.96
TUL,2026-08-03 14:53,-95.8881,36.1984,206.00,85.00,66.00,53.12,8.00,29.96
TUL,2026-08-03 15:53,-95.8881,36.1984,206.00,87.00,66.00,49.85,9.00,29.95
TUL,2026-08-03 16:53,-95.8881,36.1984,206.00,89.00,65.00,45.20,4.00,29.94
TUL,2026-08-03 17:53,-95.8881,36.1984,206.00,91.00,65.00,42.46,9.00,29.93
TUL,2026-08-03 18:53,-95.8881,36.1984,206.00,92.00,63.00,38.38,7.00,29.91
TUL,2026-08-03 19:53,-95.8881,36.1984,206.00,94.00,64.00,37.36,10.00,29.89
TUL,2026-08-03 20:53,-95.8881,36.1984,206.00,94.00,61.00,33.62,8.00,29.87
TUL,2026-08-03 21:53,-95.8881,36.1984,206.00,94.00,63.00,36.08,9.00,29.86
TUL,2026-08-03 22:53,-95.8881,36.1984,206.00,94.00,63.00,36.08,12.00,29.85
TUL,2026-08-03 23:53,-95.8881,36.1984,206.00,92.00,62.00,37.05,10.00,29.85
TUL,2026-08-04 00:53,-95.8881,36.1984,206.00,87.00,66.00,49.85,8.00,29.85
TUL,2026-08-04 01:53,-95.8881,36.1984,206.00,83.00,65.00,54.71,7.00,29.86
TUL,2026-08-04 02:53,-95.8881,36.1984,206.00,81.00,65.00,58.37,6.00,29.87
TUL,2026-08-04 03:53,-95.8881,36.1984,206.00,80.00,64.00,58.24,7.00,29.89
TUL,2026-08-04 04:53,-95.8881,36.1984,206.00,79.00,64.00,60.17,6.00,29.89
TUL,2026-08-04 05:53,-95.8881,36.1984,206.00,77.00,64.00,64.27,6.00,29.89
TUL,2026-08-04 06:53,-95.8881,36.1984,206.00,79.00,63.00,58.10,6.00,29.89
TUL,2026-08-04 07:53,-95.8881,36.1984,206.00,77.00,63.00,62.06,5.00,29.89
TUL,2026-08-04 08:53,-95.8881,36.1984,206.00,78.00,64.00,62.18,6.00,29.90
TUL,2026-08-04 09:53,-95.8881,36.1984,206.00,77.00,64.00,64.27,7.00,29.92
TUL,2026-08-04 10:53,-95.8881,36.1984,206.00,75.00,65.00,71.12,5.00,29.94
TUL,2026-08-04 11:53,-95.8881,36.1984,206.00,75.00,65.00,71.12,7.00,29.95
TUL,2026-08-04 12:53,-95.8881,36.1984,206.00,77.00,66.00,68.90,8.00,29.96
TUL,2026-08-04 13:53,-95.8881,36.1984,206.00,81.00,66.00,60.44,8.00,29.96
TUL,2026-08-04 14:53,-95.8881,36.1984,206.00,84.00,66.00,54.85,10.00,29.96
TUL,2026-08-04 15:53,-95.8881,36.1984,206.00,87.00,68.00,53.41,10.00,29.97
TUL,2026-08-04 16:53,-95.8881,36.1984,206.00,91.00,68.00,47.10,8.00,29.96
TUL,2026-08-04 17:53,-95.8881,36.1984,206.00,94.00,68.00,42.92,9.00,29.94
TUL,2026-08-04 18:53,-95.8881,36.1984,206.00,96.00,68.00,40.37,8.00,29.93
TUL,2026-08-04 19:53,-95.8881,36.1984,206.00,98.00,67.00,36.70,9.00,29.92
TUL,2026-08-04 20:53,-95.8881,36.1984,206.00,99.00,66.00,34.40,12.00,29.90
TUL,2026-08-04 21:53,-95.8881,36.1984,206.00,100.00,64.00,31.13,9.00,29.90
TUL,2026-08-04 22:53,-95.8881,36.1984,206.00,99.00,61.00,28.87,9.00,29.89
TUL,2026-08-04 23:53,-95.8881,36.1984,206.00,95.00,68.00,41.62,10.00,29.88
TUL,2026-08-05 00:53,-95.8881,36.1984,206.00,92.00,67.00,44.11,9.00,29.89
TUL,2026-08-05 01:53,-95.8881,36.1984,206.00,88.00,65.00,46.65,7.00,29.90
TUL,2026-08-05 02:53,-95.8881,36.1984,206.00,86.00,65.00,49.70,6.00,29.92
TUL,2026-08-05 03:53,-95.8881,36.1984,206.00,83.00,65.00,54.71,7.00,29.92
TUL,2026-08-05 04:53,-95.8881,36.1984,206.00,83.00,65.00,54.71,6.00,29.93
TUL,2026-08-05 05:53,-95.8881,36.1984,206.00,86.00,64.00,47.99,8.00,29.93
TUL,2026-08-05 06:53,-95.8881,36.1984,206.00,84.00,65.00,52.98,7.00,29.93
TUL,2026-08-05 07:53,-95.8881,36.1984,206.00,84.00,66.00,54.85,8.00,29.93
TUL,2026-08-05 08:53,-95.8881,36.1984,206.00,83.00,66.00,56.65,11.00,29.94
TUL,2026-08-05 09:53,-95.8881,36.1984,206.00,83.00,66.00,56.65,11.00,29.95
TUL,2026-08-05 10:53,-95.8881,36.1984,206.00,82.00,66.00,58.51,10.00,29.96
TUL,2026-08-05 11:53,-95.8881,36.1984,206.00,81.00,66.00,60.44,9.00,29.98
TUL,2026-08-05 12:53,-95.8881,36.1984,206.00,81.00,67.00,62.56,12.00,29.99
TUL,2026-08-05 13:53,-95.8881,36.1984,206.00,84.00,68.00,58.77,9.00,30.00
TUL,2026-08-05 14:53,-95.8881,36.1984,206.00,88.00,69.00,53.55,5.00,30.00
TUL,2026-08-05 15:53,-95.8881,36.1984,206.00,90.00,70.00,52.04,7.00,30.00
TUL,2026-08-05 16:53,-95.8881,36.1984,206.00,92.00,69.00,47.25,7.00,29.99
TUL,2026-08-05 17:53,-95.8881,36.1984,206.00,96.00,68.00,40.37,7.00,29.98
TUL,2026-08-05 18:53,-95.8881,36.1984,206.00,97.00,68.00,39.16,9.00,29.97
TUL,2026-08-05 19:53,-95.8881,36.1984,206.00,99.00,69.00,38.14,6.00,29.95
TUL,2026-08-05 20:53,-95.8881,36.1984,206.00,100.00,68.00,35.76,10.00,29.93
TUL,2026-08-05 21:53,-95.8881,36.1984,206.00,100.00,66.00,33.38,12.00,29.91
TUL,2026-08-05 22:53,-95.8881,36.1984,206.00,100.00,65.00,32.24,12.00,29.90
TUL,2026-08-05 23:53,-95.8881,36.1984,206.00,98.00,64.00,33.07,13.00,29.90
TUL,2026-08-06 00:53,-95.8881,36.1984,206.00,96.00,62.00,32.76,9.00,29.90
TUL,2026-08-06 01:53,-95.8881,36.1984,206.00,90.00,63.00,40.85,6.00,29.91
TUL,2026-08-06 02:53,-95.8881,36.1984,206.00,86.00,64.00,47.99,7.00,29.94
TUL,2026-08-06 03:53,-95.8881,36.1984,206.00,89.00,64.00,43.65,7.00,29.96
TUL,2026-08-06 04:53,-95.8881,36.1984,206.00,88.00,63.00,43.50,9.00,29.95
TUL,2026-08-06 05:53,-95.8881,36.1984,206.00,86.00,63.00,46.34,9.00,29.95
TUL,2026-08-06 06:53,-95.8881,36.1984,206.00,86.00,62.00,44.74,11.00,29.96
TUL,2026-08-06 07:53,-95.8881,36.1984,206.00,85.00,63.00,47.84,13.00,29.95
TUL,2026-08-06 08:53,-95.8881,36.1984,206.00,84.00,65.00,52.98,14.00,29.96
TUL,2026-08-06 09:53,-95.8881,36.1984,206.00,82.00,66.00,58.51,11.00,29.98
TUL,2026-08-06 10:53,-95.8881,36.1984,206.00,82.00,66.00,58.51,11.00,29.99
TUL,2026-08-06 11:53,-95.8881,36.1984,206.00,81.00,67.00,62.56,8.00,30.01
TUL,2026-08-06 12:53,-95.8881,36.1984,206.00,83.00,67.00,58.64,8.00,30.03
TUL,2026-08-06 13:53,-95.8881,36.1984,206.00,86.00,68.00,55.13,8.00,30.03
TUL,2026-08-06 14:53,-95.8881,36.1984,206.00,89.00,68.00,50.14,9.00,30.04
TUL,2026-08-06 15:53,-95.8881,36.1984,206.00,93.00,68.00,44.27,13.00,30.02
TUL,2026-08-06 16:53,-95.8881,36.1984,206.00,95.00,70.00,44.57,14.00,30.00
TUL,2026-08-06 17:53,-95.8881,36.1984,206.00,95.00,69.00,43.07,9.00,30.01
TUL,2026-08-06 18:53,-95.8881,36.1984,206.00,98.00,70.00,40.68,9.00,29.97
TUL,2026-08-06 19:53,-95.8881,36.1984,206.00,98.00,69.00,39.31,10.00,29.95
TUL,2026-08-06 20:53,-95.8881,36.1984,206.00,100.00,67.00,34.55,8.00,29.93
TUL,2026-08-06 21:53,-95.8881,36.1984,206.00,100.00,67.00,34.55,11.00,29.93
TUL,2026-08-06 22:53,-95.8881,36.1984,206.00,100.00,68.00,35.76,8.00,29.92
TUL,2026-08-06 23:53,-95.8881,36.1984,206.00,99.00,67.00,35.61,9.00,29.92
TUL,2026-08-07 00:53,-95.8881,36.1984,206.00,98.00,68.00,37.99,6.00,29.93
TUL,2026-08-07 01:53,-95.8881,36.1984,206.00,95.00,68.00,41.62,3.00,29.95
TUL,2026-08-07 02:53,-95.8881,36.1984,206.00,93.00,68.00,44.27,8.00,29.97
TUL,2026-08-07 03:53,-95.8881,36.1984,206.00,91.00,67.00,45.51,9.00,30.00
TUL,2026-08-07 04:53,-95.8881,36.1984,206.00,87.00,68.00,53.41,12.00,30.03
TUL,2026-08-07 05:53,-95.8881,36.1984,206.00,81.00,70.00,69.34,10.00,30.03
TUL,2026-08-07 06:53,-95.8881,36.1984,206.00,80.00,70.00,71.64,5.00,30.01
TUL,2026-08-07 07:53,-95.8881,36.1984,206.00,78.00,70.00,76.49,4.00,30.00
TUL,2026-08-07 08:53,-95.8881,36.1984,206.00,78.00,68.00,71.43,5.00,30.01
TUL,2026-08-07 09:53,-95.8881,36.1984,206.00,78.00,68.00,71.43,7.00,30.01
TUL,2026-08-07 10:53,-95.8881,36.1984,206.00,80.00,70.00,71.64,9.00,30.01
TUL,2026-08-07 11:53,-95.8881,36.1984,206.00,78.00,70.00,76.49,7.00,30.06
TUL,2026-08-07 12:53,-95.8881,36.1984,206.00,78.00,70.00,76.49,8.00,30.12
TUL,2026-08-07 13:53,-95.8881,36.1984,206.00,79.00,70.00,74.02,4.00,30.11
TUL,2026-08-07 14:53,-95.8881,36.1984,206.00,80.00,71.00,74.12,7.00,30.09
TUL,2026-08-07 15:53,-95.8881,36.1984,206.00,83.00,72.00,69.56,7.00,30.11
TUL,2026-08-07 16:53,-95.8881,36.1984,206.00,85.00,72.00,65.23,7.00,30.09
TUL,2026-08-07 17:53,-95.8881,36.1984,206.00,89.00,73.00,59.44,13.00,30.05
TUL,2026-08-07 18:53,-95.8881,36.1984,206.00,91.00,73.00,55.83,5.00,30.02
TUL,2026-08-07 19:53,-95.8881,36.1984,206.00,95.00,73.00,49.34,5.00,29.99
TUL,2026-08-07 20:53,-95.8881,36.1984,206.00,97.00,73.00,46.41,9.00,29.95
TUL,2026-08-07 21:53,-95.8881,36.1984,206.00,94.00,69.00,44.42,9.00,29.96
TUL,2026-08-07 22:53,-95.8881,36.1984,206.00,93.00,66.00,41.31,8.00,29.98
TUL,2026-08-07 23:53,-95.8881,36.1984,206.00,90.00,66.00,45.35,0.00,29.98
TUL,2026-08-08 00:53,-95.8881,36.1984,206.00,89.00,65.00,45.20,6.00,29.98
TUL,2026-08-08 01:53,-95.8881,36.1984,206.00,87.00,65.00,48.15,3.00,29.98
TUL,2026-08-08 02:53,-95.8881,36.1984,206.00,79.00,67.00,66.78,0.00,30.01
TUL,2026-08-08 03:53,-95.8881,36.1984,206.00,82.00,66.00,58.51,4.00,30.02
TUL,2026-08-08 04:53,-95.8881,36.1984,206.00,81.00,65.00,58.37,3.00,30.02
TUL,2026-08-08 05:53,-95.8881,36.1984,206.00,80.00,64.00,58.24,8.00,30.04
TUL,2026-08-08 06:53,-95.8881,36.1984,206.00,78.00,64.00,62.18,5.00,30.05
TUL,2026-08-08 07:53,-95.8881,36.1984,206.00,75.00,65.00,71.12,4.00,30.05
TUL,2026-08-08 08:53,-95.8881,36.1984,206.00,71.00,66.00,84.24,5.00,30.06
TUL,2026-08-08 09:53,-95.8881,36.1984,206.00,71.00,67.00,87.21,6.00,30.06
TUL,2026-08-08 10:53,-95.8881,36.1984,206.00,72.00,67.00,84.30,4.00,30.06
TUL,2026-08-08 11:53,-95.8881,36.1984,206.00,71.00,68.00,90.26,5.00,30.05
TUL,2026-08-08 12:53,-95.8881,36.1984,206.00,75.00,69.00,81.65,3.00,30.05
TUL,2026-08-08 13:53,-95.8881,36.1984,206.00,79.00,69.00,71.54,7.00,30.04
TUL,2026-08-08 14:53,-95.8881,36.1984,206.00,83.00,70.00,65.00,9.00,30.04
TUL,2026-08-08 15:53,-95.8881,36.1984,206.00,87.00,70.00,57.19,7.00,30.05
TUL,2026-08-08 16:53,-95.8881,36.1984,206.00,91.00,71.00,52.18,4.00,30.04
TUL,2026-08-08 17:53,-95.8881,36.1984,206.00,94.00,70.00,45.96,3.00,30.02
TUL,2026-08-08 18:53,-95.8881,36.1984,206.00,98.00,70.00,40.68,4.00,30.00
TUL,2026-08-08 19:53,-95.8881,36.1984,206.00,99.00,68.00,36.86,3.00,29.97
TUL,2026-08-08 20:53,-95.8881,36.1984,206.00,101.00,70.00,37.17,8.00,29.95
TUL,2026-08-08 21:53,-95.8881,36.1984,206.00,101.00,69.00,35.92,6.00,29.93
TUL,2026-08-08 22:53,-95.8881,36.1984,206.00,100.00,69.00,37.01,8.00,29.92
TUL,2026-08-08 23:53,-95.8881,36.1984,206.00,98.00,70.00,40.68,7.00,29.92
TUL,2026-08-09 00:53,-95.8881,36.1984,206.00,94.00,70.00,45.96,6.00,29.92
TUL,2026-08-09 01:53,-95.8881,36.1984,206.00,89.00,70.00,53.70,5.00,29.93
TUL,2026-08-09 02:53,-95.8881,36.1984,206.00,92.00,72.00,52.32,11.00,29.95
TUL,2026-08-09 03:53,-95.8881,36.1984,206.00,90.00,72.00,55.69,16.00,29.95
TUL,2026-08-09 04:53,-95.8881,36.1984,206.00,87.00,69.00,55.27,16.00,29.97
TUL,2026-08-09 05:53,-95.8881,36.1984,206.00,85.00,66.00,53.12,12.00,29.98
TUL,2026-08-09 06:53,-95.8881,36.1984,206.00,83.00,66.00,56.65,11.00,30.00
TUL,2026-08-09 07:53,-95.8881,36.1984,206.00,80.00,66.00,62.44,11.00,29.98
TUL,2026-08-09 08:53,-95.8881,36.1984,206.00,79.00,67.00,66.78,11.00,29.97
TUL,2026-08-09 09:53,-95.8881,36.1984,206.00,78.00,67.00,69.01,13.00,29.97
TUL,2026-08-09 10:53,-95.8881,36.1984,206.00,77.00,67.00,71.33,8.00,29.98
TUL,2026-08-09 11:53,-95.8881,36.1984,206.00,77.00,67.00,71.33,8.00,29.98
TUL,2026-08-09 12:53,-95.8881,36.1984,206.00,77.00,68.00,73.83,7.00,29.99
TUL,2026-08-09 13:53,-95.8881,36.1984,206.00,80.00,68.00,66.90,10.00,30.00
TUL,2026-08-09 14:53,-95.8881,36.1984,206.00,84.00,69.00,60.82,10.00,29.99
TUL,2026-08-09 15:53,-95.8881,36.1984,206.00,87.00,69.00,55.27,13.00,30.00
TUL,2026-08-09 16:53,-95.8881,36.1984,206.00,90.00,69.00,50.29,5.00,30.00
TUL,2026-08-09 17:53,-95.8881,36.1984,206.00,93.00,70.00,47.40,10.00,29.99
TUL,2026-08-09 18:53,-95.8881,36.1984,206.00,97.00,69.00,40.52,11.00,29.98
TUL,2026-08-09 19:53,-95.8881,36.1984,206.00,99.00,70.00,39.47,13.00,29.95
TUL,2026-08-09 20:53,-95.8881,36.1984,206.00,100.00,68.00,35.76,15.00,29.92
TUL,2026-08-09 21:53,-95.8881,36.1984,206.00,101.00,65.00,31.29,17.00,29.90
TUL,2026-08-09 22:53,-95.8881,36.1984,206.00,99.00,65.00,33.22,11.00,29.89
TUL,2026-08-09 23:53,-95.8881,36.1984,206.00,97.00,65.00,35.30,18.00,29.89
TUL,2026-08-10 00:53,-95.8881,36.1984,206.00,96.00,65.00,36.39,13.00,29.89
TUL,2026-08-10 01:53,-95.8881,36.1984,206.00,92.00,66.00,42.61,9.00,29.90
TUL,2026-08-10 02:53,-95.8881,36.1984,206.00,91.00,66.00,43.96,9.00,29.93
TUL,2026-08-10 03:53,-95.8881,36.1984,206.00,90.00,66.00,45.35,8.00,29.95
TUL,2026-08-10 04:53,-95.8881,36.1984,206.00,89.00,67.00,48.45,11.00,29.97
TUL,2026-08-10 05:53,-95.8881,36.1984,206.00,87.00,68.00,53.41,14.00,29.97
TUL,2026-08-10 06:53,-95.8881,36.1984,206.00,85.00,68.00,56.92,11.00,29.96
TUL,2026-08-10 07:53,-95.8881,36.1984,206.00,84.00,69.00,60.82,9.00,29.96
TUL,2026-08-10 08:53,-95.8881,36.1984,206.00,83.00,69.00,62.81,10.00,29.96
TUL,2026-08-10 09:53,-95.8881,36.1984,206.00,83.00,69.00,62.81,11.00,29.97
TUL,2026-08-10 10:53,-95.8881,36.1984,206.00,83.00,69.00,62.81,13.00,29.97
TUL,2026-08-10 11:53,-95.8881,36.1984,206.00,82.00,69.00,64.88,13.00,29.98
TUL,2026-08-10 12:53,-95.8881,36.1984,206.00,82.00,69.00,64.88,12.00,30.01
TUL,2026-08-10 13:53,-95.8881,36.1984,206.00,85.00,70.00,60.95,13.00,30.02
TUL,2026-08-10 14:53,-95.8881,36.1984,206.00,89.00,70.00,53.70,11.00,30.03
TUL,2026-08-10 15:53,-95.8881,36.1984,206.00,91.00,70.00,50.44,10.00,30.04
TUL,2026-08-10 16:53,-95.8881,36.1984,206.00,95.00,71.00,46.11,9.00,30.03
TUL,2026-08-10 17:53,-95.8881,36.1984,206.00,96.00,70.00,43.23,10.00,30.01
TUL,2026-08-10 18:53,-95.8881,36.1984,206.00,99.00,69.00,38.14,10.00,30.00
TUL,2026-08-10 19:53,-95.8881,36.1984,206.00,100.00,68.00,35.76,14.00,29.98
TUL,2026-08-10 20:53,-95.8881,36.1984,206.00,99.00,68.00,36.86,12.00,29.96
TUL,2026-08-10 21:53,-95.8881,36.1984,206.00,100.00,68.00,35.76,9.00,29.95
TUL,2026-08-10 22:53,-95.8881,36.1984,206.00,100.00,67.00,34.55,15.00,29.95
TUL,2026-08-10 23:53,-95.8881,36.1984,206.00,98.00,66.00,35.45,12.00,29.94
TUL,2026-08-11 00:53,-95.8881,36.1984,206.00,96.00,66.00,37.68,13.00,29.94
TUL,2026-08-11 01:53,-95.8881,36.1984,206.00,95.00,66.00,38.85,11.00,29.95
TUL,2026-08-11 02:53,-95.8881,36.1984,206.00,93.00,66.00,41.31,13.00,29.97
TUL,2026-08-11 03:53,-95.8881,36.1984,206.00,91.00,67.00,45.51,12.00,29.99
TUL,2026-08-11 04:53,-95.8881,36.1984,206.00,90.00,67.00,46.95,13.00,30.00
TUL,2026-08-11 05:53,-95.8881,36.1984,206.00,88.00,67.00,50.00,12.00,29.99
TUL,2026-08-11 06:53,-95.8881,36.1984,206.00,86.00,67.00,53.27,12.00,29.98
TUL,2026-08-11 07:53,-95.8881,36.1984,206.00,85.00,68.00,56.92,10.00,29.98
TUL,2026-08-11 08:53,-95.8881,36.1984,206.00,84.00,68.00,58.77,13.00,29.98
TUL,2026-08-11 09:53,-95.8881,36.1984,206.00,83.00,68.00,60.70,10.00,29.99
TUL,2026-08-11 10:53,-95.8881,36.1984,206.00,82.00,69.00,64.88,7.00,29.99
TUL,2026-08-11 11:53,-95.8881,36.1984,206.00,82.00,70.00,67.13,10.00,30.00
TUL,2026-08-11 12:53,-95.8881,36.1984,206.00,84.00,71.00,65.11,10.00,30.00
TUL,2026-08-11 13:53,-95.8881,36.1984,206.00,85.00,71.00,63.06,8.00,30.00
TUL,2026-08-11 14:53,-95.8881,36.1984,206.00,89.00,72.00,57.47,9.00,30.01
TUL,2026-08-11 15:53,-95.8881,36.1984,206.00,93.00,72.00,50.73,10.00,30.00
TUL,2026-08-11 16:53,-95.8881,36.1984,206.00,95.00,72.00,47.70,10.00,29.99
TUL,2026-08-11 17:53,-95.8881,36.1984,206.00,97.00,72.00,44.87,12.00,29.96
TUL,2026-08-11 18:53,-95.8881,36.1984,206.00,98.00,72.00,43.53,15.00,29.94
TUL,2026-08-11 19:53,-95.8881,36.1984,206.00,101.00,71.00,38.45,9.00,29.92
TUL,2026-08-11 20:53,-95.8881,36.1984,206.00,101.00,67.00,33.53,15.00,29.90
TUL,2026-08-11 21:53,-95.8881,36.1984,206.00,101.00,67.00,33.53,10.00,29.89
TUL,2026-08-11 22:53,-95.8881,36.1984,206.00,100.00,67.00,34.55,16.00,29.88
TUL,2026-08-11 23:53,-95.8881,36.1984,206.00,99.00,66.00,34.40,12.00,29.87
TUL,2026-08-12 00:53,-95.8881,36.1984,206.00,97.00,64.00,34.09,12.00,29.86
TUL,2026-08-12 01:53,-95.8881,36.1984,206.00,95.00,68.00,41.62,11.00,29.87
TUL,2026-08-12 02:53,-95.8881,36.1984,206.00,93.00,68.00,44.27,10.00,29.88
TUL,2026-08-12 03:53,-95.8881,36.1984,206.00,92.00,68.00,45.66,14.00,29.89
TUL,2026-08-12 04:53,-95.8881,36.1984,206.00,90.00,69.00,50.29,13.00,29.88
TUL,2026-08-12 05:53,-95.8881,36.1984,206.00,88.00,69.00,53.55,13.00,29.89
TUL,2026-08-12 06:53,-95.8881,36.1984,206.00,87.00,69.00,55.27,10.00,29.88
TUL,2026-08-12 07:53,-95.8881,36.1984,206.00,86.00,69.00,57.06,12.00,29.88
TUL,2026-08-12 08:53,-95.8881,36.1984,206.00,85.00,69.00,58.91,10.00,29.87
TUL,2026-08-12 09:53,-95.8881,36.1984,206.00,85.00,68.00,56.92,10.00,29.88
TUL,2026-08-12 10:53,-95.8881,36.1984,206.00,85.00,67.00,54.99,10.00,29.89
TUL,2026-08-12 11:53,-95.8881,36.1984,206.00,84.00,68.00,58.77,10.00,29.89
TUL,2026-08-12 12:53,-95.8881,36.1984,206.00,85.00,69.00,58.91,8.00,29.90
TUL,2026-08-12 13:53,-95.8881,36.1984,206.00,87.00,70.00,57.19,10.00,29.89
TUL,2026-08-12 14:53,-95.8881,36.1984,206.00,90.00,70.00,52.04,13.00,29.89
TUL,2026-08-12 15:53,-95.8881,36.1984,206.00,92.00,70.00,48.89,16.00,29.87
TUL,2026-08-12 16:53,-95.8881,36.1984,206.00,96.00,71.00,44.72,12.00,29.88
TUL,2026-08-12 17:53,-95.8881,36.1984,206.00,98.00,70.00,40.68,11.00,29.87
TUL,2026-08-12 18:53,-95.8881,36.1984,206.00,100.00,71.00,39.62,12.00,29.85
TUL,2026-08-12 19:53,-95.8881,36.1984,206.00,101.00,69.00,35.92,13.00,29.83
TUL,2026-08-12 20:53,-95.8881,36.1984,206.00,103.00,66.00,30.52,13.00,29.81
TUL,2026-08-12 21:53,-95.8881,36.1984,206.00,102.00,67.00,32.55,14.00,29.79
TUL,2026-08-12 22:53,-95.8881,36.1984,206.00,101.00,66.00,32.39,11.00,29.79
TUL,2026-08-12 23:53,-95.8881,36.1984,206.00,100.00,65.00,32.24,8.00,29.77
TUL,2026-08-13 00:53,-95.8881,36.1984,206.00,98.00,65.00,34.24,8.00,29.77
TUL,2026-08-13 01:53,-95.8881,36.1984,206.00,96.00,67.00,39.00,11.00,29.79
TUL,2026-08-13 02:53,-95.8881,36.1984,206.00,94.00,68.00,42.92,10.00,29.82
TUL,2026-08-13 03:53,-95.8881,36.1984,206.00,92.00,69.00,47.25,15.00,29.82
TUL,2026-08-13 04:53,-95.8881,36.1984,206.00,91.00,69.00,48.74,13.00,29.83
TUL,2026-08-13 05:53,-95.8881,36.1984,206.00,90.00,69.00,50.29,19.00,29.83
TUL,2026-08-13 06:53,-95.8881,36.1984,206.00,88.00,69.00,53.55,14.00,29.83
TUL,2026-08-13 07:53,-95.8881,36.1984,206.00,87.00,69.00,55.27,14.00,29.82
TUL,2026-08-13 08:53,-95.8881,36.1984,206.00,86.00,69.00,57.06,11.00,29.82
TUL,2026-08-13 09:53,-95.8881,36.1984,206.00,85.00,69.00,58.91,12.00,29.83
TUL,2026-08-13 10:53,-95.8881,36.1984,206.00,84.00,69.00,60.82,12.00,29.84
TUL,2026-08-13 11:53,-95.8881,36.1984,206.00,83.00,69.00,62.81,12.00,29.85
TUL,2026-08-13 12:53,-95.8881,36.1984,206.00,85.00,70.00,60.95,10.00,29.87
TUL,2026-08-13 13:53,-95.8881,36.1984,206.00,88.00,71.00,57.33,15.00,29.87
TUL,2026-08-13 14:53,-95.8881,36.1984,206.00,92.00,71.00,50.58,17.00,29.87
TUL,2026-08-13 15:53,-95.8881,36.1984,206.00,94.00,72.00,49.19,16.00,29.86
TUL,2026-08-13 16:53,-95.8881,36.1984,206.00,97.00,72.00,44.87,18.00,29.86
TUL,2026-08-13 17:53,-95.8881,36.1984,206.00,100.00,71.00,39.62,17.00,29.84
TUL,2026-08-13 18:53,-95.8881,36.1984,206.00,103.00,69.00,33.84,19.00,29.83
TUL,2026-08-13 19:53,-95.8881,36.1984,206.00,99.00,69.00,38.14,16.00,29.82
TUL,2026-08-13 20:53,-95.8881,36.1984,206.00,104.00,67.00,30.67,16.00,29.80
TUL,2026-08-13 21:53,-95.8881,36.1984,206.00,104.00,65.00,28.62,18.00,29.79
TUL,2026-08-13 22:53,-95.8881,36.1984,206.00,103.00,64.00,28.47,16.00,29.78
TUL,2026-08-13 23:53,-95.8881,36.1984,206.00,102.00,65.00,30.37,14.00,29.78
TUL,2026-08-14 00:53,-95.8881,36.1984,206.00,98.00,65.00,34.24,18.00,29.79
TUL,2026-08-14 01:53,-95.8881,36.1984,206.00,96.00,65.00,36.39,14.00,29.82
TUL,2026-08-14 02:53,-95.8881,36.1984,206.00,94.00,66.00,40.06,18.00,29.85
TUL,2026-08-14 03:53,-95.8881,36.1984,206.00,93.00,66.00,41.31,17.00,29.87
TUL,2026-08-14 04:53,-95.8881,36.1984,206.00,91.00,66.00,43.96,13.00,29.88
TUL,2026-08-14 05:53,-95.8881,36.1984,206.00,90.00,66.00,45.35,16.00,29.89
TUL,2026-08-14 06:53,-95.8881,36.1984,206.00,88.00,66.00,48.30,16.00,29.90
TUL,2026-08-14 07:53,-95.8881,36.1984,206.00,86.00,66.00,51.46,15.00,29.90
TUL,2026-08-14 08:53,-95.8881,36.1984,206.00,86.00,66.00,51.46,13.00,29.91
TUL,2026-08-14 09:53,-95.8881,36.1984,206.00,84.00,67.00,56.78,12.00,29.91
TUL,2026-08-14 10:53,-95.8881,36.1984,206.00,83.00,67.00,58.64,13.00,29.91
TUL,2026-08-14 11:53,-95.8881,36.1984,206.00,84.00,69.00,60.82,11.00,29.93
TUL,2026-08-14 12:53,-95.8881,36.1984,206.00,85.00,70.00,60.95,16.00,29.94
TUL,2026-08-14 13:53,-95.8881,36.1984,206.00,87.00,70.00,57.19,16.00,29.97
TUL,2026-08-14 14:53,-95.8881,36.1984,206.00,90.00,70.00,52.04,8.00,29.99
TUL,2026-08-14 15:53,-95.8881,36.1984,206.00,93.00,71.00,49.04,13.00,30.00
TUL,2026-08-14 16:53,-95.8881,36.1984,206.00,95.00,71.00,46.11,17.00,29.99
TUL,2026-08-14 17:53,-95.8881,36.1984,206.00,98.00,71.00,42.08,18.00,29.98
TUL,2026-08-14 18:53,-95.8881,36.1984,206.00,101.00,70.00,37.17,16.00,29.95
TUL,2026-08-14 19:53,-95.8881,36.1984,206.00,102.00,70.00,36.07,15.00,29.94
TUL,2026-08-14 20:53,-95.8881,36.1984,206.00,103.00,68.00,32.70,17.00,29.93
TUL,2026-08-14 21:53,-95.8881,36.1984,206.00,103.00,67.00,31.59,15.00,29.92
TUL,2026-08-14 22:53,-95.8881,36.1984,206.00,102.00,67.00,32.55,20.00,29.91
TUL,2026-08-14 23:53,-95.8881,36.1984,206.00,100.00,66.00,33.38,14.00,29.91
TUL,2026-08-15 00:53,-95.8881,36.1984,206.00,98.00,65.00,34.24,14.00,29.92
TUL,2026-08-15 01:53,-95.8881,36.1984,206.00,96.00,67.00,39.00,12.00,29.95
TUL,2026-08-15 02:53,-95.8881,36.1984,206.00,94.00,66.00,40.06,12.00,29.99
TUL,2026-08-15 03:53,-95.8881,36.1984,206.00,91.00,65.00,42.46,10.00,30.01
TUL,2026-08-15 04:53,-95.8881,36.1984,206.00,89.00,64.00,43.65,14.00,30.00
TUL,2026-08-15 05:53,-95.8881,36.1984,206.00,89.00,63.00,42.15,16.00,29.99
TUL,2026-08-15 06:53,-95.8881,36.1984,206.00,88.00,63.00,43.50,13.00,30.00
TUL,2026-08-15 07:53,-95.8881,36.1984,206.00,86.00,64.00,47.99,10.00,30.01
TUL,2026-08-15 08:53,-95.8881,36.1984,206.00,85.00,65.00,51.31,10.00,30.01
TUL,2026-08-15 09:53,-95.8881,36.1984,206.00,84.00,66.00,54.85,11.00,30.03
TUL,2026-08-15 10:53,-95.8881,36.1984,206.00,83.00,67.00,58.64,8.00,30.05
TUL,2026-08-15 11:53,-95.8881,36.1984,206.00,79.00,68.00,69.12,5.00,30.07
TUL,2026-08-15 12:53,-95.8881,36.1984,206.00,83.00,69.00,62.81,6.00,30.08
TUL,2026-08-15 13:53,-95.8881,36.1984,206.00,87.00,70.00,57.19,11.00,30.09
TUL,2026-08-15 14:53,-95.8881,36.1984,206.00,89.00,71.00,55.55,11.00,30.09
TUL,2026-08-15 15:53,-95.8881,36.1984,206.00,93.00,71.00,49.04,9.00,30.09
TUL,2026-08-15 16:53,-95.8881,36.1984,206.00,94.00,71.00,47.55,13.00,30.08
TUL,2026-08-15 17:53,-95.8881,36.1984,206.00,97.00,69.00,40.52,11.00,30.06
TUL,2026-08-15 18:53,-95.8881,36.1984,206.00,101.00,67.00,33.53,7.00,30.04
TUL,2026-08-15 19:53,-95.8881,36.1984,206.00,101.00,66.00,32.39,8.00,30.03
TUL,2026-08-15 20:53,-95.8881,36.1984,206.00,102.00,66.00,31.44,12.00,30.01
TUL,2026-08-15 21:53,-95.8881,36.1984,206.00,102.00,66.00,31.44,10.00,30.00
TUL,2026-08-15 22:53,-95.8881,36.1984,206.00,102.00,68.00,33.69,14.00,29.98
TUL,2026-08-15 23:53,-95.8881,36.1984,206.00,100.00,68.00,35.76,13.00,29.97
TUL,2026-08-16 00:53,-95.8881,36.1984,206.00,98.00,68.00,37.99,12.00,29.97
TUL,2026-08-16 01:53,-95.8881,36.1984,206.00,96.00,69.00,41.78,8.00,29.99
TUL,2026-08-16 02:53,-95.8881,36.1984,206.00,94.00,69.00,44.42,8.00,30.00
TUL,2026-08-16 03:53,-95.8881,36.1984,206.00,93.00,69.00,45.81,9.00,30.01
TUL,2026-08-16 04:53,-95.8881,36.1984,206.00,92.00,69.00,47.25,11.00,30.03
TUL,2026-08-16 05:53,-95.8881,36.1984,206.00,91.00,69.00,48.74,10.00,30.04
TUL,2026-08-16 06:53,-95.8881,36.1984,206.00,89.00,69.00,51.89,10.00,30.04
TUL,2026-08-16 07:53,-95.8881,36.1984,206.00,87.00,69.00,55.27,13.00,30.03
TUL,2026-08-16 08:53,-95.8881,36.1984,206.00,88.00,68.00,51.75,10.00,30.04
TUL,2026-08-16 09:53,-95.8881,36.1984,206.00,86.00,68.00,55.13,10.00,30.03
TUL,2026-08-16 10:53,-95.8881,36.1984,206.00,86.00,68.00,55.13,11.00,30.03
TUL,2026-08-16 11:53,-95.8881,36.1984,206.00,85.00,68.00,56.92,11.00,30.04
TUL,2026-08-16 12:53,-95.8881,36.1984,206.00,86.00,68.00,55.13,10.00,30.05
TUL,2026-08-16 13:53,-95.8881,36.1984,206.00,89.00,68.00,50.14,7.00,30.06
TUL,2026-08-16 14:53,-95.8881,36.1984,206.00,92.00,68.00,45.66,9.00,30.05
TUL,2026-08-16 15:53,-95.8881,36.1984,206.00,95.00,68.00,41.62,7.00,30.05
TUL,2026-08-16 16:53,-95.8881,36.1984,206.00,97.00,68.00,39.16,7.00,30.06
TUL,2026-08-16 17:53,-95.8881,36.1984,206.00,99.00,68.00,36.86,5.00,30.04
TUL,2026-08-16 18:53,-95.8881,36.1984,206.00,101.00,68.00,34.71,6.00,30.02
TUL,2026-08-16 19:53,-95.8881,36.1984,206.00,102.00,68.00,33.69,9.00,30.00
TUL,2026-08-16 20:53,-95.8881,36.1984,206.00,103.00,68.00,32.70,9.00,29.98
TUL,2026-08-16 21:53,-95.8881,36.1984,206.00,102.00,66.00,31.44,6.00,29.96
TUL,2026-08-16 22:53,-95.8881,36.1984,206.00,104.00,66.00,29.63,12.00,29.95
TUL,2026-08-16 23:53,-95.8881,36.1984,206.00,100.00,68.00,35.76,8.00,29.95
TUL,2026-08-17 00:53,-95.8881,36.1984,206.00,96.00,70.00,43.23,9.00,29.95
TUL,2026-08-17 01:53,-95.8881,36.1984,206.00,92.00,70.00,48.89,7.00,29.97
TUL,2026-08-17 02:53,-95.8881,36.1984,206.00,91.00,71.00,52.18,6.00,30.00
TUL,2026-08-17 03:53,-95.8881,36.1984,206.00,90.00,72.00,55.69,10.00,30.02
TUL,2026-08-17 04:53,-95.8881,36.1984,206.00,88.00,72.00,59.30,9.00,30.04
TUL,2026-08-17 05:53,-95.8881,36.1984,206.00,85.00,72.00,65.23,9.00,30.05
TUL,2026-08-17 06:53,-95.8881,36.1984,206.00,83.00,72.00,69.56,5.00,30.06
TUL,2026-08-17 07:53,-95.8881,36.1984,206.00,82.00,72.00,71.84,7.00,30.05
TUL,2026-08-17 08:53,-95.8881,36.1984,206.00,80.00,72.00,76.67,5.00,30.05
TUL,2026-08-17 09:53,-95.8881,36.1984,206.00,80.00,72.00,76.67,5.00,30.06
TUL,2026-08-17 10:53,-95.8881,36.1984,206.00,79.00,72.00,79.22,7.00,30.07
TUL,2026-08-17 11:53,-95.8881,36.1984,206.00,78.00,72.00,81.86,6.00,30.08
TUL,2026-08-17 12:53,-95.8881,36.1984,206.00,80.00,72.00,76.67,8.00,30.11
TUL,2026-08-17 13:53,-95.8881,36.1984,206.00,73.00,73.00,100.00,5.00,30.20
TUL,2026-08-17 14:53,-95.8881,36.1984,206.00,74.00,73.00,96.70,9.00,30.12
TUL,2026-08-17 15:53,-95.8881,36.1984,206.00,75.00,72.00,90.42,7.00,30.11
TUL,2026-08-17 16:53,-95.8881,36.1984,206.00,77.00,73.00,87.51,4.00,30.09
TUL,2026-08-17 17:53,-95.8881,36.1984,206.00,80.00,72.00,76.67,0.00,30.09
TUL,2026-08-17 18:53,-95.8881,36.1984,206.00,82.00,74.00,76.84,9.00,30.10
TUL,2026-08-17 19:53,-95.8881,36.1984,206.00,85.00,73.00,67.47,9.00,30.10
TUL,2026-08-17 20:53,-95.8881,36.1984,206.00,85.00,72.00,65.23,9.00,30.09
TUL,2026-08-17 21:53,-95.8881,36.1984,206.00,85.00,71.00,63.06,3.00,30.07
TUL,2026-08-17 22:53,-95.8881,36.1984,206.00,86.00,71.00,61.08,8.00,30.06
TUL,2026-08-17 23:53,-95.8881,36.1984,206.00,87.00,70.00,57.19,6.00,30.04
TUL,2026-08-18 00:53,-95.8881,36.1984,206.00,84.00,70.00,62.94,6.00,30.03
TUL,2026-08-18 01:53,-95.8881,36.1984,206.00,82.00,71.00,69.45,0.00,30.02
TUL,2026-08-18 02:53,-95.8881,36.1984,206.00,77.00,73.00,87.51,4.00,30.04
TUL,2026-08-18 03:53,-95.8881,36.1984,206.00,80.00,71.00,74.12,4.00,30.04
TUL,2026-08-18 04:53,-95.8881,36.1984,206.00,79.00,71.00,76.58,4.00,30.04
TUL,2026-08-18 05:53,-95.8881,36.1984,206.00,74.00,71.00,90.38,4.00,30.06
TUL,2026-08-18 06:53,-95.8881,36.1984,206.00,75.00,70.00,84.49,0.00,30.05
TUL,2026-08-18 07:53,-95.8881,36.1984,206.00,73.00,70.00,90.34,3.00,30.03
TUL,2026-08-18 08:53,-95.8881,36.1984,206.00,72.00,70.00,93.44,0.00,30.03
TUL,2026-08-18 09:53,-95.8881,36.1984,206.00,71.00,69.00,93.41,0.00,30.04
TUL,2026-08-18 10:53,-95.8881,36.1984,206.00,72.00,69.00,90.30,0.00,30.04
TUL,2026-08-18 11:53,-95.8881,36.1984,206.00,71.00,68.00,90.26,3.00,30.03
TUL,2026-08-18 12:53,-95.8881,36.1984,206.00,75.00,70.00,84.49,0.00,30.03
TUL,2026-08-18 13:53,-95.8881,36.1984,206.00,80.00,71.00,74.12,6.00,30.03
TUL,2026-08-18 14:53,-95.8881,36.1984,206.00,85.00,73.00,67.47,6.00,30.02
TUL,2026-08-18 15:53,-95.8881,36.1984,206.00,89.00,73.00,59.44,7.00,30.02
TUL,2026-08-18 16:53,-95.8881,36.1984,206.00,93.00,72.00,50.73,6.00,30.00
TUL,2026-08-18 17:53,-95.8881,36.1984,206.00,96.00,71.00,44.72,7.00,29.97
TUL,2026-08-18 18:53,-95.8881,36.1984,206.00,99.00,69.00,38.14,6.00,29.95
TUL,2026-08-18 19:53,-95.8881,36.1984,206.00,103.00,66.00,30.52,3.00,29.93
TUL,2026-08-18 20:53,-95.8881,36.1984,206.00,103.00,65.00,29.48,6.00,29.90
TUL,2026-08-18 21:53,-95.8881,36.1984,206.00,104.00,66.00,29.63,7.00,29.88
TUL,2026-08-18 22:53,-95.8881,36.1984,206.00,105.00,64.00,26.83,7.00,29.86
TUL,2026-08-18 23:53,-95.8881,36.1984,206.00,102.00,66.00,31.44,5.00,29.84
TUL,2026-08-19 00:53,-95.8881,36.1984,206.00,96.00,69.00,41.78,7.00,29.83
TUL,2026-08-19 01:53,-95.8881,36.1984,206.00,94.00,67.00,41.47,6.00,29.83
TUL,2026-08-19 02:53,-95.8881,36.1984,206.00,94.00,65.00,38.69,6.00,29.85
TUL,2026-08-19 03:53,-95.8881,36.1984,206.00,94.00,63.00,36.08,11.00,29.84
TUL,2026-08-19 04:53,-95.8881,36.1984,206.00,94.00,61.00,33.62,16.00,29.83
TUL,2026-08-19 05:53,-95.8881,36.1984,206.00,92.00,62.00,37.05,16.00,29.85
TUL,2026-08-19 06:53,-95.8881,36.1984,206.00,92.00,62.00,37.05,12.00,29.85
TUL,2026-08-19 07:53,-95.8881,36.1984,206.00,90.00,61.00,38.06,11.00,29.84
TUL,2026-08-19 08:53,-95.8881,36.1984,206.00,89.00,61.00,39.28,13.00,29.83
TUL,2026-08-19 09:53,-95.8881,36.1984,206.00,88.00,61.00,40.53,8.00,29.84
TUL,2026-08-19 10:53,-95.8881,36.1984,206.00,87.00,61.00,41.83,10.00,29.85
TUL,2026-08-19 11:53,-95.8881,36.1984,206.00,86.00,61.00,43.19,8.00,29.87
TUL,2026-08-19 12:53,-95.8881,36.1984,206.00,87.00,62.00,43.34,10.00,29.88
TUL,2026-08-19 13:53,-95.8881,36.1984,206.00,89.00,63.00,42.15,10.00,29.89
TUL,2026-08-19 14:53,-95.8881,36.1984,206.00,91.00,65.00,42.46,4.00,29.91
TUL,2026-08-19 15:53,-95.8881,36.1984,206.00,94.00,63.00,36.08,11.00,29.90
TUL,2026-08-19 16:53,-95.8881,36.1984,206.00,99.00,63.00,30.98,12.00,29.89
TUL,2026-08-19 17:53,-95.8881,36.1984,206.00,100.00,64.00,31.13,10.00,29.89
TUL,2026-08-19 18:53,-95.8881,36.1984,206.00,101.00,65.00,31.29,10.00,29.88
TUL,2026-08-19 19:53,-95.8881,36.1984,206.00,101.00,64.00,30.21,7.00,29.85
TUL,2026-08-19 20:53,-95.8881,36.1984,206.00,103.00,65.00,29.48,8.00,29.81
TUL,2026-08-19 21:53,-95.8881,36.1984,206.00,103.00,65.00,29.48,10.00,29.81
TUL,2026-08-19 22:53,-95.8881,36.1984,206.00,103.00,64.00,28.47,7.00,29.81
TUL,2026-08-19 23:53,-95.8881,36.1984,206.00,99.00,66.00,34.40,10.00,29.81
TUL,2026-08-20 00:53,-95.8881,36.1984,206.00,94.00,62.00,34.83,9.00,29.82
TUL,2026-08-20 01:53,-95.8881,36.1984,206.00,88.00,63.00,43.50,7.00,29.84
TUL,2026-08-20 02:53,-95.8881,36.1984,206.00,91.00,63.00,39.59,8.00,29.87
TUL,2026-08-20 03:53,-95.8881,36.1984,206.00,89.00,65.00,45.20,6.00,29.88
TUL,2026-08-20 04:53,-95.8881,36.1984,206.00,88.00,66.00,48.30,4.00,29.90
TUL,2026-08-20 05:53,-95.8881,36.1984,206.00,84.00,67.00,56.78,3.00,29.92
TUL,2026-08-20 06:53,-95.8881,36.1984,206.00,85.00,67.00,54.99,3.00,29.90
TUL,2026-08-20 07:53,-95.8881,36.1984,206.00,81.00,69.00,67.01,5.00,29.90
TUL,2026-08-20 08:53,-95.8881,36.1984,206.00,80.00,69.00,69.23,0.00,29.91
TUL,2026-08-20 09:53,-95.8881,36.1984,206.00,79.00,71.00,76.58,6.00,29.93
TUL,2026-08-20 10:53,-95.8881,36.1984,206.00,78.00,71.00,79.14,4.00,29.93
TUL,2026-08-20 11:53,-95.8881,36.1984,206.00,78.00,71.00,79.14,6.00,29.95
TUL,2026-08-20 12:53,-95.8881,36.1984,206.00,81.00,72.00,74.21,4.00,29.97
TUL,2026-08-20 13:53,-95.8881,36.1984,206.00,85.00,73.00,67.47,6.00,29.98
TUL,2026-08-20 14:53,-95.8881,36.1984,206.00,90.00,72.00,55.69,7.00,29.98
TUL,2026-08-20 15:53,-95.8881,36.1984,206.00,94.00,71.00,47.55,7.00,29.99
TUL,2026-08-20 16:53,-95.8881,36.1984,206.00,96.00,69.00,41.78,6.00,29.99
TUL,2026-08-20 17:53,-95.8881,36.1984,206.00,99.00,67.00,35.61,6.00,29.98
TUL,2026-08-20 18:53,-95.8881,36.1984,206.00,100.00,65.00,32.24,7.00,29.96
TUL,2026-08-20 19:53,-95.8881,36.1984,206.00,102.00,63.00,28.31,0.00,29.95
TUL,2026-08-20 20:53,-95.8881,36.1984,206.00,103.00,64.00,28.47,4.00,29.93
TUL,2026-08-20 21:53,-95.8881,36.1984,206.00,102.00,64.00,29.32,0.00,29.92
TUL,2026-08-20 22:53,-95.8881,36.1984,206.00,103.00,63.00,27.49,6.00,29.92
TUL,2026-08-20 23:53,-95.8881,36.1984,206.00,101.00,62.00,28.16,6.00,29.92
TUL,2026-08-21 00:53,-95.8881,36.1984,206.00,96.00,63.00,33.93,11.00,29.93
TUL,2026-08-21 01:53,-95.8881,36.1984,206.00,93.00,64.00,38.53,7.00,29.94
TUL,2026-08-21 02:53,-95.8881,36.1984,206.00,92.00,63.00,38.38,9.00,29.97
TUL,2026-08-21 03:53,-95.8881,36.1984,206.00,88.00,64.00,45.05,8.00,29.97
TUL,2026-08-21 04:53,-95.8881,36.1984,206.00,87.00,64.00,46.49,6.00,29.99
TUL,2026-08-21 05:53,-95.8881,36.1984,206.00,84.00,64.00,51.16,7.00,30.01
TUL,2026-08-21 06:53,-95.8881,36.1984,206.00,83.00,65.00,54.71,4.00,30.01
TUL,2026-08-21 07:53,-95.8881,36.1984,206.00,81.00,67.00,62.56,6.00,30.03
TUL,2026-08-21 08:53,-95.8881,36.1984,206.00,81.00,67.00,62.56,8.00,29.98
TUL,2026-08-21 09:53,-95.8881,36.1984,206.00,79.00,68.00,69.12,12.00,30.02
TUL,2026-08-21 10:53,-95.8881,36.1984,206.00,80.00,67.00,64.63,6.00,30.03
TUL,2026-08-21 11:53,-95.8881,36.1984,206.00,76.00,67.00,73.73,6.00,30.11
TUL,2026-08-21 12:53,-95.8881,36.1984,206.00,77.00,69.00,76.41,14.00,30.04
TUL,2026-08-21 13:53,-95.8881,36.1984,206.00,78.00,70.00,76.49,9.00,30.07
TUL,2026-08-21 14:53,-95.8881,36.1984,206.00,80.00,69.00,69.23,9.00,30.07
TUL,2026-08-21 15:53,-95.8881,36.1984,206.00,83.00,67.00,58.64,11.00,30.06
TUL,2026-08-21 16:53,-95.8881,36.1984,206.00,88.00,67.00,50.00,8.00,30.06
TUL,2026-08-21 17:53,-95.8881,36.1984,206.00,91.00,66.00,43.96,10.00,30.03
TUL,2026-08-21 18:53,-95.8881,36.1984,206.00,93.00,69.00,45.81,5.00,30.02
TUL,2026-08-21 19:53,-95.8881,36.1984,206.00,96.00,68.00,40.37,3.00,30.01
TUL,2026-08-21 20:53,-95.8881,36.1984,206.00,100.00,66.00,33.38,6.00,29.98
TUL,2026-08-21 21:53,-95.8881,36.1984,206.00,100.00,67.00,34.55,5.00,29.96
TUL,2026-08-21 22:53,-95.8881,36.1984,206.00,101.00,65.00,31.29,4.00,29.94
TUL,2026-08-21 23:53,-95.8881,36.1984,206.00,99.00,67.00,35.61,6.00,29.95
TUL,2026-08-22 00:53,-95.8881,36.1984,206.00,92.00,68.00,45.66,5.00,29.95
TUL,2026-08-22 01:53,-95.8881,36.1984,206.00,89.00,70.00,53.70,5.00,29.96
TUL,2026-08-22 02:53,-95.8881,36.1984,206.00,88.00,70.00,55.41,5.00,29.98
TUL,2026-08-22 03:53,-95.8881,36.1984,206.00,89.00,70.00,53.70,6.00,29.99
TUL,2026-08-22 04:53,-95.8881,36.1984,206.00,86.00,71.00,61.08,5.00,29.98
TUL,2026-08-22 05:53,-95.8881,36.1984,206.00,83.00,71.00,67.24,4.00,29.99
TUL,2026-08-22 06:53,-95.8881,36.1984,206.00,82.00,71.00,69.45,0.00,29.99
TUL,2026-08-22 07:53,-95.8881,36.1984,206.00,82.00,69.00,64.88,5.00,29.98
TUL,2026-08-22 08:53,-95.8881,36.1984,206.00,83.00,69.00,62.81,3.00,29.97
TUL,2026-08-22 09:53,-95.8881,36.1984,206.00,77.00,69.00,76.41,3.00,29.97
TUL,2026-08-22 10:53,-95.8881,36.1984,206.00,77.00,69.00,76.41,5.00,29.98
TUL,2026-08-22 11:53,-95.8881,36.1984,206.00,75.00,70.00,84.49,0.00,30.00
TUL,2026-08-22 12:53,-95.8881,36.1984,206.00,82.00,70.00,67.13,7.00,30.03
TUL,2026-08-22 13:53,-95.8881,36.1984,206.00,84.00,69.00,60.82,5.00,30.04
TUL,2026-08-22 14:53,-95.8881,36.1984,206.00,84.00,67.00,56.78,4.00,30.03
TUL,2026-08-22 15:53,-95.8881,36.1984,206.00,86.00,67.00,53.27,4.00,30.05
TUL,2026-08-22 16:53,-95.8881,36.1984,206.00,87.00,68.00,53.41,7.00,30.07
TUL,2026-08-22 17:53,-95.8881,36.1984,206.00,90.00,68.00,48.59,11.00,30.06
TUL,2026-08-22 18:53,-95.8881,36.1984,206.00,87.00,69.00,55.27,14.00,30.07
TUL,2026-08-22 19:53,-95.8881,36.1984,206.00,86.00,70.00,59.04,10.00,30.05
TUL,2026-08-22 20:53,-95.8881,36.1984,206.00,90.00,72.00,55.69,10.00,30.02
TUL,2026-08-22 21:53,-95.8881,36.1984,206.00,91.00,71.00,52.18,11.00,30.01
TUL,2026-08-22 22:53,-95.8881,36.1984,206.00,91.00,69.00,48.74,7.00,30.00
TUL,2026-08-22 23:53,-95.8881,36.1984,206.00,90.00,69.00,50.29,5.00,29.99
TUL,2026-08-23 00:53,-95.8881,36.1984,206.00,87.00,69.00,55.27,4.00,29.98
TUL,2026-08-23 01:53,-95.8881,36.1984,206.00,86.00,67.00,53.27,8.00,30.01
TUL,2026-08-23 02:53,-95.8881,36.1984,206.00,83.00,66.00,56.65,6.00,30.04
TUL,2026-08-23 03:53,-95.8881,36.1984,206.00,81.00,66.00,60.44,6.00,30.05
TUL,2026-08-23 04:53,-95.8881,36.1984,206.00,79.00,66.00,64.51,6.00,30.05
TUL,2026-08-23 05:53,-95.8881,36.1984,206.00,77.00,67.00,71.33,5.00,30.06
TUL,2026-08-23 06:53,-95.8881,36.1984,206.00,76.00,67.00,73.73,5.00,30.05
TUL,2026-08-23 07:53,-95.8881,36.1984,206.00,75.00,66.00,73.64,7.00,30.04
TUL,2026-08-23 08:53,-95.8881,36.1984,206.00,74.00,66.00,76.14,4.00,30.04
TUL,2026-08-23 09:53,-95.8881,36.1984,206.00,72.00,66.00,81.44,4.00,30.05
TUL,2026-08-23 10:53,-95.8881,36.1984,206.00,72.00,67.00,84.30,5.00,30.04
TUL,2026-08-23 11:53,-95.8881,36.1984,206.00,72.00,67.00,84.30,3.00,30.06
TUL,2026-08-23 12:53,-95.8881,36.1984,206.00,74.00,67.00,78.82,5.00,30.07
TUL,2026-08-23 13:53,-95.8881,36.1984,206.00,78.00,67.00,69.01,7.00,30.07
TUL,2026-08-23 14:53,-95.8881,36.1984,206.00,82.00,68.00,62.69,4.00,30.08
TUL,2026-08-23 15:53,-95.8881,36.1984,206.00,85.00,67.00,54.99,7.00,30.08
TUL,2026-08-23 16:53,-95.8881,36.1984,206.00,88.00,68.00,51.75,6.00,30.07
TUL,2026-08-23 17:53,-95.8881,36.1984,206.00,90.00,68.00,48.59,4.00,30.04
TUL,2026-08-23 18:53,-95.8881,36.1984,206.00,92.00,67.00,44.11,4.00,30.02
TUL,2026-08-23 19:53,-95.8881,36.1984,206.00,93.00,66.00,41.31,5.00,30.00
TUL,2026-08-23 20:53,-95.8881,36.1984,206.00,94.00,65.00,38.69,6.00,29.97
TUL,2026-08-23 21:53,-95.8881,36.1984,206.00,95.00,65.00,37.52,6.00,29.95
TUL,2026-08-23 22:53,-95.8881,36.1984,206.00,95.00,65.00,37.52,6.00,29.93
TUL,2026-08-23 23:53,-95.8881,36.1984,206.00,93.00,66.00,41.31,6.00,29.92
TUL,2026-08-24 00:53,-95.8881,36.1984,206.00,91.00,66.00,43.96,5.00,29.93
TUL,2026-08-24 01:53,-95.8881,36.1984,206.00,89.00,66.00,46.80,5.00,29.94
TUL,2026-08-24 02:53,-95.8881,36.1984,206.00,86.00,63.00,46.34,8.00,29.95
TUL,2026-08-24 03:53,-95.8881,36.1984,206.00,84.00,62.00,47.69,7.00,29.95
TUL,2026-08-24 04:53,-95.8881,36.1984,206.00,83.00,62.00,49.25,7.00,29.94
TUL,2026-08-24 05:53,-95.8881,36.1984,206.00,82.00,63.00,52.69,7.00,29.94
TUL,2026-08-24 06:53,-95.8881,36.1984,206.00,81.00,64.00,56.37,5.00,29.93
TUL,2026-08-24 07:53,-95.8881,36.1984,206.00,81.00,64.00,56.37,6.00,29.92
TUL,2026-08-24 08:53,-95.8881,36.1984,206.00,79.00,66.00,64.51,3.00,29.92
TUL,2026-08-24 09:53,-95.8881,36.1984,206.00,78.00,67.00,69.01,3.00,29.95
TUL,2026-08-24 10:53,-95.8881,36.1984,206.00,76.00,71.00,84.55,4.00,29.93
TUL,2026-08-24 11:53,-95.8881,36.1984,206.00,75.00,71.00,87.41,7.00,29.92
TUL,2026-08-24 12:53,-95.8881,36.1984,206.00,77.00,72.00,84.61,8.00,29.89
TUL,2026-08-24 13:53,-95.8881,36.1984,206.00,77.00,72.00,84.61,9.00,29.88
TUL,2026-08-24 14:53,-95.8881,36.1984,206.00,80.00,72.00,76.67,6.00,29.88
TUL,2026-08-24 15:53,-95.8881,36.1984,206.00,83.00,72.00,69.56,11.00,29.90
TUL,2026-08-24 16:53,-95.8881,36.1984,206.00,84.00,71.00,65.11,10.00,29.91
TUL,2026-08-24 17:53,-95.8881,36.1984,206.00,85.00,71.00,63.06,15.00,29.91
TUL,2026-08-24 18:53,-95.8881,36.1984,206.00,84.00,70.00,62.94,15.00,29.90
TUL,2026-08-24 19:53,-95.8881,36.1984,206.00,87.00,70.00,57.19,15.00,29.90
TUL,2026-08-24 20:53,-95.8881,36.1984,206.00,87.00,71.00,59.17,15.00,29.89
TUL,2026-08-24 21:53,-95.8881,36.1984,206.00,87.00,71.00,59.17,12.00,29.88
TUL,2026-08-24 22:53,-95.8881,36.1984,206.00,84.00,71.00,65.11,13.00,29.89
TUL,2026-08-24 23:53,-95.8881,36.1984,206.00,83.00,70.00,65.00,11.00,29.88
TUL,2026-08-25 00:53,-95.8881,36.1984,206.00,84.00,68.00,58.77,19.00,29.84
TUL,2026-08-25 01:53,-95.8881,36.1984,206.00,84.00,69.00,60.82,7.00,29.90
TUL,2026-08-25 02:53,-95.8881,36.1984,206.00,80.00,70.00,71.64,6.00,29.92
TUL,2026-08-25 03:53,-95.8881,36.1984,206.00,78.00,70.00,76.49,5.00,29.94
TUL,2026-08-25 04:53,-95.8881,36.1984,206.00,77.00,71.00,81.79,5.00,29.93
TUL,2026-08-25 05:53,-95.8881,36.1984,206.00,75.00,71.00,87.41,4.00,29.94
TUL,2026-08-25 06:53,-95.8881,36.1984,206.00,74.00,70.00,87.36,3.00,29.93
TUL,2026-08-25 07:53,-95.8881,36.1984,206.00,73.00,70.00,90.34,5.00,29.92
TUL,2026-08-25 08:53,-95.8881,36.1984,206.00,74.00,70.00,87.36,4.00,29.92
TUL,2026-08-25 09:53,-95.8881,36.1984,206.00,74.00,70.00,87.36,5.00,29.93
TUL,2026-08-25 10:53,-95.8881,36.1984,206.00,73.00,69.00,87.31,4.00,29.93
TUL,2026-08-25 11:53,-95.8881,36.1984,206.00,71.00,69.00,93.41,4.00,29.94
TUL,2026-08-25 12:53,-95.8881,36.1984,206.00,74.00,70.00,87.36,4.00,29.95
TUL,2026-08-25 13:53,-95.8881,36.1984,206.00,78.00,71.00,79.14,7.00,29.95
TUL,2026-08-25 14:53,-95.8881,36.1984,206.00,81.00,71.00,71.74,3.00,29.97
TUL,2026-08-25 15:53,-95.8881,36.1984,206.00,86.00,70.00,59.04,4.00,29.97
TUL,2026-08-25 16:53,-95.8881,36.1984,206.00,91.00,69.00,48.74,5.00,29.95
TUL,2026-08-25 17:53,-95.8881,36.1984,206.00,92.00,68.00,45.66,6.00,29.94
TUL,2026-08-25 18:53,-95.8881,36.1984,206.00,96.00,70.00,43.23,5.00,29.94
TUL,2026-08-25 19:53,-95.8881,36.1984,206.00,97.00,70.00,41.93,3.00,29.93
TUL,2026-08-25 20:53,-95.8881,36.1984,206.00,98.00,71.00,42.08,0.00,29.91
TUL,2026-08-25 21:53,-95.8881,36.1984,206.00,98.00,71.00,42.08,10.00,29.93
TUL,2026-08-25 22:53,-95.8881,36.1984,206.00,96.00,70.00,43.23,7.00,29.92
TUL,2026-08-25 23:53,-95.8881,36.1984,206.00,94.00,71.00,47.55,4.00,29.91
TUL,2026-08-26 00:53,-95.8881,36.1984,206.00,92.00,71.00,50.58,4.00,29.91
TUL,2026-08-26 01:53,-95.8881,36.1984,206.00,91.00,71.00,52.18,6.00,29.92
TUL,2026-08-26 02:53,-95.8881,36.1984,206.00,89.00,71.00,55.55,4.00,29.92
TUL,2026-08-26 03:53,-95.8881,36.1984,206.00,88.00,70.00,55.41,4.00,29.93
TUL,2026-08-26 04:53,-95.8881,36.1984,206.00,82.00,71.00,69.45,4.00,29.94
TUL,2026-08-26 05:53,-95.8881,36.1984,206.00,80.00,72.00,76.67,6.00,29.97
TUL,2026-08-26 06:53,-95.8881,36.1984,206.00,79.00,71.00,76.58,6.00,29.96
TUL,2026-08-26 07:53,-95.8881,36.1984,206.00,79.00,71.00,76.58,5.00,29.96
TUL,2026-08-26 08:53,-95.8881,36.1984,206.00,79.00,71.00,76.58,8.00,29.94
TUL,2026-08-26 09:53,-95.8881,36.1984,206.00,79.00,72.00,79.22,7.00,29.95
TUL,2026-08-26 10:53,-95.8881,36.1984,206.00,77.00,72.00,84.61,5.00,29.96
TUL,2026-08-26 11:53,-95.8881,36.1984,206.00,76.00,72.00,87.46,6.00,29.97
TUL,2026-08-26 12:53,-95.8881,36.1984,206.00,79.00,73.00,81.93,6.00,29.99
TUL,2026-08-26 13:53,-95.8881,36.1984,206.00,83.00,73.00,71.94,8.00,29.99
TUL,2026-08-26 14:53,-95.8881,36.1984,206.00,88.00,74.00,63.43,6.00,29.99
TUL,2026-08-26 15:53,-95.8881,36.1984,206.00,90.00,73.00,57.60,8.00,30.00
TUL,2026-08-26 16:53,-95.8881,36.1984,206.00,94.00,74.00,52.61,10.00,30.00
TUL,2026-08-26 17:53,-95.8881,36.1984,206.00,95.00,72.00,47.70,9.00,30.00
TUL,2026-08-26 18:53,-95.8881,36.1984,206.00,96.00,72.00,46.26,0.00,29.99
TUL,2026-08-26 19:53,-95.8881,36.1984,206.00,99.00,70.00,39.47,10.00,29.97
TUL,2026-08-26 20:53,-95.8881,36.1984,206.00,100.00,68.00,35.76,6.00,29.93
TUL,2026-08-26 21:53,-95.8881,36.1984,206.00,100.00,66.00,33.38,10.00,29.92
TUL,2026-08-26 22:53,-95.8881,36.1984,206.00,100.00,66.00,33.38,7.00,29.91
TUL,2026-08-26 23:53,-95.8881,36.1984,206.00,97.00,65.00,35.30,7.00,29.90
TUL,2026-08-27 00:53,-95.8881,36.1984,206.00,94.00,63.00,36.08,7.00,29.92
TUL,2026-08-27 01:53,-95.8881,36.1984,206.00,91.00,63.00,39.59,7.00,29.94
TUL,2026-08-27 02:53,-95.8881,36.1984,206.00,89.00,62.00,40.69,6.00,29.97
TUL,2026-08-27 03:53,-95.8881,36.1984,206.00,87.00,61.00,41.83,6.00,29.98
TUL,2026-08-27 04:53,-95.8881,36.1984,206.00,82.00,64.00,54.57,4.00,30.00
TUL,2026-08-27 05:53,-95.8881,36.1984,206.00,80.00,68.00,66.90,3.00,30.00
TUL,2026-08-27 06:53,-95.8881,36.1984,206.00,77.00,66.00,68.90,0.00,30.00
TUL,2026-08-27 07:53,-95.8881,36.1984,206.00,76.00,68.00,76.32,0.00,29.99
TUL,2026-08-27 08:53,-95.8881,36.1984,206.00,73.00,67.00,81.51,4.00,29.99
TUL,2026-08-27 09:53,-95.8881,36.1984,206.00,74.00,66.00,76.14,0.00,30.00
TUL,2026-08-27 10:53,-95.8881,36.1984,206.00,73.00,66.00,78.74,0.00,30.02
TUL,2026-08-27 11:53,-95.8881,36.1984,206.00,70.00,66.00,87.16,4.00,30.03
TUL,2026-08-27 12:53,-95.8881,36.1984,206.00,73.00,67.00,81.51,3.00,30.05
TUL,2026-08-27 13:53,-95.8881,36.1984,206.00,78.00,69.00,73.93,0.00,30.06
TUL,2026-08-27 14:53,-95.8881,36.1984,206.00,82.00,70.00,67.13,0.00,30.07
TUL,2026-08-27 15:53,-95.8881,36.1984,206.00,86.00,71.00,61.08,4.00,30.08
TUL,2026-08-27 16:53,-95.8881,36.1984,206.00,91.00,69.00,48.74,6.00,30.08
TUL,2026-08-27 17:53,-95.8881,36.1984,206.00,92.00,66.00,42.61,6.00,30.07
TUL,2026-08-27 18:53,-95.8881,36.1984,206.00,93.00,65.00,39.90,7.00,30.05
TUL,2026-08-27 19:53,-95.8881,36.1984,206.00,96.00,64.00,35.14,7.00,30.04
TUL,2026-08-27 20:53,-95.8881,36.1984,206.00,96.00,63.00,33.93,8.00,30.02
TUL,2026-08-27 21:53,-95.8881,36.1984,206.00,96.00,61.00,31.62,7.00,30.00
TUL,2026-08-27 22:53,-95.8881,36.1984,206.00,96.00,62.00,32.76,8.00,29.98
TUL,2026-08-27 23:53,-95.8881,36.1984,206.00,93.00,62.00,35.92,7.00,29.98
TUL,2026-08-28 00:53,-95.8881,36.1984,206.00,90.00,62.00,39.43,5.00,29.98
TUL,2026-08-28 01:53,-95.8881,36.1984,206.00,87.00,60.00,40.38,6.00,29.99
TUL,2026-08-28 02:53,-95.8881,36.1984,206.00,84.00,56.00,38.49,5.00,30.03
TUL,2026-08-28 03:53,-95.8881,36.1984,206.00,82.00,55.00,39.59,3.00,30.06
TUL,2026-08-28 04:53,-95.8881,36.1984,206.00,81.00,55.00,40.89,5.00,30.06
TUL,2026-08-28 05:53,-95.8881,36.1984,206.00,72.00,60.00,65.96,5.00,30.07
TUL,2026-08-28 06:53,-95.8881,36.1984,206.00,71.00,58.00,63.53,3.00,30.08
TUL,2026-08-28 07:53,-95.8881,36.1984,206.00,69.00,58.00,68.01,4.00,30.08
TUL,2026-08-28 08:53,-95.8881,36.1984,206.00,66.00,59.00,78.16,3.00,30.08
TUL,2026-08-28 09:53,-95.8881,36.1984,206.00,67.00,59.00,75.50,0.00,30.08
TUL,2026-08-28 10:53,-95.8881,36.1984,206.00,64.00,59.00,83.80,3.00,30.08
TUL,2026-08-28 11:53,-95.8881,36.1984,206.00,64.00,60.00,86.84,3.00,30.10
TUL,2026-08-28 12:53,-95.8881,36.1984,206.00,69.00,61.00,75.69,3.00,30.12
TUL,2026-08-28 13:53,-95.8881,36.1984,206.00,73.00,62.00,68.46,0.00,30.13
TUL,2026-08-28 14:53,-95.8881,36.1984,206.00,80.00,62.00,54.29,0.00,30.13
TUL,2026-08-28 15:53,-95.8881,36.1984,206.00,85.00,62.00,46.19,0.00,30.13
TUL,2026-08-28 16:53,-95.8881,36.1984,206.00,92.00,62.00,37.05,4.00,30.12
TUL,2026-08-28 17:53,-95.8881,36.1984,206.00,93.00,60.00,33.46,6.00,30.11
TUL,2026-08-28 18:53,-95.8881,36.1984,206.00,94.00,54.00,26.13,4.00,30.09
TUL,2026-08-28 19:53,-95.8881,36.1984,206.00,95.00,51.00,22.69,3.00,30.07
TUL,2026-08-28 20:53,-95.8881,36.1984,206.00,97.00,53.00,22.98,3.00,30.05
TUL,2026-08-28 21:53,-95.8881,36.1984,206.00,97.00,52.00,22.15,3.00,30.02
TUL,2026-08-28 22:53,-95.8881,36.1984,206.00,96.00,51.00,22.01,0.00,30.01
TUL,2026-08-28 23:53,-95.8881,36.1984,206.00,95.00,52.00,23.55,4.00,30.01
TUL,2026-08-29 00:53,-95.8881,36.1984,206.00,89.00,56.00,32.83,4.00,30.01
TUL,2026-08-29 01:53,-95.8881,36.1984,206.00,84.00,59.00,42.87,4.00,30.02
TUL,2026-08-29 02:53,-95.8881,36.1984,206.00,82.00,59.00,45.73,3.00,30.04
TUL,2026-08-29 03:53,-95.8881,36.1984,206.00,83.00,58.00,42.72,0.00,30.05
TUL,2026-08-29 04:53,-95.8881,36.1984,206.00,77.00,61.00,57.83,0.00,30.05
TUL,2026-08-29 05:53,-95.8881,36.1984,206.00,78.00,58.00,50.27,8.00,30.05
TUL,2026-08-29 06:53,-95.8881,36.1984,206.00,79.00,60.00,52.25,8.00,30.04
TUL,2026-08-29 07:53,-95.8881,36.1984,206.00,79.00,60.00,52.25,10.00,30.04
TUL,2026-08-29 08:53,-95.8881,36.1984,206.00,79.00,60.00,52.25,9.00,30.04
TUL,2026-08-29 09:53,-95.8881,36.1984,206.00,78.00,60.00,54.00,10.00,30.05
TUL,2026-08-29 10:53,-95.8881,36.1984,206.00,77.00,60.00,55.81,7.00,30.06
TUL,2026-08-29 11:53,-95.8881,36.1984,206.00,75.00,60.00,59.64,7.00,30.06
TUL,2026-08-29 12:53,-95.8881,36.1984,206.00,77.00,61.00,57.83,7.00,30.08
TUL,2026-08-29 13:53,-95.8881,36.1984,206.00,80.00,63.00,56.23,7.00,30.08
TUL,2026-08-29 14:53,-95.8881,36.1984,206.00,83.00,65.00,54.71,11.00,30.07
TUL,2026-08-29 15:53,-95.8881,36.1984,206.00,86.00,66.00,51.46,10.00,30.07
TUL,2026-08-29 16:53,-95.8881,36.1984,206.00,92.00,67.00,44.11,10.00,30.06
TUL,2026-08-29 17:53,-95.8881,36.1984,206.00,95.00,67.00,40.21,13.00,30.03
TUL,2026-08-29 18:53,-95.8881,36.1984,206.00,97.00,67.00,37.83,10.00,30.00
TUL,2026-08-29 19:53,-95.8881,36.1984,206.00,99.00,65.00,33.22,6.00,29.98
TUL,2026-08-29 20:53,-95.8881,36.1984,206.00,99.00,65.00,33.22,7.00,29.96
TUL,2026-08-29 21:53,-95.8881,36.1984,206.00,99.00,63.00,30.98,9.00,29.93
TUL,2026-08-29 22:53,-95.8881,36.1984,206.00,99.00,60.00,27.86,12.00,29.92
TUL,2026-08-29 23:53,-95.8881,36.1984,206.00,99.00,60.00,27.86,10.00,29.92
TUL,2026-08-30 00:53,-95.8881,36.1984,206.00,95.00,62.00,33.77,8.00,29.91
TUL,2026-08-30 01:53,-95.8881,36.1984,206.00,88.00,61.00,40.53,5.00,29.92
TUL,2026-08-30 02:53,-95.8881,36.1984,206.00,91.00,59.00,34.36,8.00,29.95
TUL,2026-08-30 03:53,-95.8881,36.1984,206.00,90.00,59.00,35.45,13.00,29.95
TUL,2026-08-30 04:53,-95.8881,36.1984,206.00,87.00,59.00,38.96,12.00,29.96
TUL,2026-08-30 05:53,-95.8881,36.1984,206.00,85.00,60.00,43.03,9.00,29.96
TUL,2026-08-30 06:53,-95.8881,36.1984,206.00,83.00,60.00,45.88,9.00,29.96
TUL,2026-08-30 07:53,-95.8881,36.1984,206.00,82.00,61.00,49.10,8.00,29.96
TUL,2026-08-30 08:53,-95.8881,36.1984,206.00,80.00,62.00,54.29,7.00,29.97
TUL,2026-08-30 09:53,-95.8881,36.1984,206.00,78.00,62.00,57.97,7.00,29.98
TUL,2026-08-30 10:53,-95.8881,36.1984,206.00,77.00,62.00,59.91,9.00,29.99
TUL,2026-08-30 11:53,-95.8881,36.1984,206.00,76.00,62.00,61.93,7.00,29.99
TUL,2026-08-30 12:53,-95.8881,36.1984,206.00,78.00,62.00,57.97,7.00,30.00
TUL,2026-08-30 13:53,-95.8881,36.1984,206.00,81.00,61.00,50.72,12.00,30.01
TUL,2026-08-30 14:53,-95.8881,36.1984,206.00,86.00,64.00,47.99,15.00,30.00
TUL,2026-08-30 15:53,-95.8881,36.1984,206.00,90.00,65.00,43.80,11.00,30.00
TUL,2026-08-30 16:53,-95.8881,36.1984,206.00,94.00,66.00,40.06,9.00,29.99
TUL,2026-08-30 17:53,-95.8881,36.1984,206.00,97.00,65.00,35.30,12.00,29.96
TUL,2026-08-30 18:53,-95.8881,36.1984,206.00,99.00,63.00,30.98,13.00,29.94
TUL,2026-08-30 19:53,-95.8881,36.1984,206.00,99.00,61.00,28.87,M,29.93
TUL,2026-08-30 20:53,-95.8881,36.1984,206.00,102.00,61.00,26.39,8.00,29.90
TUL,2026-08-30 21:53,-95.8881,36.1984,206.00,101.00,61.00,27.19,12.00,29.89
TUL,2026-08-30 22:53,-95.8881,36.1984,206.00,101.00,60.00,26.24,13.00,29.88
TUL,2026-08-30 23:53,-95.8881,36.1984,206.00,99.00,60.00,27.86,11.00,29.88
TUL,2026-08-31 00:53,-95.8881,36.1984,206.00,96.00,59.00,29.45,7.00,29.88
TUL,2026-08-31 01:53,-95.8881,36.1984,206.00,92.00,59.00,33.31,7.00,29.89
TUL,2026-08-31 02:53,-95.8881,36.1984,206.00,91.00,59.00,34.36,8.00,29.91
TUL,2026-08-31 03:53,-95.8881,36.1984,206.00,88.00,60.00,39.12,9.00,29.92
TUL,2026-08-31 04:53,-95.8881,36.1984,206.00,87.00,61.00,41.83,8.00,29.93
TUL,2026-08-31 05:53,-95.8881,36.1984,206.00,81.00,62.00,52.55,8.00,29.94
TUL,2026-08-31 06:53,-95.8881,36.1984,206.00,85.00,62.00,46.19,9.00,29.95
TUL,2026-08-31 07:53,-95.8881,36.1984,206.00,84.00,62.00,47.69,10.00,29.95
TUL,2026-08-31 08:53,-95.8881,36.1984,206.00,82.00,62.00,50.87,10.00,29.96
TUL,2026-08-31 09:53,-95.8881,36.1984,206.00,81.00,62.00,52.55,9.00,29.96
TUL,2026-08-31 10:53,-95.8881,36.1984,206.00,79.00,62.00,56.09,6.00,29.98
TUL,2026-08-31 11:53,-95.8881,36.1984,206.00,78.00,62.00,57.97,4.00,30.00
TUL,2026-08-31 12:53,-95.8881,36.1984,206.00,79.00,63.00,58.10,6.00,30.02
TUL,2026-08-31 13:53,-95.8881,36.1984,206.00,84.00,65.00,52.98,11.00,30.04
TUL,2026-08-31 14:53,-95.8881,36.1984,206.00,89.00,66.00,46.80,8.00,30.03
TUL,2026-08-31 15:53,-95.8881,36.1984,206.00,91.00,66.00,43.96,6.00,30.04
TUL,2026-08-31 16:53,-95.8881,36.1984,206.00,96.00,66.00,37.68,8.00,30.03
TUL,2026-08-31 17:53,-95.8881,36.1984,206.00,98.00,65.00,34.24,11.00,30.01
TUL,2026-08-31 18:53,-95.8881,36.1984,206.00,100.00,61.00,28.01,10.00,29.99
TUL,2026-08-31 19:53,-95.8881,36.1984,206.00,100.00,60.00,27.04,11.00,29.97
TUL,2026-08-31 20:53,-95.8881,36.1984,206.00,99.00,59.00,26.88,12.00,29.95
TUL,2026-08-31 21:53,-95.8881,36.1984,206.00,101.00,59.00,25.32,14.00,29.94
TUL,2026-08-31 22:53,-95.8881,36.1984,206.00,100.00,59.00,26.09,11.00,29.93
TUL,2026-08-31 23:53,-95.8881,36.1984,206.00,98.00,60.00,28.72,10.00,29.93
TUL,2026-09-01 00:53,-95.8881,36.1984,206.00,96.00,59.00,29.45,9.00,29.93
TUL,2026-09-01 01:53,-95.8881,36.1984,206.00,90.00,61.00,38.06,4.00,29.94
TUL,2026-09-01 02:53,-95.8881,36.1984,206.00,85.00,63.00,47.84,4.00,29.96
TUL,2026-09-01 03:53,-95.8881,36.1984,206.00,86.00,64.00,47.99,5.00,29.97
TUL,2026-09-01 04:53,-95.8881,36.1984,206.00,82.00,65.00,56.51,6.00,29.98
TUL,2026-09-01 05:53,-95.8881,36.1984,206.00,84.00,62.00,47.69,5.00,29.99
TUL,2026-09-01 06:53,-95.8881,36.1984,206.00,86.00,62.00,44.74,5.00,29.99
TUL,2026-09-01 07:53,-95.8881,36.1984,206.00,86.00,62.00,44.74,9.00,30.00
TUL,2026-09-01 08:53,-95.8881,36.1984,206.00,86.00,62.00,44.74,9.00,30.00
TUL,2026-09-01 09:53,-95.8881,36.1984,206.00,84.00,63.00,49.40,10.00,30.01
TUL,2026-09-01 10:53,-95.8881,36.1984,206.00,83.00,64.00,52.84,9.00,30.02
TUL,2026-09-01 11:53,-95.8881,36.1984,206.00,82.00,65.00,56.51,8.00,30.03
TUL,2026-09-01 12:53,-95.8881,36.1984,206.00,83.00,66.00,56.65,7.00,30.05
TUL,2026-09-01 13:53,-95.8881,36.1984,206.00,87.00,67.00,51.60,9.00,30.06
TUL,2026-09-01 14:53,-95.8881,36.1984,206.00,88.00,68.00,51.75,8.00,30.06
TUL,2026-09-01 15:53,-95.8881,36.1984,206.00,91.00,68.00,47.10,6.00,30.05
TUL,2026-09-01 16:53,-95.8881,36.1984,206.00,94.00,68.00,42.92,6.00,30.04
TUL,2026-09-01 17:53,-95.8881,36.1984,206.00,97.00,67.00,37.83,6.00,30.02
TUL,2026-09-01 18:53,-95.8881,36.1984,206.00,99.00,65.00,33.22,M,29.99
TUL,2026-09-01 19:53,-95.8881,36.1984,206.00,101.00,65.00,31.29,6.00,29.97
TUL,2026-09-01 20:53,-95.8881,36.1984,206.00,100.00,62.00,29.02,11.00,29.95
TUL,2026-09-01 21:53,-95.8881,36.1984,206.00,101.00,60.00,26.24,12.00,29.93
TUL,2026-09-01 22:53,-95.8881,36.1984,206.00,100.00,60.00,27.04,9.00,29.93
TUL,2026-09-01 23:53,-95.8881,36.1984,206.00,99.00,61.00,28.87,10.00,29.92
TUL,2026-09-02 00:53,-95.8881,36.1984,206.00,91.00,64.00,41.00,7.00,29.92
TUL,2026-09-02 01:53,-95.8881,36.1984,206.00,90.00,65.00,43.80,3.00,29.92
TUL,2026-09-02 02:53,-95.8881,36.1984,206.00,88.00,65.00,46.65,4.00,29.95
TUL,2026-09-02 03:53,-95.8881,36.1984,206.00,87.00,65.00,48.15,3.00,29.96
TUL,2026-09-02 04:53,-95.8881,36.1984,206.00,88.00,65.00,46.65,4.00,29.96
TUL,2026-09-02 05:53,-95.8881,36.1984,206.00,82.00,66.00,58.51,3.00,29.97
TUL,2026-09-02 06:53,-95.8881,36.1984,206.00,88.00,65.00,46.65,10.00,29.98
TUL,2026-09-02 07:53,-95.8881,36.1984,206.00,86.00,65.00,49.70,10.00,29.98
TUL,2026-09-02 08:53,-95.8881,36.1984,206.00,85.00,66.00,53.12,10.00,29.98
TUL,2026-09-02 09:53,-95.8881,36.1984,206.00,83.00,66.00,56.65,7.00,29.99
TUL,2026-09-02 10:53,-95.8881,36.1984,206.00,82.00,66.00,58.51,7.00,30.00
TUL,2026-09-02 11:53,-95.8881,36.1984,206.00,82.00,67.00,60.57,8.00,30.01
TUL,2026-09-02 12:53,-95.8881,36.1984,206.00,82.00,68.00,62.69,8.00,30.03
TUL,2026-09-02 13:53,-95.8881,36.1984,206.00,86.00,69.00,57.06,9.00,30.03
TUL,2026-09-02 14:53,-95.8881,36.1984,206.00,88.00,70.00,55.41,11.00,30.03
TUL,2026-09-02 15:53,-95.8881,36.1984,206.00,92.00,70.00,48.89,10.00,30.03
TUL,2026-09-02 16:53,-95.8881,36.1984,206.00,94.00,70.00,45.96,10.00,30.02
TUL,2026-09-02 17:53,-95.8881,36.1984,206.00,96.00,67.00,39.00,10.00,29.99
TUL,2026-09-02 18:53,-95.8881,36.1984,206.00,97.00,67.00,37.83,10.00,29.97
TUL,2026-09-02 19:53,-95.8881,36.1984,206.00,99.00,66.00,34.40,11.00,29.94
TUL,2026-09-02 20:53,-95.8881,36.1984,206.00,99.00,65.00,33.22,5.00,29.92
TUL,2026-09-02 21:53,-95.8881,36.1984,206.00,100.00,65.00,32.24,12.00,29.90
TUL,2026-09-02 22:53,-95.8881,36.1984,206.00,100.00,64.00,31.13,11.00,29.88
TUL,2026-09-02 23:53,-95.8881,36.1984,206.00,98.00,64.00,33.07,9.00,29.88
TUL,2026-09-03 00:53,-95.8881,36.1984,206.00,96.00,64.00,35.14,7.00,29.88
TUL,2026-09-03 01:53,-95.8881,36.1984,206.00,90.00,66.00,45.35,5.00,29.89
TUL,2026-09-03 02:53,-95.8881,36.1984,206.00,89.00,66.00,46.80,5.00,29.91
TUL,2026-09-03 03:53,-95.8881,36.1984,206.00,91.00,65.00,42.46,10.00,29.91
TUL,2026-09-03 04:53,-95.8881,36.1984,206.00,90.00,66.00,45.35,14.00,29.92
TUL,2026-09-03 05:53,-95.8881,36.1984,206.00,88.00,67.00,50.00,11.00,29.93
TUL,2026-09-03 06:53,-95.8881,36.1984,206.00,86.00,68.00,55.13,12.00,29.93
TUL,2026-09-03 07:53,-95.8881,36.1984,206.00,84.00,68.00,58.77,9.00,29.93
TUL,2026-09-03 08:53,-95.8881,36.1984,206.00,83.00,68.00,60.70,9.00,29.94
TUL,2026-09-03 09:53,-95.8881,36.1984,206.00,82.00,69.00,64.88,10.00,29.95
TUL,2026-09-03 10:53,-95.8881,36.1984,206.00,81.00,69.00,67.01,10.00,29.95
TUL,2026-09-03 11:53,-95.8881,36.1984,206.00,80.00,69.00,69.23,10.00,29.96
TUL,2026-09-03 12:53,-95.8881,36.1984,206.00,81.00,70.00,69.34,10.00,29.97
TUL,2026-09-03 13:53,-95.8881,36.1984,206.00,83.00,70.00,65.00,13.00,29.97
TUL,2026-09-03 14:53,-95.8881,36.1984,206.00,85.00,71.00,63.06,13.00,29.96
TUL,2026-09-03 15:53,-95.8881,36.1984,206.00,88.00,71.00,57.33,12.00,29.96
TUL,2026-09-03 16:53,-95.8881,36.1984,206.00,92.00,69.00,47.25,14.00,29.94
TUL,2026-09-03 17:53,-95.8881,36.1984,206.00,95.00,69.00,43.07,17.00,29.92
TUL,2026-09-03 18:53,-95.8881,36.1984,206.00,96.00,69.00,41.78,17.00,29.90
TUL,2026-09-03 19:53,-95.8881,36.1984,206.00,96.00,69.00,41.78,13.00,29.89
TUL,2026-09-03 20:53,-95.8881,36.1984,206.00,96.00,69.00,41.78,16.00,29.87
TUL,2026-09-03 21:53,-95.8881,36.1984,206.00,97.00,70.00,41.93,12.00,29.85
TUL,2026-09-03 22:53,-95.8881,36.1984,206.00,95.00,68.00,41.62,12.00,29.85
TUL,2026-09-03 23:53,-95.8881,36.1984,206.00,95.00,67.00,40.21,15.00,29.85
TUL,2026-09-04 00:53,-95.8881,36.1984,206.00,93.00,67.00,42.77,10.00,29.85
TUL,2026-09-04 01:53,-95.8881,36.1984,206.00,91.00,68.00,47.10,9.00,29.87
TUL,2026-09-04 02:53,-95.8881,36.1984,206.00,89.00,69.00,51.89,7.00,29.90
TUL,2026-09-04 03:53,-95.8881,36.1984,206.00,88.00,68.00,51.75,11.00,29.91
TUL,2026-09-04 04:53,-95.8881,36.1984,206.00,86.00,69.00,57.06,8.00,29.91
TUL,2026-09-04 05:53,-95.8881,36.1984,206.00,85.00,69.00,58.91,8.00,29.91
TUL,2026-09-04 06:53,-95.8881,36.1984,206.00,84.00,68.00,58.77,7.00,29.92
TUL,2026-09-04 07:53,-95.8881,36.1984,206.00,83.00,69.00,62.81,9.00,29.91
TUL,2026-09-04 08:53,-95.8881,36.1984,206.00,82.00,69.00,64.88,9.00,29.92
TUL,2026-09-04 09:53,-95.8881,36.1984,206.00,81.00,70.00,69.34,8.00,29.93
TUL,2026-09-04 10:53,-95.8881,36.1984,206.00,80.00,70.00,71.64,8.00,29.94
TUL,2026-09-04 11:53,-95.8881,36.1984,206.00,79.00,70.00,74.02,8.00,29.96
TUL,2026-09-04 12:53,-95.8881,36.1984,206.00,80.00,70.00,71.64,9.00,29.96
TUL,2026-09-04 13:53,-95.8881,36.1984,206.00,82.00,70.00,67.13,8.00,29.97
TUL,2026-09-04 14:53,-95.8881,36.1984,206.00,86.00,71.00,61.08,11.00,29.97
TUL,2026-09-04 15:53,-95.8881,36.1984,206.00,90.00,70.00,52.04,12.00,29.97
TUL,2026-09-04 16:53,-95.8881,36.1984,206.00,92.00,70.00,48.89,11.00,29.96
TUL,2026-09-04 17:53,-95.8881,36.1984,206.00,95.00,70.00,44.57,11.00,29.94
TUL,2026-09-04 18:53,-95.8881,36.1984,206.00,97.00,69.00,40.52,9.00,29.92
TUL,2026-09-04 19:53,-95.8881,36.1984,206.00,97.00,70.00,41.93,11.00,29.91
TUL,2026-09-04 20:53,-95.8881,36.1984,206.00,98.00,70.00,40.68,9.00,29.88
TUL,2026-09-04 21:53,-95.8881,36.1984,206.00,98.00,69.00,39.31,7.00,29.87
TUL,2026-09-04 22:53,-95.8881,36.1984,206.00,99.00,66.00,34.40,12.00,29.86
TUL,2026-09-04 23:53,-95.8881,36.1984,206.00,98.00,64.00,33.07,10.00,29.86
TUL,2026-09-05 00:53,-95.8881,36.1984,206.00,95.00,64.00,36.23,6.00,29.86
TUL,2026-09-05 01:53,-95.8881,36.1984,206.00,89.00,66.00,46.80,3.00,29.88
TUL,2026-09-05 02:53,-95.8881,36.1984,206.00,88.00,67.00,50.00,5.00,29.90
TUL,2026-09-05 03:53,-95.8881,36.1984,206.00,89.00,67.00,48.45,6.00,29.92
TUL,2026-09-05 04:53,-95.8881,36.1984,206.00,88.00,66.00,48.30,6.00,29.92
TUL,2026-09-05 05:53,-95.8881,36.1984,206.00,88.00,67.00,50.00,5.00,29.92
TUL,2026-09-05 06:53,-95.8881,36.1984,206.00,85.00,67.00,54.99,6.00,29.92
TUL,2026-09-05 07:53,-95.8881,36.1984,206.00,85.00,67.00,54.99,5.00,29.92
TUL,2026-09-05 08:53,-95.8881,36.1984,206.00,82.00,68.00,62.69,5.00,29.92
TUL,2026-09-05 09:53,-95.8881,36.1984,206.00,80.00,67.00,64.63,0.00,29.93
TUL,2026-09-05 10:53,-95.8881,36.1984,206.00,81.00,67.00,62.56,4.00,29.94
TUL,2026-09-05 11:53,-95.8881,36.1984,206.00,80.00,68.00,66.90,4.00,29.94
TUL,2026-09-05 12:53,-95.8881,36.1984,206.00,82.00,68.00,62.69,5.00,29.95
TUL,2026-09-05 13:53,-95.8881,36.1984,206.00,86.00,69.00,57.06,6.00,29.96
TUL,2026-09-05 14:53,-95.8881,36.1984,206.00,90.00,69.00,50.29,4.00,29.97
TUL,2026-09-05 15:53,-95.8881,36.1984,206.00,94.00,69.00,44.42,3.00,29.98
TUL,2026-09-05 16:53,-95.8881,36.1984,206.00,96.00,68.00,40.37,6.00,29.97
TUL,2026-09-05 17:53,-95.8881,36.1984,206.00,98.00,68.00,37.99,M,29.95
TUL,2026-09-05 18:53,-95.8881,36.1984,206.00,99.00,66.00,34.40,8.00,29.93
TUL,2026-09-05 19:53,-95.8881,36.1984,206.00,101.00,66.00,32.39,10.00,29.91
TUL,2026-09-05 20:53,-95.8881,36.1984,206.00,102.00,65.00,30.37,5.00,29.88
TUL,2026-09-05 21:53,-95.8881,36.1984,206.00,100.00,65.00,32.24,0.00,29.86
TUL,2026-09-05 22:53,-95.8881,36.1984,206.00,100.00,63.00,30.06,4.00,29.85
TUL,2026-09-05 23:53,-95.8881,36.1984,206.00,99.00,64.00,32.08,6.00,29.85
TUL,2026-09-06 00:53,-95.8881,36.1984,206.00,95.00,63.00,34.98,3.00,29.86
TUL,2026-09-06 01:53,-95.8881,36.1984,206.00,92.00,64.00,39.75,3.00,29.87
TUL,2026-09-06 02:53,-95.8881,36.1984,206.00,91.00,65.00,42.46,0.00,29.89
TUL,2026-09-06 03:53,-95.8881,36.1984,206.00,85.00,69.00,58.91,0.00,29.90
TUL,2026-09-06 04:53,-95.8881,36.1984,206.00,86.00,68.00,55.13,3.00,29.89
TUL,2026-09-06 05:53,-95.8881,36.1984,206.00,82.00,72.00,71.84,0.00,29.91
TUL,2026-09-06 06:53,-95.8881,36.1984,206.00,83.00,70.00,65.00,0.00,29.90
TUL,2026-09-06 07:53,-95.8881,36.1984,206.00,78.00,71.00,79.14,3.00,29.90
TUL,2026-09-06 08:53,-95.8881,36.1984,206.00,79.00,70.00,74.02,4.00,29.91
TUL,2026-09-06 09:53,-95.8881,36.1984,206.00,78.00,70.00,76.49,3.00,29.92
TUL,2026-09-06 10:53,-95.8881,36.1984,206.00,77.00,71.00,81.79,0.00,29.92
TUL,2026-09-06 11:53,-95.8881,36.1984,206.00,79.00,69.00,71.54,3.00,29.94
TUL,2026-09-06 12:53,-95.8881,36.1984,206.00,81.00,69.00,67.01,5.00,29.95
TUL,2026-09-06 13:53,-95.8881,36.1984,206.00,85.00,70.00,60.95,0.00,29.96
TUL,2026-09-06 14:53,-95.8881,36.1984,206.00,91.00,69.00,48.74,0.00,29.96
TUL,2026-09-06 15:53,-95.8881,36.1984,206.00,94.00,68.00,42.92,3.00,29.97
TUL,2026-09-06 16:53,-95.8881,36.1984,206.00,99.00,67.00,35.61,0.00,29.96
TUL,2026-09-06 17:53,-95.8881,36.1984,206.00,100.00,66.00,33.38,5.00,29.94
TUL,2026-09-06 18:53,-95.8881,36.1984,206.00,102.00,65.00,30.37,0.00,29.90
TUL,2026-09-06 19:53,-95.8881,36.1984,206.00,103.00,63.00,27.49,4.00,29.88
TUL,2026-09-06 20:53,-95.8881,36.1984,206.00,102.00,64.00,29.32,4.00,29.86
TUL,2026-09-06 21:53,-95.8881,36.1984,206.00,103.00,63.00,27.49,3.00,29.85
TUL,2026-09-06 22:53,-95.8881,36.1984,206.00,92.00,68.00,45.66,13.00,29.85
TUL,2026-09-06 23:53,-95.8881,36.1984,206.00,93.00,67.00,42.77,10.00,29.83
TUL,2026-09-07 00:53,-95.8881,36.1984,206.00,89.00,67.00,48.45,6.00,29.84
TUL,2026-09-07 01:53,-95.8881,36.1984,206.00,86.00,65.00,49.70,6.00,29.87
TUL,2026-09-07 02:53,-95.8881,36.1984,206.00,84.00,65.00,52.98,5.00,29.90
TUL,2026-09-07 03:53,-95.8881,36.1984,206.00,83.00,66.00,56.65,5.00,29.91
TUL,2026-09-07 04:53,-95.8881,36.1984,206.00,82.00,67.00,60.57,3.00,29.92
TUL,2026-09-07 05:53,-95.8881,36.1984,206.00,79.00,68.00,69.12,4.00,29.92
TUL,2026-09-07 06:53,-95.8881,36.1984,206.00,81.00,68.00,64.76,4.00,29.91
TUL,2026-09-07 07:53,-95.8881,36.1984,206.00,79.00,68.00,69.12,4.00,29.92
TUL,2026-09-07 08:53,-95.8881,36.1984,206.00,79.00,69.00,71.54,0.00,29.92
TUL,2026-09-07 09:53,-95.8881,36.1984,206.00,77.00,69.00,76.41,3.00,29.92
TUL,2026-09-07 10:53,-95.8881,36.1984,206.00,78.00,69.00,73.93,5.00,29.94
TUL,2026-09-07 11:53,-95.8881,36.1984,206.00,76.00,69.00,78.98,5.00,29.95
TUL,2026-09-07 12:53,-95.8881,36.1984,206.00,78.00,70.00,76.49,3.00,29.96
TUL,2026-09-07 13:53,-95.8881,36.1984,206.00,83.00,70.00,65.00,6.00,29.97
TUL,2026-09-07 14:53,-95.8881,36.1984,206.00,87.00,70.00,57.19,7.00,29.98
TUL,2026-09-07 15:53,-95.8881,36.1984,206.00,91.00,70.00,50.44,4.00,29.98
TUL,2026-09-07 16:53,-95.8881,36.1984,206.00,94.00,70.00,45.96,6.00,29.98
TUL,2026-09-07 17:53,-95.8881,36.1984,206.00,97.00,70.00,41.93,5.00,29.96
TUL,2026-09-07 18:53,-95.8881,36.1984,206.00,100.00,69.00,37.01,8.00,29.94
TUL,2026-09-07 19:53,-95.8881,36.1984,206.00,102.00,67.00,32.55,6.00,29.92
TUL,2026-09-07 20:53,-95.8881,36.1984,206.00,102.00,68.00,33.69,5.00,29.90
TUL,2026-09-07 21:53,-95.8881,36.1984,206.00,102.00,66.00,31.44,6.00,29.88
TUL,2026-09-07 22:53,-95.8881,36.1984,206.00,101.00,66.00,32.39,7.00,29.88
TUL,2026-09-07 23:53,-95.8881,36.1984,206.00,100.00,65.00,32.24,8.00,29.88
TUL,2026-09-08 00:53,-95.8881,36.1984,206.00,92.00,67.00,44.11,6.00,29.89
TUL,2026-09-08 01:53,-95.8881,36.1984,206.00,90.00,68.00,48.59,5.00,29.91
TUL,2026-09-08 02:53,-95.8881,36.1984,206.00,90.00,68.00,48.59,6.00,29.93
TUL,2026-09-08 03:53,-95.8881,36.1984,206.00,91.00,67.00,45.51,6.00,29.94
TUL,2026-09-08 04:53,-95.8881,36.1984,206.00,85.00,69.00,58.91,7.00,29.95
TUL,2026-09-08 05:53,-95.8881,36.1984,206.00,85.00,69.00,58.91,5.00,29.96
TUL,2026-09-08 06:53,-95.8881,36.1984,206.00,86.00,69.00,57.06,7.00,29.97
TUL,2026-09-08 07:53,-95.8881,36.1984,206.00,85.00,68.00,56.92,7.00,29.97
TUL,2026-09-08 08:53,-95.8881,36.1984,206.00,85.00,69.00,58.91,7.00,29.98
TUL,2026-09-08 09:53,-95.8881,36.1984,206.00,83.00,69.00,62.81,8.00,29.99
TUL,2026-09-08 10:53,-95.8881,36.1984,206.00,83.00,69.00,62.81,11.00,30.00
TUL,2026-09-08 11:53,-95.8881,36.1984,206.00,83.00,68.00,60.70,11.00,30.01
TUL,2026-09-08 12:53,-95.8881,36.1984,206.00,83.00,68.00,60.70,10.00,30.04
TUL,2026-09-08 13:53,-95.8881,36.1984,206.00,86.00,68.00,55.13,11.00,30.06
TUL,2026-09-08 14:53,-95.8881,36.1984,206.00,90.00,69.00,50.29,9.00,30.07
TUL,2026-09-08 15:53,-95.8881,36.1984,206.00,93.00,70.00,47.40,10.00,30.07
TUL,2026-09-08 16:53,-95.8881,36.1984,206.00,96.00,70.00,43.23,11.00,30.06
TUL,2026-09-08 17:53,-95.8881,36.1984,206.00,98.00,70.00,40.68,8.00,30.03
TUL,2026-09-08 18:53,-95.8881,36.1984,206.00,99.00,69.00,38.14,7.00,30.00
TUL,2026-09-08 19:53,-95.8881,36.1984,206.00,102.00,68.00,33.69,11.00,29.99
TUL,2026-09-08 20:53,-95.8881,36.1984,206.00,102.00,67.00,32.55,6.00,29.98
TUL,2026-09-08 21:53,-95.8881,36.1984,206.00,102.00,65.00,30.37,12.00,29.96
TUL,2026-09-08 22:53,-95.8881,36.1984,206.00,102.00,66.00,31.44,11.00,29.96
TUL,2026-09-08 23:53,-95.8881,36.1984,206.00,100.00,66.00,33.38,9.00,29.96
TUL,2026-09-09 00:53,-95.8881,36.1984,206.00,98.00,65.00,34.24,7.00,29.96
TUL,2026-09-09 01:53,-95.8881,36.1984,206.00,92.00,67.00,44.11,4.00,29.98
TUL,2026-09-09 02:53,-95.8881,36.1984,206.00,94.00,66.00,40.06,9.00,30.01
TUL,2026-09-09 03:53,-95.8881,36.1984,206.00,92.00,66.00,42.61,8.00,30.01
TUL,2026-09-09 04:53,-95.8881,36.1984,206.00,91.00,67.00,45.51,6.00,30.01
TUL,2026-09-09 05:53,-95.8881,36.1984,206.00,90.00,66.00,45.35,9.00,30.02
TUL,2026-09-09 06:53,-95.8881,36.1984,206.00,89.00,67.00,48.45,9.00,30.02
TUL,2026-09-09 07:53,-95.8881,36.1984,206.00,88.00,67.00,50.00,10.00,30.02
TUL,2026-09-09 08:53,-95.8881,36.1984,206.00,87.00,67.00,51.60,9.00,30.03
TUL,2026-09-09 09:53,-95.8881,36.1984,206.00,86.00,68.00,55.13,11.00,30.04
TUL,2026-09-09 10:53,-95.8881,36.1984,206.00,85.00,69.00,58.91,9.00,30.05
TUL,2026-09-09 11:53,-95.8881,36.1984,206.00,84.00,70.00,62.94,9.00,30.07
TUL,2026-09-09 12:53,-95.8881,36.1984,206.00,84.00,71.00,65.11,8.00,30.09
TUL,2026-09-09 13:53,-95.8881,36.1984,206.00,87.00,71.00,59.17,10.00,30.09
TUL,2026-09-09 14:53,-95.8881,36.1984,206.00,90.00,72.00,55.69,14.00,30.09
TUL,2026-09-09 15:53,-95.8881,36.1984,206.00,92.00,72.00,52.32,12.00,30.08
TUL,2026-09-09 16:53,-95.8881,36.1984,206.00,97.00,72.00,44.87,10.00,30.08
TUL,2026-09-09 17:53,-95.8881,36.1984,206.00,98.00,70.00,40.68,12.00,30.05
TUL,2026-09-09 18:53,-95.8881,36.1984,206.00,101.00,69.00,35.92,12.00,30.01
TUL,2026-09-09 19:53,-95.8881,36.1984,206.00,101.00,68.00,34.71,8.00,29.99
TUL,2026-09-09 20:53,-95.8881,36.1984,206.00,101.00,67.00,33.53,9.00,29.95
TUL,2026-09-09 21:53,-95.8881,36.1984,206.00,102.00,67.00,32.55,9.00,29.93
TUL,2026-09-09 22:53,-95.8881,36.1984,206.00,101.00,66.00,32.39,12.00,29.93
TUL,2026-09-10 00:53,-95.8881,36.1984,206.00,98.00,65.00,34.24,8.00,29.94
TUL,2026-09-10 01:53,-95.8881,36.1984,206.00,95.00,66.00,38.85,7.00,29.95
TUL,2026-09-10 02:53,-95.8881,36.1984,206.00,94.00,65.00,38.69,10.00,29.97
TUL,2026-09-10 03:53,-95.8881,36.1984,206.00,93.00,65.00,39.90,11.00,29.96
TUL,2026-09-10 04:53,-95.8881,36.1984,206.00,92.00,64.00,39.75,12.00,29.96
TUL,2026-09-10 05:53,-95.8881,36.1984,206.00,90.00,64.00,42.30,12.00,29.96
TUL,2026-09-10 06:53,-95.8881,36.1984,206.00,89.00,64.00,43.65,13.00,29.96
TUL,2026-09-10 07:53,-95.8881,36.1984,206.00,88.00,65.00,46.65,12.00,29.95
TUL,2026-09-10 08:53,-95.8881,36.1984,206.00,86.00,66.00,51.46,15.00,29.95
TUL,2026-09-10 09:53,-95.8881,36.1984,206.00,86.00,67.00,53.27,12.00,29.99
TUL,2026-09-10 10:53,-95.8881,36.1984,206.00,80.00,70.00,71.64,9.00,30.03
TUL,2026-09-10 11:53,-95.8881,36.1984,206.00,77.00,71.00,81.79,6.00,30.03
TUL,2026-09-10 12:53,-95.8881,36.1984,206.00,77.00,71.00,81.79,4.00,30.03
TUL,2026-09-10 13:53,-95.8881,36.1984,206.00,74.00,72.00,93.49,10.00,30.06
TUL,2026-09-10 14:53,-95.8881,36.1984,206.00,73.00,71.00,93.47,14.00,30.11
TUL,2026-09-10 15:53,-95.8881,36.1984,206.00,70.00,69.00,96.64,9.00,30.10
TUL,2026-09-10 16:53,-95.8881,36.1984,206.00,72.00,70.00,93.44,7.00,30.10
TUL,2026-09-10 17:53,-95.8881,36.1984,206.00,72.00,69.00,90.30,9.00,30.03
TUL,2026-09-10 18:53,-95.8881,36.1984,206.00,75.00,68.00,78.90,9.00,29.99
TUL,2026-09-10 19:53,-95.8881,36.1984,206.00,78.00,67.00,69.01,8.00,29.97
TUL,2026-09-10 20:53,-95.8881,36.1984,206.00,79.00,66.00,64.51,5.00,29.95
TUL,2026-09-10 21:53,-95.8881,36.1984,206.00,78.00,68.00,71.43,8.00,29.97
TUL,2026-09-10 22:53,-95.8881,36.1984,206.00,76.00,70.00,81.72,10.00,29.97
TUL,2026-09-10 23:53,-95.8881,36.1984,206.00,76.00,69.00,78.98,7.00,29.95
TUL,2026-09-11 00:53,-95.8881,36.1984,206.00,75.00,69.00,81.65,7.00,29.95
TUL,2026-09-11 01:53,-95.8881,36.1984,206.00,75.00,69.00,81.65,5.00,29.96
TUL,2026-09-11 02:53,-95.8881,36.1984,206.00,76.00,69.00,78.98,0.00,29.98
TUL,2026-09-11 03:53,-95.8881,36.1984,206.00,76.00,69.00,78.98,0.00,29.97
TUL,2026-09-11 04:53,-95.8881,36.1984,206.00,73.00,70.00,90.34,4.00,29.95
TUL,2026-09-11 05:53,-95.8881,36.1984,206.00,72.00,70.00,93.44,3.00,29.96
TUL,2026-09-11 06:53,-95.8881,36.1984,206.00,72.00,69.00,90.30,5.00,29.95
TUL,2026-09-11 07:53,-95.8881,36.1984,206.00,71.00,69.00,93.41,3.00,29.94
TUL,2026-09-11 08:53,-95.8881,36.1984,206.00,70.00,69.00,96.64,4.00,29.93
TUL,2026-09-11 09:53,-95.8881,36.1984,206.00,69.00,68.00,96.63,0.00,29.93
TUL,2026-09-11 10:53,-95.8881,36.1984,206.00,69.00,68.00,96.63,4.00,29.94
TUL,2026-09-11 11:53,-95.8881,36.1984,206.00,69.00,68.00,96.63,3.00,29.94
TUL,2026-09-11 12:53,-95.8881,36.1984,206.00,70.00,68.00,93.38,3.00,29.95
TUL,2026-09-11 13:53,-95.8881,36.1984,206.00,75.00,70.00,84.49,0.00,29.95
TUL,2026-09-11 14:53,-95.8881,36.1984,206.00,78.00,70.00,76.49,6.00,29.94
TUL,2026-09-11 15:53,-95.8881,36.1984,206.00,81.00,71.00,71.74,5.00,29.94
TUL,2026-09-11 16:53,-95.8881,36.1984,206.00,84.00,70.00,62.94,4.00,29.92
TUL,2026-09-11 17:53,-95.8881,36.1984,206.00,87.00,69.00,55.27,0.00,29.89
TUL,2026-09-11 18:53,-95.8881,36.1984,206.00,88.00,68.00,51.75,3.00,29.86
TUL,2026-09-11 19:53,-95.8881,36.1984,206.00,91.00,67.00,45.51,0.00,29.83
TUL,2026-09-11 20:53,-95.8881,36.1984,206.00,91.00,66.00,43.96,0.00,29.80
